<doc>
  <assembly>
    <name>Microsoft.Win32.Primitives</name>
  </assembly>
  <members>
    <member name="T:System.ComponentModel.Win32Exception">
      <summary>Win32 エラー コードの例外をスローします。</summary>
    </member>
    <member name="M:System.ComponentModel.Win32Exception.#ctor">
      <summary>最後に発生した Win32 エラーを使用して、<see cref="T:System.ComponentModel.Win32Exception" /> クラスの新しいインスタンスを初期化します。</summary>
    </member>
    <member name="M:System.ComponentModel.Win32Exception.#ctor(System.Int32)">
      <summary>指定したエラーを使用して、<see cref="T:System.ComponentModel.Win32Exception" /> クラスの新しいインスタンスを初期化します。</summary>
      <param name="error">この例外に関連付けられている Win32 エラー コード。</param>
    </member>
    <member name="M:System.ComponentModel.Win32Exception.#ctor(System.Int32,System.String)">
      <summary>指定したエラーと詳細説明を使用して、<see cref="T:System.ComponentModel.Win32Exception" /> クラスの新しいインスタンスを初期化します。</summary>
      <param name="error">この例外に関連付けられている Win32 エラー コード。</param>
      <param name="message">エラーの詳細説明。</param>
    </member>
    <member name="M:System.ComponentModel.Win32Exception.#ctor(System.Runtime.Serialization.SerializationInfo,System.Runtime.Serialization.StreamingContext)">
      <summary>指定したコンテキスト情報とシリアル化情報で、<see cref="T:System.ComponentModel.Win32Exception" /> クラスの新しいインスタンスを初期化します。</summary>
      <param name="info">この例外に関連付けられている <see cref="T:System.Runtime.Serialization.SerializationInfo" />。</param>
      <param name="context">この例外のコンテキストを表す <see cref="T:System.Runtime.Serialization.StreamingContext" /> オブジェクト。</param>
    </member>
    <member name="M:System.ComponentModel.Win32Exception.#ctor(System.String)">
      <summary>詳細説明を指定して、<see cref="T:System.ComponentModel.Win32Exception" /> クラスの新しいインスタンスを初期化します。</summary>
      <param name="message">エラーの詳細説明。</param>
    </member>
    <member name="M:System.ComponentModel.Win32Exception.#ctor(System.String,System.Exception)">
      <summary>詳細説明と例外を指定して、<see cref="T:System.ComponentModel.Win32Exception" /> クラスの新しいインスタンスを初期化します。</summary>
      <param name="message">エラーの詳細説明。</param>
      <param name="innerException">この例外の原因である内部例外への参照。</param>
    </member>
    <member name="M:System.ComponentModel.Win32Exception.GetObjectData(System.Runtime.Serialization.SerializationInfo,System.Runtime.Serialization.StreamingContext)">
      <summary>ファイル名とこの <see cref="T:System.Runtime.Serialization.SerializationInfo" /> が発生する行番号を使用して、<see cref="T:System.ComponentModel.Win32Exception" /> オブジェクトを設定します。</summary>
      <param name="info">
        <see cref="T:System.Runtime.Serialization.SerializationInfo" />。</param>
      <param name="context">転送元または転送先に関するコンテキスト情報。</param>
      <exception cref="T:System.ArgumentNullException">
        <paramref name="info" /> が <see langword="null" />です。</exception>
    </member>
    <member name="M:System.ComponentModel.Win32Exception.ToString">
      <summary>
        <see cref="P:System.ComponentModel.Win32Exception.NativeErrorCode" />、または <see cref="P:System.Exception.HResult" />、または両方を含む文字列を返します。</summary>
      <returns>
        <see cref="P:System.ComponentModel.Win32Exception.NativeErrorCode" />、または <see cref="P:System.Exception.HResult" />、または両方を表す文字列。</returns>
    </member>
    <member name="P:System.ComponentModel.Win32Exception.NativeErrorCode">
      <summary>この例外に関連付けられている Win32 エラー コードを取得します。</summary>
      <returns>この例外に関連付けられている Win32 エラー コード。</returns>
    </member>
  </members>
</doc>