<doc>
  <assembly>
    <name>System.Threading.ThreadPool</name>
  </assembly>
  <members>
    <member name="T:System.Threading.IThreadPoolWorkItem">
      <summary>
        <see cref="T:System.Threading.ThreadPool" /> で実行できる作業項目を表します。</summary>
    </member>
    <member name="M:System.Threading.IThreadPoolWorkItem.Execute">
      <summary>スレッド プールの作業項目を実行します。</summary>
    </member>
    <member name="T:System.Threading.RegisteredWaitHandle">
      <summary>
        <see cref="M:System.Threading.ThreadPool.RegisterWaitForSingleObject(System.Threading.WaitHandle,System.Threading.WaitOrTimerCallback,System.Object,System.UInt32,System.Boolean)" /> を呼び出すときに登録されたハンドルを表します。 このクラスは継承できません。</summary>
    </member>
    <member name="M:System.Threading.RegisteredWaitHandle.Unregister(System.Threading.WaitHandle)">
      <summary>
        <see cref="M:System.Threading.ThreadPool.RegisterWaitForSingleObject(System.Threading.WaitHandle,System.Threading.WaitOrTimerCallback,System.Object,System.UInt32,System.Boolean)" /> メソッドで実行した登録済みの待機操作を取り消します。</summary>
      <param name="waitObject">シグナル状態になる <see cref="T:System.Threading.WaitHandle" />。</param>
      <returns>関数が成功した場合は <see langword="true" />。それ以外の場合は <see langword="false" />。</returns>
    </member>
    <member name="T:System.Threading.ThreadPool">
      <summary>タスクの実行、作業項目のポスト、非同期 I/O の処理、他のスレッドの代理で行う待機、およびタイマーの処理に使用できるスレッドのプールを提供します。</summary>
    </member>
    <member name="M:System.Threading.ThreadPool.BindHandle(System.IntPtr)">
      <summary>オペレーティング システム ハンドルを <see cref="T:System.Threading.ThreadPool" /> にバインドします。</summary>
      <param name="osHandle">ハンドルを保持する <see cref="T:System.IntPtr" />。 ハンドルは、アンマネージ側の重複 I/O 用に開かれている必要があります。</param>
      <exception cref="T:System.Security.SecurityException">呼び出し元に、必要なアクセス許可がありません。</exception>
      <returns>ハンドルがバインドされている場合は <see langword="true" />。それ以外の場合は <see langword="false" />。</returns>
    </member>
    <member name="M:System.Threading.ThreadPool.BindHandle(System.Runtime.InteropServices.SafeHandle)">
      <summary>オペレーティング システム ハンドルを <see cref="T:System.Threading.ThreadPool" /> にバインドします。</summary>
      <param name="osHandle">オペレーティング システム ハンドルを保持する <see cref="T:System.Runtime.InteropServices.SafeHandle" />。 ハンドルは、アンマネージ側の重複 I/O 用に開かれている必要があります。</param>
      <exception cref="T:System.ArgumentNullException">
        <paramref name="osHandle" /> は <see langword="null" /> です。</exception>
      <returns>ハンドルがバインドされている場合は <see langword="true" />。それ以外の場合は <see langword="false" />。</returns>
    </member>
    <member name="M:System.Threading.ThreadPool.GetAvailableThreads(System.Int32@,System.Int32@)">
      <summary>スレッド プール スレッドの最大数 (<see cref="M:System.Threading.ThreadPool.GetMaxThreads(System.Int32@,System.Int32@)" /> メソッドから返される) と現在アクティブなスレッドの数との差を取得します。</summary>
      <param name="workerThreads">使用できるワーカー スレッドの数。</param>
      <param name="completionPortThreads">使用できる非同期 I/O スレッドの数。</param>
    </member>
    <member name="M:System.Threading.ThreadPool.GetMaxThreads(System.Int32@,System.Int32@)">
      <summary>同時にアクティブにできるスレッド プールへの要求の数を取得します。 この数を超える要求はすべて、スレッド プール スレッドが使用可能になるまでキューに置かれたままになります。</summary>
      <param name="workerThreads">スレッド プール内のワーカー スレッドの最大数。</param>
      <param name="completionPortThreads">スレッド プール内の非同期 I/O スレッドの最大数。</param>
    </member>
    <member name="M:System.Threading.ThreadPool.GetMinThreads(System.Int32@,System.Int32@)">
      <summary>スレッドがオンデマンドで (新しい要求の発生ごとに) 作成するスレッド プールの数を取得します。この数を超えると、スレッドの作成と破棄を管理するためのアルゴリズムに切り替わります。</summary>
      <param name="workerThreads">このメソッドが戻るとき、スレッド プールがオンデマンドで作成するワーカー スレッドの最小数が含まれています。</param>
      <param name="completionPortThreads">このメソッドが戻るとき、スレッド プールがオンデマンドで作成する非同期 I/O スレッドの最小数が含まれています。</param>
    </member>
    <member name="M:System.Threading.ThreadPool.QueueUserWorkItem(System.Threading.WaitCallback)">
      <summary>メソッドを実行するためのキューに置きます。 メソッドは、スレッド プール スレッドが使用可能になったときに実行されます。</summary>
      <param name="callBack">実行するメソッドを表す <see cref="T:System.Threading.WaitCallback" />。</param>
      <exception cref="T:System.ArgumentNullException">
        <paramref name="callBack" /> は <see langword="null" /> です。</exception>
      <exception cref="T:System.NotSupportedException">共通言語ランタイム (CLR) がホストされており、ホストではこのアクションがサポートされていません。</exception>
      <returns>メソッドが正常にキューに配置された場合は <see langword="true" />。作業項目をキューに配置できなかった場合は <see cref="T:System.NotSupportedException" /> がスローされます。</returns>
    </member>
    <member name="M:System.Threading.ThreadPool.QueueUserWorkItem(System.Threading.WaitCallback,System.Object)">
      <summary>実行するためのキューにメソッドを置き、そのメソッドが使用するデータを含んだオブジェクトを指定します。 メソッドは、スレッド プール スレッドが使用可能になったときに実行されます。</summary>
      <param name="callBack">実行するメソッドを表す <see cref="T:System.Threading.WaitCallback" />。</param>
      <param name="state">メソッドが使用するデータを格納したオブジェクト。</param>
      <exception cref="T:System.NotSupportedException">共通言語ランタイム (CLR) がホストされており、ホストではこのアクションがサポートされていません。</exception>
      <exception cref="T:System.ArgumentNullException">
        <paramref name="callBack" /> は <see langword="null" /> です。</exception>
      <returns>メソッドが正常にキューに配置された場合は <see langword="true" />。作業項目をキューに配置できなかった場合は <see cref="T:System.NotSupportedException" /> がスローされます。</returns>
    </member>
    <member name="M:System.Threading.ThreadPool.QueueUserWorkItem``1(System.Action{``0},``0,System.Boolean)">
      <summary>実行用に <see cref="T:System.Action`1" /> デリゲートで指定したメソッドをキューに入れ、メソッドで使うデータを指定します。 メソッドは、スレッド プール スレッドが使用可能になったときに実行されます。</summary>
      <param name="callBack">実行するメソッドを表す <see cref="T:System.Action`1" />。</param>
      <param name="state">メソッドが使用するデータを格納したオブジェクト。</param>
      <param name="preferLocal">現在のスレッドに近いキューに作業項目を入れる場合は <see langword="true" />。スレッド プールの共有キューに作業項目を入れる場合は <see langword="false" />。</param>
      <typeparam name="TState">
        <paramref name="state" /> の要素の型。</typeparam>
      <returns>メソッドが正常にキューに配置された場合は <see langword="true" />。作業項目をキューに配置できなかった場合は <see cref="T:System.NotSupportedException" /> がスローされます。</returns>
    </member>
    <member name="M:System.Threading.ThreadPool.RegisterWaitForSingleObject(System.Threading.WaitHandle,System.Threading.WaitOrTimerCallback,System.Object,System.Int32,System.Boolean)">
      <summary>ミリ秒単位のタイムアウトとして 32 ビット符号付き整数を指定して、<see cref="T:System.Threading.WaitHandle" /> を待機するデリゲートを登録します。</summary>
      <param name="waitObject">登録する <see cref="T:System.Threading.WaitHandle" />。 <see cref="T:System.Threading.Mutex" /> 以外の <see cref="T:System.Threading.WaitHandle" /> を使用します。</param>
      <param name="callBack">
        <paramref name="waitObject" /> パラメーターがシグナル通知されたときに呼び出す <see cref="T:System.Threading.WaitOrTimerCallback" /> デリゲート。</param>
      <param name="state">デリゲートに渡されるオブジェクト。</param>
      <param name="millisecondsTimeOutInterval">ミリ秒単位のタイムアウト。 <paramref name="millisecondsTimeOutInterval" /> パラメーターが 0 (ゼロ) の場合、関数はオブジェクトの状態をテストして、すぐに制御を戻します。 <paramref name="millisecondsTimeOutInterval" /> が -1 の場合、関数はタイムアウトしません。</param>
      <param name="executeOnlyOnce">デリゲートの呼び出し後、スレッドが <paramref name="waitObject" /> パラメーターを待機しなくなる場合は <see langword="true" />。待機が登録解除されるまでは、待機操作が完了するたびにタイマーをリセットする場合は <see langword="false" />。</param>
      <exception cref="T:System.ArgumentOutOfRangeException">
        <paramref name="millisecondsTimeOutInterval" /> パラメーターが -1 未満。</exception>
      <returns>ネイティブ ハンドルをカプセル化する <see cref="T:System.Threading.RegisteredWaitHandle" />。</returns>
    </member>
    <member name="M:System.Threading.ThreadPool.RegisterWaitForSingleObject(System.Threading.WaitHandle,System.Threading.WaitOrTimerCallback,System.Object,System.Int64,System.Boolean)">
      <summary>64 ビット符号付き整数でミリ秒単位のタイムアウトを指定して、<see cref="T:System.Threading.WaitHandle" /> を待機するデリゲートを登録します。</summary>
      <param name="waitObject">登録する <see cref="T:System.Threading.WaitHandle" />。 <see cref="T:System.Threading.Mutex" /> 以外の <see cref="T:System.Threading.WaitHandle" /> を使用します。</param>
      <param name="callBack">
        <paramref name="waitObject" /> パラメーターがシグナル通知されたときに呼び出す <see cref="T:System.Threading.WaitOrTimerCallback" /> デリゲート。</param>
      <param name="state">デリゲートに渡されたオブジェクト。</param>
      <param name="millisecondsTimeOutInterval">ミリ秒単位のタイムアウト。 <paramref name="millisecondsTimeOutInterval" /> パラメーターが 0 (ゼロ) の場合、関数はオブジェクトの状態をテストして、すぐに制御を戻します。 <paramref name="millisecondsTimeOutInterval" /> が -1 の場合、関数はタイムアウトしません。</param>
      <param name="executeOnlyOnce">デリゲートの呼び出し後、スレッドが <paramref name="waitObject" /> パラメーターを待機しなくなる場合は <see langword="true" />。待機が登録解除されるまでは、待機操作が完了するたびにタイマーをリセットする場合は <see langword="false" />。</param>
      <exception cref="T:System.ArgumentOutOfRangeException">
        <paramref name="millisecondsTimeOutInterval" /> パラメーターが -1 未満。</exception>
      <returns>ネイティブ ハンドルをカプセル化する <see cref="T:System.Threading.RegisteredWaitHandle" />。</returns>
    </member>
    <member name="M:System.Threading.ThreadPool.RegisterWaitForSingleObject(System.Threading.WaitHandle,System.Threading.WaitOrTimerCallback,System.Object,System.TimeSpan,System.Boolean)">
      <summary>
        <see cref="T:System.TimeSpan" /> 値をタイムアウトとして指定して、<see cref="T:System.Threading.WaitHandle" /> を待機するデリゲートを登録します。</summary>
      <param name="waitObject">登録する <see cref="T:System.Threading.WaitHandle" />。 <see cref="T:System.Threading.Mutex" /> 以外の <see cref="T:System.Threading.WaitHandle" /> を使用します。</param>
      <param name="callBack">
        <paramref name="waitObject" /> パラメーターがシグナル通知されたときに呼び出す <see cref="T:System.Threading.WaitOrTimerCallback" /> デリゲート。</param>
      <param name="state">デリゲートに渡されたオブジェクト。</param>
      <param name="timeout">
        <see cref="T:System.TimeSpan" /> で表されるタイムアウト。 <paramref name="timeout" /> が 0 (ゼロ) の場合、関数はオブジェクトの状態をテストして、すぐに制御を戻します。 <paramref name="timeout" /> が -1 の場合、関数はタイムアウトしません。</param>
      <param name="executeOnlyOnce">デリゲートの呼び出し後、スレッドが <paramref name="waitObject" /> パラメーターを待機しなくなる場合は <see langword="true" />。待機が登録解除されるまでは、待機操作が完了するたびにタイマーをリセットする場合は <see langword="false" />。</param>
      <exception cref="T:System.ArgumentOutOfRangeException">
        <paramref name="timeout" /> パラメーターが -1 未満。</exception>
      <exception cref="T:System.NotSupportedException">
        <paramref name="timeout" /> パラメーターが <see cref="F:System.Int32.MaxValue" /> より大きい値です。</exception>
      <returns>ネイティブ ハンドルをカプセル化する <see cref="T:System.Threading.RegisteredWaitHandle" />。</returns>
    </member>
    <member name="M:System.Threading.ThreadPool.RegisterWaitForSingleObject(System.Threading.WaitHandle,System.Threading.WaitOrTimerCallback,System.Object,System.UInt32,System.Boolean)">
      <summary>32 ビット符号なし整数でミリ秒単位のタイムアウトを指定して、<see cref="T:System.Threading.WaitHandle" /> を待機するデリゲートを登録します。</summary>
      <param name="waitObject">登録する <see cref="T:System.Threading.WaitHandle" />。 <see cref="T:System.Threading.Mutex" /> 以外の <see cref="T:System.Threading.WaitHandle" /> を使用します。</param>
      <param name="callBack">
        <paramref name="waitObject" /> パラメーターがシグナル通知されたときに呼び出す <see cref="T:System.Threading.WaitOrTimerCallback" /> デリゲート。</param>
      <param name="state">デリゲートに渡されたオブジェクト。</param>
      <param name="millisecondsTimeOutInterval">ミリ秒単位のタイムアウト。 <paramref name="millisecondsTimeOutInterval" /> パラメーターが 0 (ゼロ) の場合、関数はオブジェクトの状態をテストして、すぐに制御を戻します。 <paramref name="millisecondsTimeOutInterval" /> が -1 の場合、関数はタイムアウトしません。</param>
      <param name="executeOnlyOnce">デリゲートの呼び出し後、スレッドが <paramref name="waitObject" /> パラメーターを待機しなくなる場合は <see langword="true" />。待機が登録解除されるまでは、待機操作が完了するたびにタイマーをリセットする場合は <see langword="false" />。</param>
      <exception cref="T:System.ArgumentOutOfRangeException">
        <paramref name="millisecondsTimeOutInterval" /> パラメーターが -1 未満。</exception>
      <returns>登録された待機操作をキャンセルするために使用できる <see cref="T:System.Threading.RegisteredWaitHandle" />。</returns>
    </member>
    <member name="M:System.Threading.ThreadPool.SetMaxThreads(System.Int32,System.Int32)">
      <summary>同時にアクティブにできるスレッド プールへの要求の数を設定します。 この数を超える要求はすべて、スレッド プール スレッドが使用可能になるまでキューに置かれたままになります。</summary>
      <param name="workerThreads">スレッド プール内のワーカー スレッドの最大数。</param>
      <param name="completionPortThreads">スレッド プール内の非同期 I/O スレッドの最大数。</param>
      <returns>変更が成功した場合は <see langword="true" />。それ以外の場合は <see langword="false" />。</returns>
    </member>
    <member name="M:System.Threading.ThreadPool.SetMinThreads(System.Int32,System.Int32)">
      <summary>スレッドがオンデマンドで (新しい要求の発生ごとに) 作成するスレッド プールの数を設定します。この数を超えると、スレッドの作成と破棄を管理するためのアルゴリズムに切り替わります。</summary>
      <param name="workerThreads">スレッド プールがオンデマンドで作成するワーカー スレッドの最小数。</param>
      <param name="completionPortThreads">スレッド プールがオンデマンドで作成する非同期 I/O スレッドの最小数。</param>
      <returns>変更が成功した場合は <see langword="true" />。それ以外の場合は <see langword="false" />。</returns>
    </member>
    <member name="M:System.Threading.ThreadPool.UnsafeQueueNativeOverlapped(System.Threading.NativeOverlapped*)">
      <summary>重複した I/O 操作を、実行するためのキューに置きます。</summary>
      <param name="overlapped">キューに置く <see cref="T:System.Threading.NativeOverlapped" /> 構造体。</param>
      <returns>操作が I/O 完了ポートのキューに正常に置かれた場合は <see langword="true" />。それ以外の場合は <see langword="false" />。</returns>
    </member>
    <member name="M:System.Threading.ThreadPool.UnsafeQueueUserWorkItem(System.Threading.IThreadPoolWorkItem,System.Boolean)">
      <summary>指定された作業項目オブジェクトをスレッド プールのキューに入れます。</summary>
      <param name="callBack">スレッド プールのスレッドが作業項目を選択したときに呼び出される作業項目。</param>
      <param name="preferLocal">現在のスレッドに近いキューに作業項目を入れる場合は <see langword="true" />。スレッド プールの共有キューに作業項目を入れる場合は <see langword="false" />。</param>
      <exception cref="T:System.ArgumentNullException">
        <paramref name="callback" /> は <see langword="null" /> です。</exception>
      <exception cref="T:System.ArgumentOutOfRangeException">作業項目は <see cref="T:System.Threading.Tasks.Task" /> です。</exception>
      <exception cref="T:System.OutOfMemoryException">作業項目をキューに配置できません。</exception>
      <returns>メソッドが成功した場合は <see langword="true" />。作業項目をキューに配置できなかった場合は <see cref="T:System.OutOfMemoryException" /> がスローされます。</returns>
    </member>
    <member name="M:System.Threading.ThreadPool.UnsafeQueueUserWorkItem(System.Threading.WaitCallback,System.Object)">
      <summary>指定したデリゲートをスレッド プールのキューに置きます。ただし、コール スタックをワーカー スレッドに反映しません。</summary>
      <param name="callBack">スレッド プール内のスレッドが作業項目をピック アップするときに呼び出すデリゲートを表す <see cref="T:System.Threading.WaitCallback" />。</param>
      <param name="state">スレッド プールから処理されるときにデリゲートに渡されるオブジェクト。</param>
      <exception cref="T:System.Security.SecurityException">呼び出し元に、必要なアクセス許可がありません。</exception>
      <exception cref="T:System.ApplicationException">メモリが不足しています。</exception>
      <exception cref="T:System.OutOfMemoryException">作業項目をキューに配置できません。</exception>
      <exception cref="T:System.ArgumentNullException">
        <paramref name="callBack" /> は <see langword="null" /> です。</exception>
      <returns>メソッドが成功した場合は <see langword="true" />。作業項目をキューに配置できなかった場合は <see cref="T:System.OutOfMemoryException" /> がスローされます。</returns>
    </member>
    <member name="M:System.Threading.ThreadPool.UnsafeQueueUserWorkItem``1(System.Action{``0},``0,System.Boolean)">
      <summary>実行用に <see cref="T:System.Action`1" /> デリゲートで指定したメソッドをキューに入れ、そのメソッドで使用するデータを含んだオブジェクトを指定します。 メソッドは、スレッド プール スレッドが使用可能になったときに実行されます。</summary>
      <param name="callBack">実行するメソッドを表すデリゲート。</param>
      <param name="state">メソッドが使用するデータを格納したオブジェクト。</param>
      <param name="preferLocal">現在のスレッドに近いキューに作業項目を入れる場合は <see langword="true" />。スレッド プールの共有キューに作業項目を入れる場合は <see langword="false" />。</param>
      <typeparam name="TState">
        <paramref name="state" /> の要素の型。</typeparam>
      <exception cref="T:System.ArgumentNullException">
        <paramref name="callback" /> は <see langword="null" /> です。</exception>
      <exception cref="T:System.NotSupportedException">作業項目をキューに配置できません。</exception>
      <returns>メソッドが正常にキューに配置された場合は <see langword="true" />。作業項目をキューに配置できなかった場合は <see cref="T:System.NotSupportedException" /> がスローされます。</returns>
    </member>
    <member name="M:System.Threading.ThreadPool.UnsafeRegisterWaitForSingleObject(System.Threading.WaitHandle,System.Threading.WaitOrTimerCallback,System.Object,System.Int32,System.Boolean)">
      <summary>ミリ秒単位のタイムアウトとして 32 ビット符号付き整数を使用して、<see cref="T:System.Threading.WaitHandle" /> を待機するデリゲートを登録します。 このメソッドはコール スタックをワーカー スレッドに反映しません。</summary>
      <param name="waitObject">登録する <see cref="T:System.Threading.WaitHandle" />。 <see cref="T:System.Threading.Mutex" /> 以外の <see cref="T:System.Threading.WaitHandle" /> を使用します。</param>
      <param name="callBack">
        <paramref name="waitObject" /> パラメーターがシグナル通知されたときに呼び出すデリゲート。</param>
      <param name="state">デリゲートに渡されるオブジェクト。</param>
      <param name="millisecondsTimeOutInterval">ミリ秒単位のタイムアウト。 <paramref name="millisecondsTimeOutInterval" /> パラメーターが 0 (ゼロ) の場合、関数はオブジェクトの状態をテストして、すぐに制御を戻します。 <paramref name="millisecondsTimeOutInterval" /> が -1 の場合、関数はタイムアウトしません。</param>
      <param name="executeOnlyOnce">デリゲートの呼び出し後、スレッドが <paramref name="waitObject" /> パラメーターを待機しなくなる場合は <see langword="true" />。待機が登録解除されるまでは、待機操作が完了するたびにタイマーをリセットする場合は <see langword="false" />。</param>
      <exception cref="T:System.ArgumentOutOfRangeException">
        <paramref name="millisecondsTimeOutInterval" /> パラメーターが -1 未満。</exception>
      <exception cref="T:System.Security.SecurityException">呼び出し元に、必要なアクセス許可がありません。</exception>
      <returns>登録された待機操作をキャンセルするために使用できる <see cref="T:System.Threading.RegisteredWaitHandle" /> オブジェクト。</returns>
    </member>
    <member name="M:System.Threading.ThreadPool.UnsafeRegisterWaitForSingleObject(System.Threading.WaitHandle,System.Threading.WaitOrTimerCallback,System.Object,System.Int64,System.Boolean)">
      <summary>64 ビット符号付き整数でミリ秒単位のタイムアウトを指定して、<see cref="T:System.Threading.WaitHandle" /> を待機するデリゲートを登録します。 このメソッドはコール スタックをワーカー スレッドに反映しません。</summary>
      <param name="waitObject">登録する <see cref="T:System.Threading.WaitHandle" />。 <see cref="T:System.Threading.Mutex" /> 以外の <see cref="T:System.Threading.WaitHandle" /> を使用します。</param>
      <param name="callBack">
        <paramref name="waitObject" /> パラメーターがシグナル通知されたときに呼び出すデリゲート。</param>
      <param name="state">デリゲートに渡されるオブジェクト。</param>
      <param name="millisecondsTimeOutInterval">ミリ秒単位のタイムアウト。 <paramref name="millisecondsTimeOutInterval" /> パラメーターが 0 (ゼロ) の場合、関数はオブジェクトの状態をテストして、すぐに制御を戻します。 <paramref name="millisecondsTimeOutInterval" /> が -1 の場合、関数はタイムアウトしません。</param>
      <param name="executeOnlyOnce">デリゲートの呼び出し後、スレッドが <paramref name="waitObject" /> パラメーターを待機しなくなる場合は <see langword="true" />。待機が登録解除されるまでは、待機操作が完了するたびにタイマーをリセットする場合は <see langword="false" />。</param>
      <exception cref="T:System.ArgumentOutOfRangeException">
        <paramref name="millisecondsTimeOutInterval" /> パラメーターが -1 未満。</exception>
      <exception cref="T:System.Security.SecurityException">呼び出し元に、必要なアクセス許可がありません。</exception>
      <returns>登録された待機操作をキャンセルするために使用できる <see cref="T:System.Threading.RegisteredWaitHandle" /> オブジェクト。</returns>
    </member>
    <member name="M:System.Threading.ThreadPool.UnsafeRegisterWaitForSingleObject(System.Threading.WaitHandle,System.Threading.WaitOrTimerCallback,System.Object,System.TimeSpan,System.Boolean)">
      <summary>
        <see cref="T:System.TimeSpan" /> 値をタイムアウトとして指定して、<see cref="T:System.Threading.WaitHandle" /> を待機するデリゲートを登録します。このメソッドはコール スタックをワーカー スレッドに反映しません。</summary>
      <param name="waitObject">登録する <see cref="T:System.Threading.WaitHandle" />。 <see cref="T:System.Threading.Mutex" /> 以外の <see cref="T:System.Threading.WaitHandle" /> を使用します。</param>
      <param name="callBack">
        <paramref name="waitObject" /> パラメーターがシグナル通知されたときに呼び出すデリゲート。</param>
      <param name="state">デリゲートに渡されるオブジェクト。</param>
      <param name="timeout">
        <see cref="T:System.TimeSpan" /> で表されるタイムアウト。 <paramref name="timeout" /> が 0 (ゼロ) の場合、関数はオブジェクトの状態をテストして、すぐに制御を戻します。 <paramref name="timeout" /> が -1 の場合、関数はタイムアウトしません。</param>
      <param name="executeOnlyOnce">デリゲートの呼び出し後、スレッドが <paramref name="waitObject" /> パラメーターを待機しなくなる場合は <see langword="true" />。待機が登録解除されるまでは、待機操作が完了するたびにタイマーをリセットする場合は <see langword="false" />。</param>
      <exception cref="T:System.ArgumentOutOfRangeException">
        <paramref name="timeout" /> パラメーターが -1 未満。</exception>
      <exception cref="T:System.NotSupportedException">
        <paramref name="timeout" /> パラメーターが <see cref="F:System.Int32.MaxValue" /> より大きい値です。</exception>
      <exception cref="T:System.Security.SecurityException">呼び出し元に、必要なアクセス許可がありません。</exception>
      <returns>登録された待機操作をキャンセルするために使用できる <see cref="T:System.Threading.RegisteredWaitHandle" /> オブジェクト。</returns>
    </member>
    <member name="M:System.Threading.ThreadPool.UnsafeRegisterWaitForSingleObject(System.Threading.WaitHandle,System.Threading.WaitOrTimerCallback,System.Object,System.UInt32,System.Boolean)">
      <summary>32 ビット符号なし整数でミリ秒単位のタイムアウトを指定して、<see cref="T:System.Threading.WaitHandle" /> を待機するデリゲートを登録します。 このメソッドはコール スタックをワーカー スレッドに反映しません。</summary>
      <param name="waitObject">登録する <see cref="T:System.Threading.WaitHandle" />。 <see cref="T:System.Threading.Mutex" /> 以外の <see cref="T:System.Threading.WaitHandle" /> を使用します。</param>
      <param name="callBack">
        <paramref name="waitObject" /> パラメーターがシグナル通知されたときに呼び出すデリゲート。</param>
      <param name="state">デリゲートに渡されるオブジェクト。</param>
      <param name="millisecondsTimeOutInterval">ミリ秒単位のタイムアウト。 <paramref name="millisecondsTimeOutInterval" /> パラメーターが 0 (ゼロ) の場合、関数はオブジェクトの状態をテストして、すぐに制御を戻します。 <paramref name="millisecondsTimeOutInterval" /> が -1 の場合、関数はタイムアウトしません。</param>
      <param name="executeOnlyOnce">デリゲートの呼び出し後、スレッドが <paramref name="waitObject" /> パラメーターを待機しなくなる場合は <see langword="true" />。待機が登録解除されるまでは、待機操作が完了するたびにタイマーをリセットする場合は <see langword="false" />。</param>
      <exception cref="T:System.Security.SecurityException">呼び出し元に、必要なアクセス許可がありません。</exception>
      <returns>登録された待機操作をキャンセルするために使用できる <see cref="T:System.Threading.RegisteredWaitHandle" /> オブジェクト。</returns>
    </member>
    <member name="P:System.Threading.ThreadPool.CompletedWorkItemCount">
      <summary>これまでに処理された作業項目の数を取得します。</summary>
      <returns>これまでに処理された作業項目の数。</returns>
    </member>
    <member name="P:System.Threading.ThreadPool.PendingWorkItemCount">
      <summary>処理するキューに置かれた現在の作業項目の数を取得します。</summary>
      <returns>処理のために現在キューに登録されている作業項目の数。</returns>
    </member>
    <member name="P:System.Threading.ThreadPool.ThreadCount">
      <summary>現在存在しているスレッド プールのスレッド数を取得します。</summary>
      <returns>現在存在しているスレッドプールスレッドの数。</returns>
    </member>
    <member name="T:System.Threading.WaitCallback">
      <summary>スレッド プール スレッドが実行するコールバック メソッドを表します。</summary>
      <param name="state">コールバック メソッドが使用する情報を格納したオブジェクト。</param>
    </member>
    <member name="T:System.Threading.WaitOrTimerCallback">
      <summary>
        <see cref="T:System.Threading.WaitHandle" /> がシグナル通知されたとき、またはタイムアウトしたときに呼び出されるメソッドを表します。</summary>
      <param name="state">コールバック メソッドが実行されるたびに使用する情報を格納したオブジェクト。</param>
      <param name="timedOut">
        <see cref="T:System.Threading.WaitHandle" /> がタイムアウトした場合は <see langword="true" />。シグナル通知された場合は <see langword="false" />。</param>
    </member>
  </members>
</doc>