<doc>
  <assembly>
    <name>System.Threading.Tasks.Parallel</name>
  </assembly>
  <members>
    <member name="T:System.Threading.Tasks.Parallel">
      <summary>並列ループおよび並列領域のサポートを提供します。</summary>
    </member>
    <member name="M:System.Threading.Tasks.Parallel.For(System.Int32,System.Int32,System.Action{System.Int32,System.Threading.Tasks.ParallelLoopState})">
      <summary>反復処理が並列で実行される可能性があり、ループの状態を監視および操作できる <see langword="for" /> ループを実行します。</summary>
      <param name="fromInclusive">開始インデックス。ここで指定したインデックスから処理が開始されます。</param>
      <param name="toExclusive">終了インデックス。ここで指定したインデックスの前のインデックスまで処理が行われます。</param>
      <param name="body">1 回のイテレーションにつき 1 回呼び出されるデリゲート。</param>
      <exception cref="T:System.ArgumentNullException">
        <paramref name="body" /> 引数が <see langword="null" /> です。</exception>
      <exception cref="T:System.AggregateException">すべてのスレッドでスローされたすべての個別の例外を含む例外。</exception>
      <returns>完了したループの部分に関する情報を格納している構造。</returns>
    </member>
    <member name="M:System.Threading.Tasks.Parallel.For(System.Int32,System.Int32,System.Action{System.Int32})">
      <summary>反復処理が並列で実行される可能性のある <see langword="for" /> ループを実行します。</summary>
      <param name="fromInclusive">開始インデックス。ここで指定したインデックスから処理が開始されます。</param>
      <param name="toExclusive">終了インデックス。ここで指定したインデックスの前のインデックスまで処理が行われます。</param>
      <param name="body">1 回のイテレーションにつき 1 回呼び出されるデリゲート。</param>
      <exception cref="T:System.ArgumentNullException">
        <paramref name="body" /> 引数が <see langword="null" /> です。</exception>
      <exception cref="T:System.AggregateException">すべてのスレッドでスローされたすべての個別の例外を含む例外。</exception>
      <returns>完了したループの部分に関する情報を格納している構造。</returns>
    </member>
    <member name="M:System.Threading.Tasks.Parallel.For(System.Int32,System.Int32,System.Threading.Tasks.ParallelOptions,System.Action{System.Int32,System.Threading.Tasks.ParallelLoopState})">
      <summary>反復処理が並列で実行される可能性があり、ループ オプションを構成でき、ループの状態を監視および操作できる <see langword="for" /> ループを実行します。</summary>
      <param name="fromInclusive">開始インデックス。ここで指定したインデックスから処理が開始されます。</param>
      <param name="toExclusive">終了インデックス。ここで指定したインデックスの前のインデックスまで処理が行われます。</param>
      <param name="parallelOptions">この操作の動作を構成するオブジェクト。</param>
      <param name="body">1 回のイテレーションにつき 1 回呼び出されるデリゲート。</param>
      <exception cref="T:System.OperationCanceledException">
        <paramref name="parallelOptions" /> 引数の <see cref="T:System.Threading.CancellationToken" /> が取り消されました。</exception>
      <exception cref="T:System.ArgumentNullException">
        <paramref name="body" /> 引数が <see langword="null" /> です。  
  
- または - 
<paramref name="parallelOptions" /> 引数が <see langword="null" /> です。</exception>
      <exception cref="T:System.AggregateException">すべてのスレッドでスローされたすべての個別の例外を含む例外。</exception>
      <exception cref="T:System.ObjectDisposedException">
        <paramref name="parallelOptions" /> 内の <see cref="T:System.Threading.CancellationTokenSource" /> に関連付けられている <see cref="T:System.Threading.CancellationToken" /> は破棄されました。</exception>
      <returns>完了したループの部分に関する情報を格納している構造。</returns>
    </member>
    <member name="M:System.Threading.Tasks.Parallel.For(System.Int32,System.Int32,System.Threading.Tasks.ParallelOptions,System.Action{System.Int32})">
      <summary>反復処理が並列で実行される可能性があり、ループ オプションを構成できる <see langword="for" /> ループを実行します。</summary>
      <param name="fromInclusive">開始インデックス。ここで指定したインデックスから処理が開始されます。</param>
      <param name="toExclusive">終了インデックス。ここで指定したインデックスの前のインデックスまで処理が行われます。</param>
      <param name="parallelOptions">この操作の動作を構成するオブジェクト。</param>
      <param name="body">1 回のイテレーションにつき 1 回呼び出されるデリゲート。</param>
      <exception cref="T:System.OperationCanceledException">
        <paramref name="parallelOptions" /> 引数の <see cref="T:System.Threading.CancellationToken" /> が取り消されました。</exception>
      <exception cref="T:System.ArgumentNullException">
        <paramref name="body" /> 引数が <see langword="null" /> です。  
  
- または - 
<paramref name="parallelOptions" /> 引数が <see langword="null" /> です。</exception>
      <exception cref="T:System.AggregateException">すべてのスレッドでスローされたすべての個別の例外を含む例外。</exception>
      <exception cref="T:System.ObjectDisposedException">
        <paramref name="parallelOptions" /> 内の <see cref="T:System.Threading.CancellationTokenSource" /> に関連付けられている <see cref="T:System.Threading.CancellationToken" /> は破棄されました。</exception>
      <returns>完了したループの部分に関する情報を格納している構造。</returns>
    </member>
    <member name="M:System.Threading.Tasks.Parallel.For(System.Int64,System.Int64,System.Action{System.Int64,System.Threading.Tasks.ParallelLoopState})">
      <summary>反復処理が並列で実行される可能性があり、ループの状態を監視および操作できる、64 ビットのインデックスを持つ <see langword="for" /> ループを実行します。</summary>
      <param name="fromInclusive">開始インデックス。ここで指定したインデックスから処理が開始されます。</param>
      <param name="toExclusive">終了インデックス。ここで指定したインデックスの前のインデックスまで処理が行われます。</param>
      <param name="body">1 回のイテレーションにつき 1 回呼び出されるデリゲート。</param>
      <exception cref="T:System.ArgumentNullException">
        <paramref name="body" /> 引数が <see langword="null" /> です。</exception>
      <exception cref="T:System.AggregateException">すべてのスレッドでスローされたすべての個別の例外を含む例外。</exception>
      <returns>完了したループの部分に関する情報を格納している <see cref="T:System.Threading.Tasks.ParallelLoopResult" /> 構造体。</returns>
    </member>
    <member name="M:System.Threading.Tasks.Parallel.For(System.Int64,System.Int64,System.Action{System.Int64})">
      <summary>反復処理が並列で実行される可能性のある、64 ビットのインデックスを持つ <see langword="for" /> ループを実行します。</summary>
      <param name="fromInclusive">開始インデックス。ここで指定したインデックスから処理が開始されます。</param>
      <param name="toExclusive">終了インデックス。ここで指定したインデックスの前のインデックスまで処理が行われます。</param>
      <param name="body">1 回のイテレーションにつき 1 回呼び出されるデリゲート。</param>
      <exception cref="T:System.ArgumentNullException">
        <paramref name="body" /> 引数が <see langword="null" /> です。</exception>
      <exception cref="T:System.AggregateException">すべてのスレッドでスローされたすべての個別の例外を含む例外。</exception>
      <returns>完了したループの部分に関する情報を格納している構造。</returns>
    </member>
    <member name="M:System.Threading.Tasks.Parallel.For(System.Int64,System.Int64,System.Threading.Tasks.ParallelOptions,System.Action{System.Int64,System.Threading.Tasks.ParallelLoopState})">
      <summary>反復処理が並列で実行される可能性があり、ループ オプションを構成でき、ループの状態を監視および操作できる、64 ビットのインデックスを持つ <see langword="for" /> ループを実行します。</summary>
      <param name="fromInclusive">開始インデックス。ここで指定したインデックスから処理が開始されます。</param>
      <param name="toExclusive">終了インデックス。ここで指定したインデックスの前のインデックスまで処理が行われます。</param>
      <param name="parallelOptions">この操作の動作を構成するオブジェクト。</param>
      <param name="body">1 回のイテレーションにつき 1 回呼び出されるデリゲート。</param>
      <exception cref="T:System.OperationCanceledException">
        <paramref name="parallelOptions" /> 引数の <see cref="T:System.Threading.CancellationToken" /> が取り消されました。</exception>
      <exception cref="T:System.ArgumentNullException">
        <paramref name="body" /> 引数が <see langword="null" /> です。  
  
- または - 
<paramref name="parallelOptions" /> 引数が <see langword="null" /> です。</exception>
      <exception cref="T:System.AggregateException">すべてのスレッドでスローされたすべての個別の例外を含む例外。</exception>
      <exception cref="T:System.ObjectDisposedException">
        <paramref name="parallelOptions" /> 内の <see cref="T:System.Threading.CancellationTokenSource" /> に関連付けられている <see cref="T:System.Threading.CancellationToken" /> は破棄されました。</exception>
      <returns>完了したループの部分に関する情報を格納している構造。</returns>
    </member>
    <member name="M:System.Threading.Tasks.Parallel.For(System.Int64,System.Int64,System.Threading.Tasks.ParallelOptions,System.Action{System.Int64})">
      <summary>イテレーションが並列で実行される可能性があり、ループ オプションを構成できる、64 ビットのインデックスを持つ <see langword="for" /> ループを実行します。</summary>
      <param name="fromInclusive">開始インデックス。ここで指定したインデックスから処理が開始されます。</param>
      <param name="toExclusive">終了インデックス。ここで指定したインデックスの前のインデックスまで処理が行われます。</param>
      <param name="parallelOptions">この操作の動作を構成するオブジェクト。</param>
      <param name="body">1 回のイテレーションにつき 1 回呼び出されるデリゲート。</param>
      <exception cref="T:System.OperationCanceledException">
        <paramref name="parallelOptions" /> 引数の <see cref="T:System.Threading.CancellationToken" /> が取り消されました。</exception>
      <exception cref="T:System.ArgumentNullException">
        <paramref name="body" /> 引数が <see langword="null" /> です。  
  
- または - 
<paramref name="parallelOptions" /> 引数が <see langword="null" /> です。</exception>
      <exception cref="T:System.AggregateException">すべてのスレッドでスローされたすべての個別の例外を含む例外。</exception>
      <exception cref="T:System.ObjectDisposedException">
        <paramref name="parallelOptions" /> 内の <see cref="T:System.Threading.CancellationTokenSource" /> に関連付けられている <see cref="T:System.Threading.CancellationToken" /> は破棄されました。</exception>
      <returns>完了したループの部分に関する情報を格納している構造。</returns>
    </member>
    <member name="M:System.Threading.Tasks.Parallel.For``1(System.Int32,System.Int32,System.Func{``0},System.Func{System.Int32,System.Threading.Tasks.ParallelLoopState,``0,``0},System.Action{``0})">
      <summary>反復処理が並列で実行される可能性があり、ループの状態を監視および操作できる、スレッド ローカル データを持つ <see langword="for" /> ループを実行します。</summary>
      <param name="fromInclusive">開始インデックス。ここで指定したインデックスから処理が開始されます。</param>
      <param name="toExclusive">終了インデックス。ここで指定したインデックスの前のインデックスまで処理が行われます。</param>
      <param name="localInit">各タスクのローカル データの初期状態を返す関数デリゲート。</param>
      <param name="body">1 回のイテレーションにつき 1 回呼び出されるデリゲート。</param>
      <param name="localFinally">各タスクのローカル状態に対して最後の操作を行うデリゲート。</param>
      <typeparam name="TLocal">スレッド ローカル データの型。</typeparam>
      <exception cref="T:System.ArgumentNullException">
        <paramref name="body" /> 引数が <see langword="null" /> です。  
  
- または - 
<paramref name="localInit" /> 引数が <see langword="null" /> です。  
  
- または - 
<paramref name="localFinally" /> 引数が <see langword="null" /> です。</exception>
      <exception cref="T:System.AggregateException">すべてのスレッドでスローされたすべての個別の例外を含む例外。</exception>
      <returns>完了したループの部分に関する情報を格納している構造。</returns>
    </member>
    <member name="M:System.Threading.Tasks.Parallel.For``1(System.Int32,System.Int32,System.Threading.Tasks.ParallelOptions,System.Func{``0},System.Func{System.Int32,System.Threading.Tasks.ParallelLoopState,``0,``0},System.Action{``0})">
      <summary>反復処理が並列で実行される可能性があり、ループ オプションを構成でき、ループの状態を監視および操作できる、スレッド ローカル データを持つ <see langword="for" /> ループを実行します。</summary>
      <param name="fromInclusive">開始インデックス。ここで指定したインデックスから処理が開始されます。</param>
      <param name="toExclusive">終了インデックス。ここで指定したインデックスの前のインデックスまで処理が行われます。</param>
      <param name="parallelOptions">この操作の動作を構成するオブジェクト。</param>
      <param name="localInit">各タスクのローカル データの初期状態を返す関数デリゲート。</param>
      <param name="body">1 回のイテレーションにつき 1 回呼び出されるデリゲート。</param>
      <param name="localFinally">各タスクのローカル状態に対して最後の操作を行うデリゲート。</param>
      <typeparam name="TLocal">スレッド ローカル データの型。</typeparam>
      <exception cref="T:System.ArgumentNullException">
        <paramref name="body" /> 引数が <see langword="null" /> です。  
  
- または - 
<paramref name="localInit" /> 引数が <see langword="null" /> です。  
  
- または - 
<paramref name="localFinally" /> 引数が <see langword="null" /> です。  
  
- または - 
<paramref name="parallelOptions" /> 引数が <see langword="null" /> です。</exception>
      <exception cref="T:System.OperationCanceledException">
        <paramref name="parallelOptions" /> 引数の <see cref="T:System.Threading.CancellationToken" /> が取り消されました。</exception>
      <exception cref="T:System.ObjectDisposedException">
        <paramref name="parallelOptions" /> 内の <see cref="T:System.Threading.CancellationTokenSource" /> に関連付けられている <see cref="T:System.Threading.CancellationToken" /> は破棄されました。</exception>
      <exception cref="T:System.AggregateException">すべてのスレッドでスローされたすべての個別の例外を含む例外。</exception>
      <returns>完了したループの部分に関する情報を格納している構造。</returns>
    </member>
    <member name="M:System.Threading.Tasks.Parallel.For``1(System.Int64,System.Int64,System.Func{``0},System.Func{System.Int64,System.Threading.Tasks.ParallelLoopState,``0,``0},System.Action{``0})">
      <summary>反復処理が並列で実行される可能性があり、ループの状態を監視および操作できる、64 ビットのインデックスとスレッド ローカル データを持つ <see langword="for" /> ループを実行します。</summary>
      <param name="fromInclusive">開始インデックス。ここで指定したインデックスから処理が開始されます。</param>
      <param name="toExclusive">終了インデックス。ここで指定したインデックスの前のインデックスまで処理が行われます。</param>
      <param name="localInit">各タスクのローカル データの初期状態を返す関数デリゲート。</param>
      <param name="body">1 回のイテレーションにつき 1 回呼び出されるデリゲート。</param>
      <param name="localFinally">各タスクのローカル状態に対して最後の操作を行うデリゲート。</param>
      <typeparam name="TLocal">スレッド ローカル データの型。</typeparam>
      <exception cref="T:System.ArgumentNullException">
        <paramref name="body" /> 引数が <see langword="null" /> です。  
  
- または - 
<paramref name="localInit" /> 引数が <see langword="null" /> です。  
  
- または - 
<paramref name="localFinally" /> 引数が <see langword="null" /> です。</exception>
      <exception cref="T:System.AggregateException">すべてのスレッドでスローされたすべての個別の例外を含む例外。</exception>
      <returns>完了したループの部分に関する情報を格納している構造。</returns>
    </member>
    <member name="M:System.Threading.Tasks.Parallel.For``1(System.Int64,System.Int64,System.Threading.Tasks.ParallelOptions,System.Func{``0},System.Func{System.Int64,System.Threading.Tasks.ParallelLoopState,``0,``0},System.Action{``0})">
      <summary>反復処理が並列で実行される可能性があり、ループ オプションを構成でき、ループの状態を監視および操作できる、64 ビットのインデックスとスレッド ローカル データを持つ <see langword="for" /> ループを実行します。</summary>
      <param name="fromInclusive">開始インデックス。ここで指定したインデックスから処理が開始されます。</param>
      <param name="toExclusive">終了インデックス。ここで指定したインデックスの前のインデックスまで処理が行われます。</param>
      <param name="parallelOptions">この操作の動作を構成するオブジェクト。</param>
      <param name="localInit">各スレッドのローカル データの初期状態を返す関数デリゲート。</param>
      <param name="body">1 回のイテレーションにつき 1 回呼び出されるデリゲート。</param>
      <param name="localFinally">各スレッドのローカル状態に対して最後の操作を行うデリゲート。</param>
      <typeparam name="TLocal">スレッド ローカル データの型。</typeparam>
      <exception cref="T:System.ArgumentNullException">
        <paramref name="body" /> 引数が <see langword="null" /> です。  
  
- または - 
<paramref name="localInit" /> 引数が <see langword="null" /> です。  
  
- または - 
<paramref name="localFinally" /> 引数が <see langword="null" /> です。  
  
- または - 
<paramref name="parallelOptions" /> 引数が <see langword="null" /> です。</exception>
      <exception cref="T:System.OperationCanceledException">
        <paramref name="parallelOptions" /> 引数の <see cref="T:System.Threading.CancellationToken" /> が取り消されました。</exception>
      <exception cref="T:System.ObjectDisposedException">
        <paramref name="parallelOptions" /> 内の <see cref="T:System.Threading.CancellationTokenSource" /> に関連付けられている <see cref="T:System.Threading.CancellationToken" /> は破棄されました。</exception>
      <exception cref="T:System.AggregateException">すべてのスレッドでスローされたすべての個別の例外を含む例外。</exception>
      <returns>完了したループの部分に関する情報を格納している構造。</returns>
    </member>
    <member name="M:System.Threading.Tasks.Parallel.ForEach``1(System.Collections.Concurrent.OrderablePartitioner{``0},System.Action{``0,System.Threading.Tasks.ParallelLoopState,System.Int64})">
      <summary>
        <see langword="foreach" /> に対して、イテレーションが並列で実行される可能性があり、ループの状態を監視および操作できる <see langword="For Each" /> (Visual Basic の場合は <see cref="T:System.Collections.Concurrent.OrderablePartitioner`1" />) 操作を実行します。</summary>
      <param name="source">元のデータ ソースを格納している順序付け可能なパーティショナー。</param>
      <param name="body">1 回のイテレーションにつき 1 回呼び出されるデリゲート。</param>
      <typeparam name="TSource">
        <paramref name="source" /> の要素の型。</typeparam>
      <exception cref="T:System.ArgumentNullException">
        <paramref name="source" /> 引数が <see langword="null" /> です。  
  
- または - 
<paramref name="body" /> 引数が <see langword="null" /> です。</exception>
      <exception cref="T:System.InvalidOperationException">順序付け可能のパーティショナー、<paramref name="source" /> の <see cref="P:System.Collections.Concurrent.Partitioner`1.SupportsDynamicPartitions" /> プロパティは <see langword="false" /> を返します。  
  
- または - 
順序付け可能のパーティショナー、ソースの <see cref="P:System.Collections.Concurrent.OrderablePartitioner`1.KeysNormalized" /> プロパティは <see langword="false" /> を返します。  
  
- または - 
ソースの順序付け可能なパーティショナーのすべてのメソッドは、<see langword="null" /> を返します。</exception>
      <exception cref="T:System.AggregateException">指定したデリゲートのいずれかからスローされた例外。</exception>
      <returns>完了したループの部分に関する情報を格納している構造。</returns>
    </member>
    <member name="M:System.Threading.Tasks.Parallel.ForEach``1(System.Collections.Concurrent.OrderablePartitioner{``0},System.Threading.Tasks.ParallelOptions,System.Action{``0,System.Threading.Tasks.ParallelLoopState,System.Int64})">
      <summary>
        <see langword="foreach" /> に対して、イテレーションが並列で実行される可能性があり、ループ オプションを構成でき、ループの状態を監視および操作できる <see langword="For Each" /> (Visual Basic の場合は <see cref="T:System.Collections.Concurrent.OrderablePartitioner`1" />) 操作を実行します。</summary>
      <param name="source">元のデータ ソースを格納している順序付け可能なパーティショナー。</param>
      <param name="parallelOptions">この操作の動作を構成するオブジェクト。</param>
      <param name="body">1 回のイテレーションにつき 1 回呼び出されるデリゲート。</param>
      <typeparam name="TSource">
        <paramref name="source" /> の要素の型。</typeparam>
      <exception cref="T:System.OperationCanceledException">
        <paramref name="parallelOptions" /> 引数の <see cref="T:System.Threading.CancellationToken" /> が取り消されました</exception>
      <exception cref="T:System.ArgumentNullException">
        <paramref name="source" /> 引数が <see langword="null" /> です。  
  
- または - 
<paramref name="parallelOptions" /> 引数が <see langword="null" /> です。  
  
- または - 
<paramref name="body" /> 引数が <see langword="null" /> です。</exception>
      <exception cref="T:System.ObjectDisposedException">
        <paramref name="parallelOptions" /> 内の <see cref="T:System.Threading.CancellationTokenSource" /> に関連付けられている <see cref="T:System.Threading.CancellationToken" /> は破棄されました。</exception>
      <exception cref="T:System.InvalidOperationException">順序付け可能のパーティショナー、<paramref name="source" /> の <see cref="P:System.Collections.Concurrent.Partitioner`1.SupportsDynamicPartitions" /> プロパティは <see langword="false" /> を返します。  
  
- または - 
順序付け可能のパーティショナー、<paramref name="source" /> の <see cref="P:System.Collections.Concurrent.OrderablePartitioner`1.KeysNormalized" /> プロパティは <see langword="false" /> を返します。  
  
- または - 
順序付け可能なパーティショナー、<paramref name="source" /> 内のメソッドが <see langword="null" /> を返したときにスローされる例外。</exception>
      <exception cref="T:System.AggregateException">指定のデリゲートの 1 つからスローされる例外を含める目的でスローされる例外。</exception>
      <returns>完了したループの部分に関する情報を格納している構造。</returns>
    </member>
    <member name="M:System.Threading.Tasks.Parallel.ForEach``1(System.Collections.Concurrent.Partitioner{``0},System.Action{``0,System.Threading.Tasks.ParallelLoopState})">
      <summary>
        <see cref="T:System.Collections.Concurrent.Partitioner" /> に対して、イテレーションが並列で実行される可能性があり、ループの状態を監視および操作できる <see langword="foreach" /> (Visual Basic の場合は <see langword="For Each" />) 操作を実行します。</summary>
      <param name="source">元のデータ ソースを格納しているパーティショナー。</param>
      <param name="body">1 回のイテレーションにつき 1 回呼び出されるデリゲート。</param>
      <typeparam name="TSource">
        <paramref name="source" /> の要素の型。</typeparam>
      <exception cref="T:System.ArgumentNullException">
        <paramref name="source" /> 引数が <see langword="null" /> です。  
  
- または - 
<paramref name="body" /> 引数が <see langword="null" /> です。</exception>
      <exception cref="T:System.InvalidOperationException">
        <paramref name="source" /> パーティショナーの <see cref="P:System.Collections.Concurrent.Partitioner`1.SupportsDynamicPartitions" /> プロパティは <see langword="false" /> を返します。  
  
- または - 
<paramref name="source" /> パーティショナーのメソッドは <see langword="null" /> を返します。  
  
- または - 
<paramref name="source" /> パーティショナーの <see cref="M:System.Collections.Concurrent.Partitioner`1.GetPartitions(System.Int32)" /> メソッドが正しいパーティション数を返しません。</exception>
      <exception cref="T:System.AggregateException">指定のデリゲートの 1 つからスローされる例外を含める目的でスローされる例外。</exception>
      <returns>完了したループの部分に関する情報を格納している構造。</returns>
    </member>
    <member name="M:System.Threading.Tasks.Parallel.ForEach``1(System.Collections.Concurrent.Partitioner{``0},System.Action{``0})">
      <summary>
        <see langword="foreach" /> に対して、イテレーションが並列で実行される可能性のある <see langword="For Each" /> (Visual Basic の場合は <see cref="T:System.Collections.Concurrent.Partitioner" />) 操作を実行します。</summary>
      <param name="source">元のデータ ソースを格納しているパーティショナー。</param>
      <param name="body">1 回のイテレーションにつき 1 回呼び出されるデリゲート。</param>
      <typeparam name="TSource">
        <paramref name="source" /> の要素の型。</typeparam>
      <exception cref="T:System.ArgumentNullException">
        <paramref name="source" /> 引数が <see langword="null" /> です。  
  
- または - 
<paramref name="body" /> 引数が <see langword="null" /> です。</exception>
      <exception cref="T:System.InvalidOperationException">
        <paramref name="source" /> パーティショナーの <see cref="P:System.Collections.Concurrent.Partitioner`1.SupportsDynamicPartitions" /> プロパティは <see langword="false" /> を返します。  
  
- または - 
<paramref name="source" /> パーティショナー内のメソッドが <see langword="null" /> を返したときにスローされる例外。  
  
- または - 
<paramref name="source" /> パーティショナーの <see cref="M:System.Collections.Concurrent.Partitioner`1.GetPartitions(System.Int32)" /> メソッドが正しいパーティション数を返しません。</exception>
      <exception cref="T:System.AggregateException">指定のデリゲートの 1 つからスローされる例外を含める目的でスローされる例外。</exception>
      <returns>完了したループの部分に関する情報を格納している構造。</returns>
    </member>
    <member name="M:System.Threading.Tasks.Parallel.ForEach``1(System.Collections.Concurrent.Partitioner{``0},System.Threading.Tasks.ParallelOptions,System.Action{``0,System.Threading.Tasks.ParallelLoopState})">
      <summary>
        <see langword="foreach" /> に対して、イテレーションが並列で実行される可能性があり、ループ オプションを構成でき、ループの状態を監視および操作できる <see langword="For Each" /> (Visual Basic の場合は <see cref="T:System.Collections.Concurrent.Partitioner" />) 操作を実行します。</summary>
      <param name="source">元のデータ ソースを格納しているパーティショナー。</param>
      <param name="parallelOptions">この操作の動作を構成するオブジェクト。</param>
      <param name="body">1 回のイテレーションにつき 1 回呼び出されるデリゲート。</param>
      <typeparam name="TSource">
        <paramref name="source" /> の要素の型。</typeparam>
      <exception cref="T:System.OperationCanceledException">
        <paramref name="parallelOptions" /> 引数の <see cref="T:System.Threading.CancellationToken" /> が取り消されました。</exception>
      <exception cref="T:System.ObjectDisposedException">
        <paramref name="parallelOptions" /> 内の <see cref="T:System.Threading.CancellationTokenSource" /> に関連付けられている <see cref="T:System.Threading.CancellationToken" /> は破棄されました。</exception>
      <exception cref="T:System.ArgumentNullException">
        <paramref name="source" /> 引数が <see langword="null" /> です。  
  
- または - 
<paramref name="parallelOptions" /> 引数が <see langword="null" /> です。  
  
- または - 
<paramref name="body" /> 引数が <see langword="null" /> です。</exception>
      <exception cref="T:System.InvalidOperationException">
        <paramref name="source" /> パーティショナーの <see cref="P:System.Collections.Concurrent.Partitioner`1.SupportsDynamicPartitions" /> プロパティは <see langword="false" /> を返します。  
  
- または - 
<paramref name="source" /> パーティショナー内のメソッドが <see langword="null" /> を返したときにスローされる例外。</exception>
      <exception cref="T:System.AggregateException">指定のデリゲートの 1 つからスローされる例外を含める目的でスローされる例外。</exception>
      <returns>完了したループの部分に関する情報を格納している構造。</returns>
    </member>
    <member name="M:System.Threading.Tasks.Parallel.ForEach``1(System.Collections.Concurrent.Partitioner{``0},System.Threading.Tasks.ParallelOptions,System.Action{``0})">
      <summary>
        <see cref="T:System.Collections.Concurrent.Partitioner" /> に対して、イテレーションが並列で実行される可能性があり、ループ オプションを構成できる <see langword="foreach" /> (Visual Basic の場合は <see langword="For Each" />) 操作を実行します。</summary>
      <param name="source">元のデータ ソースを格納しているパーティショナー。</param>
      <param name="parallelOptions">この操作の動作を構成するオブジェクト。</param>
      <param name="body">1 回のイテレーションにつき 1 回呼び出されるデリゲート。</param>
      <typeparam name="TSource">
        <paramref name="source" /> の要素の型。</typeparam>
      <exception cref="T:System.OperationCanceledException">
        <paramref name="parallelOptions" /> 引数の <see cref="T:System.Threading.CancellationToken" /> が取り消されました。</exception>
      <exception cref="T:System.ObjectDisposedException">
        <paramref name="parallelOptions" /> 内の <see cref="T:System.Threading.CancellationTokenSource" /> に関連付けられている <see cref="T:System.Threading.CancellationToken" /> は破棄されました。</exception>
      <exception cref="T:System.ArgumentNullException">
        <paramref name="source" /> 引数が <see langword="null" /> です。  
  
- または - 
<paramref name="parallelOptions" /> 引数が <see langword="null" /> です。  
  
- または - 
<paramref name="body" /> 引数が <see langword="null" /> です。</exception>
      <exception cref="T:System.InvalidOperationException">
        <paramref name="source" /> パーティショナーの <see cref="P:System.Collections.Concurrent.Partitioner`1.SupportsDynamicPartitions" /> プロパティは <see langword="false" /> を返します。  
  
- または - 
<paramref name="source" /> パーティショナー内のメソッドが <see langword="null" /> を返したときにスローされる例外。</exception>
      <exception cref="T:System.AggregateException">指定のデリゲートの 1 つからスローされる例外を含める目的でスローされる例外。</exception>
      <returns>完了したループの部分に関する情報を格納している構造。</returns>
    </member>
    <member name="M:System.Threading.Tasks.Parallel.ForEach``1(System.Collections.Generic.IEnumerable{``0},System.Action{``0,System.Threading.Tasks.ParallelLoopState,System.Int64})">
      <summary>
        <see cref="T:System.Collections.IEnumerable" /> に対して、イテレーションが並列で実行される可能性があり、ループの状態を監視および操作できる、64 ビットのインデックスを持つ <see langword="foreach" /> (Visual Basic の場合は <see langword="For Each" />) 操作を実行します。</summary>
      <param name="source">列挙可能なデータ ソース。</param>
      <param name="body">1 回のイテレーションにつき 1 回呼び出されるデリゲート。</param>
      <typeparam name="TSource">ソース内のデータの型。</typeparam>
      <exception cref="T:System.ArgumentNullException">
        <paramref name="source" /> 引数が <see langword="null" /> です。  
  
- または - 
<paramref name="body" /> 引数が <see langword="null" /> です。</exception>
      <exception cref="T:System.AggregateException">すべてのスレッドでスローされたすべての個別の例外を含む例外。</exception>
      <returns>完了したループの部分に関する情報を格納している構造。</returns>
    </member>
    <member name="M:System.Threading.Tasks.Parallel.ForEach``1(System.Collections.Generic.IEnumerable{``0},System.Action{``0,System.Threading.Tasks.ParallelLoopState})">
      <summary>
        <see langword="foreach" /> に対して、イテレーションが並列で実行される可能性があり、ループの状態を監視および操作できる <see langword="For Each" /> (Visual Basic の場合は <see cref="T:System.Collections.IEnumerable" />) 操作を実行します。</summary>
      <param name="source">列挙可能なデータ ソース。</param>
      <param name="body">1 回のイテレーションにつき 1 回呼び出されるデリゲート。</param>
      <typeparam name="TSource">ソース内のデータの型。</typeparam>
      <exception cref="T:System.ArgumentNullException">
        <paramref name="source" /> 引数が <see langword="null" /> です。  
  
- または - 
<paramref name="body" /> 引数が <see langword="null" /> です。</exception>
      <exception cref="T:System.AggregateException">すべてのスレッドでスローされたすべての個別の例外を含む例外。</exception>
      <returns>完了したループの部分に関する情報を格納している構造。</returns>
    </member>
    <member name="M:System.Threading.Tasks.Parallel.ForEach``1(System.Collections.Generic.IEnumerable{``0},System.Action{``0})">
      <summary>
        <see langword="foreach" /> に対して、イテレーションが並列で実行される可能性のある <see langword="For Each" /> (Visual Basic の場合は <see cref="T:System.Collections.IEnumerable" />) 操作を実行します。</summary>
      <param name="source">列挙可能なデータ ソース。</param>
      <param name="body">1 回のイテレーションにつき 1 回呼び出されるデリゲート。</param>
      <typeparam name="TSource">ソース内のデータの型。</typeparam>
      <exception cref="T:System.ArgumentNullException">
        <paramref name="source" /> 引数が <see langword="null" /> です。  
  
- または - 
<paramref name="body" /> 引数が <see langword="null" /> です。</exception>
      <exception cref="T:System.AggregateException">すべてのスレッドでスローされたすべての個別の例外を含む例外。</exception>
      <returns>完了したループの部分に関する情報を格納している構造。</returns>
    </member>
    <member name="M:System.Threading.Tasks.Parallel.ForEach``1(System.Collections.Generic.IEnumerable{``0},System.Threading.Tasks.ParallelOptions,System.Action{``0,System.Threading.Tasks.ParallelLoopState,System.Int64})">
      <summary>
        <see langword="foreach" /> に対して、イテレーションが並列で実行される可能性があり、ループ オプションを構成でき、ループの状態を監視および操作できる、64 ビットのインデックスを持つ <see langword="For Each" /> (Visual Basic の場合は <see cref="T:System.Collections.IEnumerable" />) 操作を実行します。</summary>
      <param name="source">列挙可能なデータ ソース。</param>
      <param name="parallelOptions">この操作の動作を構成するオブジェクト。</param>
      <param name="body">1 回のイテレーションにつき 1 回呼び出されるデリゲート。</param>
      <typeparam name="TSource">ソース内のデータの型。</typeparam>
      <exception cref="T:System.OperationCanceledException">
        <paramref name="parallelOptions" /> 引数の <see cref="T:System.Threading.CancellationToken" /> が取り消されました</exception>
      <exception cref="T:System.ArgumentNullException">
        <paramref name="source" /> 引数が <see langword="null" /> です。  
  
- または - 
<paramref name="parallelOptions" /> 引数が <see langword="null" /> です。  
  
- または - 
<paramref name="body" /> 引数が <see langword="null" /> です。</exception>
      <exception cref="T:System.AggregateException">すべてのスレッドでスローされたすべての個別の例外を含む例外。</exception>
      <exception cref="T:System.ObjectDisposedException">
        <paramref name="parallelOptions" /> 内の <see cref="T:System.Threading.CancellationTokenSource" /> に関連付けられている <see cref="T:System.Threading.CancellationToken" /> は破棄されました。</exception>
      <returns>完了したループの部分に関する情報を格納している構造。</returns>
    </member>
    <member name="M:System.Threading.Tasks.Parallel.ForEach``1(System.Collections.Generic.IEnumerable{``0},System.Threading.Tasks.ParallelOptions,System.Action{``0,System.Threading.Tasks.ParallelLoopState})">
      <summary>
        <see langword="foreach" /> に対して、イテレーションが並列で実行される可能性があり、ループ オプションを構成でき、ループの状態を監視および操作できる <see langword="For Each" /> (Visual Basic の場合は <see cref="T:System.Collections.IEnumerable" />) 操作を実行します。</summary>
      <param name="source">列挙可能なデータ ソース。</param>
      <param name="parallelOptions">この操作の動作を構成するオブジェクト。</param>
      <param name="body">1 回のイテレーションにつき 1 回呼び出されるデリゲート。</param>
      <typeparam name="TSource">ソース内のデータの型。</typeparam>
      <exception cref="T:System.OperationCanceledException">
        <paramref name="parallelOptions" /> 引数の <see cref="T:System.Threading.CancellationToken" /> が取り消されました</exception>
      <exception cref="T:System.ArgumentNullException">
        <paramref name="source" /> 引数が <see langword="null" /> です。  
  
- または - 
<paramref name="parallelOptions" /> 引数が <see langword="null" /> です。  
  
- または - 
<paramref name="body" /> 引数が <see langword="null" /> です。</exception>
      <exception cref="T:System.AggregateException">すべてのスレッドでスローされたすべての個別の例外を含む例外。</exception>
      <exception cref="T:System.ObjectDisposedException">
        <paramref name="parallelOptions" /> 内の <see cref="T:System.Threading.CancellationTokenSource" /> に関連付けられている <see cref="T:System.Threading.CancellationToken" /> は破棄されました。</exception>
      <returns>完了したループの部分に関する情報を格納している構造。</returns>
    </member>
    <member name="M:System.Threading.Tasks.Parallel.ForEach``1(System.Collections.Generic.IEnumerable{``0},System.Threading.Tasks.ParallelOptions,System.Action{``0})">
      <summary>
        <see cref="T:System.Collections.IEnumerable" /> に対して、イテレーションが並列で実行される可能性があり、ループ オプションを構成できる <see langword="foreach" /> (Visual Basic の場合は <see langword="For Each" />) 操作を実行します。</summary>
      <param name="source">列挙可能なデータ ソース。</param>
      <param name="parallelOptions">この操作の動作を構成するオブジェクト。</param>
      <param name="body">1 回のイテレーションにつき 1 回呼び出されるデリゲート。</param>
      <typeparam name="TSource">ソース内のデータの型。</typeparam>
      <exception cref="T:System.OperationCanceledException">
        <paramref name="parallelOptions" /> 引数の <see cref="T:System.Threading.CancellationToken" /> が取り消されました</exception>
      <exception cref="T:System.ArgumentNullException">
        <paramref name="source" /> 引数が <see langword="null" /> です。  
  
- または - 
<paramref name="parallelOptions" /> 引数が <see langword="null" /> です。  
  
- または - 
<paramref name="body" /> 引数が <see langword="null" /> です。</exception>
      <exception cref="T:System.AggregateException">すべてのスレッドでスローされたすべての個別の例外を含む例外。</exception>
      <exception cref="T:System.ObjectDisposedException">
        <paramref name="parallelOptions" /> 内の <see cref="T:System.Threading.CancellationTokenSource" /> に関連付けられている <see cref="T:System.Threading.CancellationToken" /> は破棄されました。</exception>
      <returns>完了したループの部分に関する情報を格納している構造。</returns>
    </member>
    <member name="M:System.Threading.Tasks.Parallel.ForEach``2(System.Collections.Concurrent.OrderablePartitioner{``0},System.Func{``1},System.Func{``0,System.Threading.Tasks.ParallelLoopState,System.Int64,``1,``1},System.Action{``1})">
      <summary>
        <see langword="foreach" /> に対して、イテレーションが並列で実行される可能性があり、ループ オプションを構成でき、ループの状態を監視および操作できる、スレッド ローカル データを持つ <see langword="For Each" /> (Visual Basic の場合は <see cref="T:System.Collections.Concurrent.OrderablePartitioner`1" />) 操作を実行します。</summary>
      <param name="source">元のデータ ソースを格納している順序付け可能なパーティショナー。</param>
      <param name="localInit">各タスクのローカル データの初期状態を返す関数デリゲート。</param>
      <param name="body">1 回のイテレーションにつき 1 回呼び出されるデリゲート。</param>
      <param name="localFinally">各タスクのローカル状態に対して最後の操作を行うデリゲート。</param>
      <typeparam name="TSource">
        <paramref name="source" /> の要素の型。</typeparam>
      <typeparam name="TLocal">スレッド ローカル データの型。</typeparam>
      <exception cref="T:System.ArgumentNullException">
        <paramref name="source" /> 引数が <see langword="null" /> です。  
  
- または - 
<paramref name="body" /> 引数が <see langword="null" /> です。  
  
- または - 
<paramref name="localInit" /> 引数が <see langword="null" /> です。  
  
- または - 
<paramref name="localFinally" /> 引数が <see langword="null" /> です。</exception>
      <exception cref="T:System.InvalidOperationException">
        <paramref name="source" />
        <see cref="P:System.Collections.Concurrent.Partitioner`1.SupportsDynamicPartitions" /> の <see cref="T:System.Collections.Concurrent.Partitioner" /> プロパティは <see langword="false" /> を返します。またはパーティショナーは <see langword="null" /> パーティションを返します。</exception>
      <exception cref="T:System.AggregateException">すべてのスレッドでスローされたすべての個別の例外を含む例外。</exception>
      <returns>完了したループの部分に関する情報を格納している構造。</returns>
    </member>
    <member name="M:System.Threading.Tasks.Parallel.ForEach``2(System.Collections.Concurrent.OrderablePartitioner{``0},System.Threading.Tasks.ParallelOptions,System.Func{``1},System.Func{``0,System.Threading.Tasks.ParallelLoopState,System.Int64,``1,``1},System.Action{``1})">
      <summary>
        <see cref="T:System.Collections.Concurrent.OrderablePartitioner`1" /> に対して、イテレーションが並列で実行される可能性があり、ループ オプションを構成でき、ループの状態を監視および操作できる、64 ビットのインデックスとスレッド ローカル データを持つ <see langword="foreach" /> (Visual Basic の場合は <see langword="For Each" />) 操作を実行します。</summary>
      <param name="source">元のデータ ソースを格納している順序付け可能なパーティショナー。</param>
      <param name="parallelOptions">この操作の動作を構成するオブジェクト。</param>
      <param name="localInit">各タスクのローカル データの初期状態を返す関数デリゲート。</param>
      <param name="body">1 回のイテレーションにつき 1 回呼び出されるデリゲート。</param>
      <param name="localFinally">各タスクのローカル状態に対して最後の操作を行うデリゲート。</param>
      <typeparam name="TSource">
        <paramref name="source" /> の要素の型。</typeparam>
      <typeparam name="TLocal">スレッド ローカル データの型。</typeparam>
      <exception cref="T:System.ArgumentNullException">
        <paramref name="source" /> 引数が <see langword="null" /> です。  
  
- または - 
<paramref name="parallelOptions" /> 引数が <see langword="null" /> です。  
  
- または - 
<paramref name="body" /> 引数が <see langword="null" /> です。  
  
- または - 
<paramref name="localInit" /> または <paramref name="localFinally" /> 引数が <see langword="null" /> です。</exception>
      <exception cref="T:System.InvalidOperationException">
        <paramref name="source" />
        <see cref="P:System.Collections.Concurrent.Partitioner`1.SupportsDynamicPartitions" /> の <see cref="T:System.Collections.Concurrent.Partitioner" /> プロパティは <see langword="false" /> を返します。またはパーティショナーは <see langword="null" /> パーティションを返します。</exception>
      <exception cref="T:System.AggregateException">すべてのスレッドでスローされたすべての個別の例外を含む例外。</exception>
      <exception cref="T:System.OperationCanceledException">
        <paramref name="parallelOptions" /> 引数の <see cref="T:System.Threading.CancellationToken" /> が取り消されました。</exception>
      <exception cref="T:System.ObjectDisposedException">
        <paramref name="parallelOptions" /> 内の <see cref="T:System.Threading.CancellationTokenSource" /> に関連付けられている <see cref="T:System.Threading.CancellationToken" /> は破棄されました。</exception>
      <returns>完了したループの部分に関する情報を格納している構造。</returns>
    </member>
    <member name="M:System.Threading.Tasks.Parallel.ForEach``2(System.Collections.Concurrent.Partitioner{``0},System.Func{``1},System.Func{``0,System.Threading.Tasks.ParallelLoopState,``1,``1},System.Action{``1})">
      <summary>
        <see langword="foreach" /> に対して、イテレーションが並列で実行される可能性があり、ループの状態を監視および操作できる、スレッド ローカル データを持つ <see langword="For Each" /> (Visual Basic の場合は <see cref="T:System.Collections.Concurrent.Partitioner" />) 操作を実行します。</summary>
      <param name="source">元のデータ ソースを格納しているパーティショナー。</param>
      <param name="localInit">各タスクのローカル データの初期状態を返す関数デリゲート。</param>
      <param name="body">1 回のイテレーションにつき 1 回呼び出されるデリゲート。</param>
      <param name="localFinally">各タスクのローカル状態に対して最後の操作を行うデリゲート。</param>
      <typeparam name="TSource">
        <paramref name="source" /> の要素の型。</typeparam>
      <typeparam name="TLocal">スレッド ローカル データの型。</typeparam>
      <exception cref="T:System.ArgumentNullException">
        <paramref name="source" /> 引数が <see langword="null" /> です。  
  
- または - 
<paramref name="body" /> 引数が <see langword="null" /> です。  
  
- または - 
<paramref name="localInit" /> 引数が <see langword="null" /> です。  
  
- または - 
<paramref name="localFinally" /> 引数が <see langword="null" /> です。</exception>
      <exception cref="T:System.InvalidOperationException">
        <paramref name="source" />
        <see cref="P:System.Collections.Concurrent.Partitioner`1.SupportsDynamicPartitions" /> の <see cref="T:System.Collections.Concurrent.Partitioner" /> プロパティは <see langword="false" /> を返します。またはパーティショナーは <see langword="null" /> パーティションを返します。</exception>
      <exception cref="T:System.AggregateException">すべてのスレッドでスローされたすべての個別の例外を含む例外。</exception>
      <returns>完了したループの部分に関する情報を格納している構造。</returns>
    </member>
    <member name="M:System.Threading.Tasks.Parallel.ForEach``2(System.Collections.Concurrent.Partitioner{``0},System.Threading.Tasks.ParallelOptions,System.Func{``1},System.Func{``0,System.Threading.Tasks.ParallelLoopState,``1,``1},System.Action{``1})">
      <summary>
        <see cref="T:System.Collections.Concurrent.Partitioner" /> に対して、イテレーションが並列で実行される可能性があり、ループ オプションを構成でき、ループの状態を監視および操作できる、スレッド ローカル データを持つ <see langword="foreach" /> (Visual Basic の場合は <see langword="For Each" />) 操作を実行します。</summary>
      <param name="source">元のデータ ソースを格納しているパーティショナー。</param>
      <param name="parallelOptions">この操作の動作を構成するオブジェクト。</param>
      <param name="localInit">各タスクのローカル データの初期状態を返す関数デリゲート。</param>
      <param name="body">1 回のイテレーションにつき 1 回呼び出されるデリゲート。</param>
      <param name="localFinally">各タスクのローカル状態に対して最後の操作を行うデリゲート。</param>
      <typeparam name="TSource">
        <paramref name="source" /> の要素の型。</typeparam>
      <typeparam name="TLocal">スレッド ローカル データの型。</typeparam>
      <exception cref="T:System.ArgumentNullException">
        <paramref name="source" /> 引数が <see langword="null" /> です。  
  
- または - 
<paramref name="parallelOptions" /> 引数が <see langword="null" /> です。  
  
- または - 
<paramref name="body" /> 引数が <see langword="null" /> です。  
  
- または - 
<paramref name="localInit" /> 引数が <see langword="null" /> です。  
  
- または - 
<paramref name="localFinally" /> 引数が <see langword="null" /> です。</exception>
      <exception cref="T:System.InvalidOperationException">
        <paramref name="source" />
        <see cref="P:System.Collections.Concurrent.Partitioner`1.SupportsDynamicPartitions" /> の <see cref="T:System.Collections.Concurrent.Partitioner" /> プロパティは <see langword="false" /> を返します。またはパーティショナーは <see langword="null" /> パーティションを返します。</exception>
      <exception cref="T:System.AggregateException">すべてのスレッドでスローされたすべての個別の例外を含む例外。</exception>
      <exception cref="T:System.OperationCanceledException">
        <paramref name="parallelOptions" /> 引数の <see cref="T:System.Threading.CancellationToken" /> が取り消されました。</exception>
      <exception cref="T:System.ObjectDisposedException">
        <paramref name="parallelOptions" /> 内の <see cref="T:System.Threading.CancellationTokenSource" /> に関連付けられている <see cref="T:System.Threading.CancellationToken" /> は破棄されました。</exception>
      <returns>完了したループの部分に関する情報を格納している構造。</returns>
    </member>
    <member name="M:System.Threading.Tasks.Parallel.ForEach``2(System.Collections.Generic.IEnumerable{``0},System.Func{``1},System.Func{``0,System.Threading.Tasks.ParallelLoopState,``1,``1},System.Action{``1})">
      <summary>
        <see langword="foreach" /> に対して、イテレーションが並列で実行される可能性があり、ループの状態を監視および操作できる、スレッド ローカル データを持つ <see langword="For Each" /> (Visual Basic の場合は <see cref="T:System.Collections.IEnumerable" />) 操作を実行します。</summary>
      <param name="source">列挙可能なデータ ソース。</param>
      <param name="localInit">各タスクのローカル データの初期状態を返す関数デリゲート。</param>
      <param name="body">1 回のイテレーションにつき 1 回呼び出されるデリゲート。</param>
      <param name="localFinally">各タスクのローカル状態に対して最後の操作を行うデリゲート。</param>
      <typeparam name="TSource">ソース内のデータの型。</typeparam>
      <typeparam name="TLocal">スレッド ローカル データの型。</typeparam>
      <exception cref="T:System.ArgumentNullException">
        <paramref name="source" /> 引数が <see langword="null" /> です。  
  
- または - 
<paramref name="body" /> 引数が <see langword="null" /> です。  
  
- または - 
<paramref name="localInit" /> 引数が <see langword="null" /> です。  
  
- または - 
<paramref name="localFinally" /> 引数が <see langword="null" /> です。</exception>
      <exception cref="T:System.AggregateException">すべてのスレッドでスローされたすべての個別の例外を含む例外。</exception>
      <returns>完了したループの部分に関する情報を格納している構造。</returns>
    </member>
    <member name="M:System.Threading.Tasks.Parallel.ForEach``2(System.Collections.Generic.IEnumerable{``0},System.Func{``1},System.Func{``0,System.Threading.Tasks.ParallelLoopState,System.Int64,``1,``1},System.Action{``1})">
      <summary>
        <see langword="foreach" /> に対して、イテレーションが並列で実行される可能性があり、ループの状態を監視および操作できる、スレッド ローカル データを持つ <see langword="For Each" /> (Visual Basic の場合は <see cref="T:System.Collections.IEnumerable" />) 操作を実行します。</summary>
      <param name="source">列挙可能なデータ ソース。</param>
      <param name="localInit">各タスクのローカル データの初期状態を返す関数デリゲート。</param>
      <param name="body">1 回のイテレーションにつき 1 回呼び出されるデリゲート。</param>
      <param name="localFinally">各タスクのローカル状態に対して最後の操作を行うデリゲート。</param>
      <typeparam name="TSource">ソース内のデータの型。</typeparam>
      <typeparam name="TLocal">スレッド ローカル データの型。</typeparam>
      <exception cref="T:System.ArgumentNullException">
        <paramref name="source" /> 引数が <see langword="null" /> です。  
  
- または - 
<paramref name="body" /> 引数が <see langword="null" /> です。  
  
- または - 
<paramref name="localInit" /> 引数が <see langword="null" /> です。  
  
- または - 
<paramref name="localFinally" /> 引数が <see langword="null" /> です。</exception>
      <exception cref="T:System.AggregateException">すべてのスレッドでスローされたすべての個別の例外を含む例外。</exception>
      <returns>完了したループの部分に関する情報を格納している構造。</returns>
    </member>
    <member name="M:System.Threading.Tasks.Parallel.ForEach``2(System.Collections.Generic.IEnumerable{``0},System.Threading.Tasks.ParallelOptions,System.Func{``1},System.Func{``0,System.Threading.Tasks.ParallelLoopState,``1,``1},System.Action{``1})">
      <summary>
        <see cref="T:System.Collections.IEnumerable" /> に対して、イテレーションが並列で実行される可能性があり、ループ オプションを構成でき、ループの状態を監視および操作できる、スレッド ローカル データを持つ <see langword="foreach" /> (Visual Basic の場合は <see langword="For Each" />) 操作を実行します。</summary>
      <param name="source">列挙可能なデータ ソース。</param>
      <param name="parallelOptions">この操作の動作を構成するオブジェクト。</param>
      <param name="localInit">各タスクのローカル データの初期状態を返す関数デリゲート。</param>
      <param name="body">1 回のイテレーションにつき 1 回呼び出されるデリゲート。</param>
      <param name="localFinally">各タスクのローカル状態に対して最後の操作を行うデリゲート。</param>
      <typeparam name="TSource">ソース内のデータの型。</typeparam>
      <typeparam name="TLocal">スレッド ローカル データの型。</typeparam>
      <exception cref="T:System.ArgumentNullException">
        <paramref name="source" /> 引数が <see langword="null" /> です。  
  
- または - 
<paramref name="parallelOptions" /> 引数が <see langword="null" /> です。  
  
- または - 
<paramref name="body" /> 引数が <see langword="null" /> です。  
  
- または - 
<paramref name="localInit" /> 引数が <see langword="null" /> です。  
  
- または - 
<paramref name="localFinally" /> 引数が <see langword="null" /> です。</exception>
      <exception cref="T:System.OperationCanceledException">
        <paramref name="parallelOptions" /> 引数の <see cref="T:System.Threading.CancellationToken" /> が取り消されました。</exception>
      <exception cref="T:System.ObjectDisposedException">
        <paramref name="parallelOptions" /> 内の <see cref="T:System.Threading.CancellationTokenSource" /> に関連付けられている <see cref="T:System.Threading.CancellationToken" /> は破棄されました。</exception>
      <exception cref="T:System.AggregateException">すべてのスレッドでスローされたすべての個別の例外を含む例外。</exception>
      <returns>完了したループの部分に関する情報を格納している構造。</returns>
    </member>
    <member name="M:System.Threading.Tasks.Parallel.ForEach``2(System.Collections.Generic.IEnumerable{``0},System.Threading.Tasks.ParallelOptions,System.Func{``1},System.Func{``0,System.Threading.Tasks.ParallelLoopState,System.Int64,``1,``1},System.Action{``1})">
      <summary>
        <see cref="T:System.Collections.IEnumerable" /> に対して、イテレーションが並列で実行される可能性があり、ループ オプションを構成でき、ループの状態を監視および操作できる、スレッド ローカル データと 64 ビットのインデックスを持つ <see langword="foreach" /> (Visual Basic の場合は <see langword="For Each" />) 操作を実行します。</summary>
      <param name="source">列挙可能なデータ ソース。</param>
      <param name="parallelOptions">この操作の動作を構成するオブジェクト。</param>
      <param name="localInit">各タスクのローカル データの初期状態を返す関数デリゲート。</param>
      <param name="body">1 回のイテレーションにつき 1 回呼び出されるデリゲート。</param>
      <param name="localFinally">各タスクのローカル状態に対して最後の操作を行うデリゲート。</param>
      <typeparam name="TSource">ソース内のデータの型。</typeparam>
      <typeparam name="TLocal">スレッド ローカル データの型。</typeparam>
      <exception cref="T:System.ArgumentNullException">
        <paramref name="source" /> 引数が <see langword="null" /> です。  
  
- または - 
<paramref name="parallelOptions" /> 引数が <see langword="null" /> です。  
  
- または - 
<paramref name="body" /> 引数が <see langword="null" /> です。  
  
- または - 
<paramref name="localInit" /> 引数が <see langword="null" /> です。  
  
- または - 
<paramref name="localFinally" /> 引数が <see langword="null" /> です。</exception>
      <exception cref="T:System.OperationCanceledException">
        <paramref name="parallelOptions" /> 引数の <see cref="T:System.Threading.CancellationToken" /> が取り消されました。</exception>
      <exception cref="T:System.ObjectDisposedException">
        <paramref name="parallelOptions" /> 内の <see cref="T:System.Threading.CancellationTokenSource" /> に関連付けられている <see cref="T:System.Threading.CancellationToken" /> は破棄されました。</exception>
      <exception cref="T:System.AggregateException">すべてのスレッドでスローされたすべての個別の例外を含む例外。</exception>
      <returns>完了したループの部分に関する情報を格納している構造。</returns>
    </member>
    <member name="M:System.Threading.Tasks.Parallel.ForEachAsync``1(System.Collections.Generic.IAsyncEnumerable{``0},System.Func{``0,System.Threading.CancellationToken,System.Threading.Tasks.ValueTask})">
      <summary>Executes a <c>for-each</c> operation on an <see cref="T:System.Collections.Generic.IEnumerable`1" /> in which iterations may run in parallel.</summary>
      <param name="source">An enumerable data source.</param>
      <param name="body">An asynchronous delegate that is invoked once per element in the data source.</param>
      <typeparam name="TSource">The type of the data in the source.</typeparam>
      <exception cref="T:System.ArgumentNullException">
        <paramref name="source" /> or <paramref name="body" /> is <see langword="null" />.</exception>
      <returns>A task that represents the entire <c>for-each</c> operation.</returns>
    </member>
    <member name="M:System.Threading.Tasks.Parallel.ForEachAsync``1(System.Collections.Generic.IAsyncEnumerable{``0},System.Threading.CancellationToken,System.Func{``0,System.Threading.CancellationToken,System.Threading.Tasks.ValueTask})">
      <summary>Executes a <c>for-each</c> operation on an <see cref="T:System.Collections.Generic.IEnumerable`1" /> in which iterations may run in parallel.</summary>
      <param name="source">An enumerable data source.</param>
      <param name="cancellationToken">A cancellation token that may be used to cancel the <c>for-each</c> operation.</param>
      <param name="body">An asynchronous delegate that is invoked once per element in the data source.</param>
      <typeparam name="TSource">The type of the data in the source.</typeparam>
      <exception cref="T:System.ArgumentNullException">
        <paramref name="source" /> or <paramref name="body" /> is <see langword="null" />.</exception>
      <returns>A task that represents the entire <c>for-each</c> operation.</returns>
    </member>
    <member name="M:System.Threading.Tasks.Parallel.ForEachAsync``1(System.Collections.Generic.IAsyncEnumerable{``0},System.Threading.Tasks.ParallelOptions,System.Func{``0,System.Threading.CancellationToken,System.Threading.Tasks.ValueTask})">
      <summary>Executes a <c>for-each</c> operation on an <see cref="T:System.Collections.Generic.IEnumerable`1" /> in which iterations may run in parallel.</summary>
      <param name="source">An enumerable data source.</param>
      <param name="parallelOptions">An object that configures the behavior of this operation.</param>
      <param name="body">An asynchronous delegate that is invoked once per element in the data source.</param>
      <typeparam name="TSource">The type of the data in the source.</typeparam>
      <exception cref="T:System.ArgumentNullException">
        <paramref name="source" /> or <paramref name="body" /> is <see langword="null" />.</exception>
      <returns>A task that represents the entire <c>for-each</c> operation.</returns>
    </member>
    <member name="M:System.Threading.Tasks.Parallel.ForEachAsync``1(System.Collections.Generic.IEnumerable{``0},System.Func{``0,System.Threading.CancellationToken,System.Threading.Tasks.ValueTask})">
      <summary>Executes a <c>for-each</c> operation on an <see cref="T:System.Collections.Generic.IEnumerable`1" /> in which iterations may run in parallel.</summary>
      <param name="source">An enumerable data source.</param>
      <param name="body">An asynchronous delegate that is invoked once per element in the data source.</param>
      <typeparam name="TSource">The type of the data in the source.</typeparam>
      <exception cref="T:System.ArgumentNullException">
        <paramref name="source" /> or <paramref name="body" /> is <see langword="null" />.</exception>
      <returns>A task that represents the entire <c>for-each</c> operation.</returns>
    </member>
    <member name="M:System.Threading.Tasks.Parallel.ForEachAsync``1(System.Collections.Generic.IEnumerable{``0},System.Threading.CancellationToken,System.Func{``0,System.Threading.CancellationToken,System.Threading.Tasks.ValueTask})">
      <summary>Executes a <c>for-each</c> operation on an <see cref="T:System.Collections.Generic.IEnumerable`1" /> in which iterations may run in parallel.</summary>
      <param name="source">An enumerable data source.</param>
      <param name="cancellationToken">A cancellation token that may be used to cancel the <c>for-each</c> operation.</param>
      <param name="body">An asynchronous delegate that is invoked once per element in the data source.</param>
      <typeparam name="TSource">The type of the data in the source.</typeparam>
      <exception cref="T:System.ArgumentNullException">
        <paramref name="source" /> or <paramref name="body" /> is <see langword="null" />.</exception>
      <returns>A task that represents the entire <c>for-each</c> operation.</returns>
    </member>
    <member name="M:System.Threading.Tasks.Parallel.ForEachAsync``1(System.Collections.Generic.IEnumerable{``0},System.Threading.Tasks.ParallelOptions,System.Func{``0,System.Threading.CancellationToken,System.Threading.Tasks.ValueTask})">
      <summary>Executes a <c>for-each</c> operation on an <see cref="T:System.Collections.Generic.IEnumerable`1" /> in which iterations may run in parallel.</summary>
      <param name="source">An enumerable data source.</param>
      <param name="parallelOptions">An object that configures the behavior of this operation.</param>
      <param name="body">An asynchronous delegate that is invoked once per element in the data source.</param>
      <typeparam name="TSource">The type of the data in the source.</typeparam>
      <exception cref="T:System.ArgumentNullException">
        <paramref name="source" /> or <paramref name="body" /> is <see langword="null" />.</exception>
      <returns>A task that represents the entire <c>for-each</c> operation.</returns>
    </member>
    <member name="M:System.Threading.Tasks.Parallel.Invoke(System.Action[])">
      <summary>指定された一連のアクションの各アクションを実行します (場合によっては並列で)。</summary>
      <param name="actions">実行対象の <see cref="T:System.Action" /> の配列。</param>
      <exception cref="T:System.ArgumentNullException">
        <paramref name="actions" /> 引数が <see langword="null" /> です。</exception>
      <exception cref="T:System.AggregateException">
        <paramref name="actions" /> 配列内のアクションが例外をスローしたときにスローされる例外。</exception>
      <exception cref="T:System.ArgumentException">
        <paramref name="actions" /> 配列に <see langword="null" /> 要素が含まれています。</exception>
    </member>
    <member name="M:System.Threading.Tasks.Parallel.Invoke(System.Threading.Tasks.ParallelOptions,System.Action[])">
      <summary>操作がユーザーによって取り消されていない限り、指定された各アクションを実行します。アクションは並列で実行される可能性があります。</summary>
      <param name="parallelOptions">この操作の動作を構成するオブジェクト。</param>
      <param name="actions">実行対象のアクションの配列。</param>
      <exception cref="T:System.OperationCanceledException">
        <paramref name="parallelOptions" /> 内の <see cref="T:System.Threading.CancellationToken" /> が設定されます。</exception>
      <exception cref="T:System.ArgumentNullException">
        <paramref name="actions" /> 引数が <see langword="null" /> です。  
  
- または - 
<paramref name="parallelOptions" /> 引数が <see langword="null" /> です。</exception>
      <exception cref="T:System.AggregateException">
        <paramref name="actions" /> 配列内のアクションが例外をスローしたときにスローされる例外。</exception>
      <exception cref="T:System.ArgumentException">
        <paramref name="actions" /> 配列に <see langword="null" /> 要素が含まれています。</exception>
      <exception cref="T:System.ObjectDisposedException">
        <paramref name="parallelOptions" /> 内の <see cref="T:System.Threading.CancellationTokenSource" /> に関連付けられている <see cref="T:System.Threading.CancellationToken" /> は破棄されました。</exception>
    </member>
    <member name="T:System.Threading.Tasks.ParallelLoopResult">
      <summary>
        <see cref="T:System.Threading.Tasks.Parallel" /> ループの実行の完了ステータスを示します。</summary>
    </member>
    <member name="P:System.Threading.Tasks.ParallelLoopResult.IsCompleted">
      <summary>ループが完了するまで実行されたかどうか (ループのすべての反復処理が実行され、ループが途中終了要求を受け取らなかったかどうか) を示す値を取得します。</summary>
      <returns>ループが完了するまで実行された場合は true。それ以外の場合は false。</returns>
    </member>
    <member name="P:System.Threading.Tasks.ParallelLoopResult.LowestBreakIteration">
      <summary>
        <see cref="M:System.Threading.Tasks.ParallelLoopState.Break" /> を呼び出した反復処理のうち、最も下位の反復処理のインデックスを取得します。</summary>
      <returns>Break ステートメントを呼び出した反復処理のうち、最も下位の反復処理を表す整数を返します。</returns>
    </member>
    <member name="T:System.Threading.Tasks.ParallelLoopState">
      <summary>他のイテレーションと対話するように、並列ループのイテレーションを有効にします。 このクラスのインスタンスは、<see cref="T:System.Threading.Tasks.Parallel" /> クラスから各ループに提供されるため、コードでインスタンスを作成することはできません。</summary>
    </member>
    <member name="M:System.Threading.Tasks.ParallelLoopState.Break">
      <summary>現在のイテレーションの終了後、システムはできるだけ早く <see cref="T:System.Threading.Tasks.Parallel" /> ループの実行を終了する必要があることを通知します。</summary>
      <exception cref="T:System.InvalidOperationException">
        <see cref="M:System.Threading.Tasks.ParallelLoopState.Stop" /> メソッドは既に呼び出されました。 <see cref="M:System.Threading.Tasks.ParallelLoopState.Break" /> と <see cref="M:System.Threading.Tasks.ParallelLoopState.Stop" /> は、同じループのイテレーションで組み合わせて使用することはできません。</exception>
    </member>
    <member name="M:System.Threading.Tasks.ParallelLoopState.Stop">
      <summary>システムはできるだけ早く <see cref="T:System.Threading.Tasks.Parallel" /> ループの実行を終了する必要があることを通知します。</summary>
      <exception cref="T:System.InvalidOperationException">
        <see cref="M:System.Threading.Tasks.ParallelLoopState.Break" /> メソッドは、既に呼び出されています。 <see cref="M:System.Threading.Tasks.ParallelLoopState.Break" /> と <see cref="M:System.Threading.Tasks.ParallelLoopState.Stop" /> は、同じループのイテレーションで組み合わせて使用することはできません。</exception>
    </member>
    <member name="P:System.Threading.Tasks.ParallelLoopState.IsExceptional">
      <summary>ループのいずれかのイテレーションが、そのイテレーションによって処理されなかった例外をスローしたかどうかを示す値を取得します。</summary>
      <returns>
        <see langword="true" /> 未処理の例外がスローされた場合は。それ以外の場合は <see langword="false" /> 。</returns>
    </member>
    <member name="P:System.Threading.Tasks.ParallelLoopState.IsStopped">
      <summary>ループのいずれかのイテレーションが <see cref="M:System.Threading.Tasks.ParallelLoopState.Stop" /> メソッドを呼び出したかどうかを示す値を取得します。</summary>
      <returns>
        <see cref="M:System.Threading.Tasks.ParallelLoopState.Stop" /> メソッドを呼び出していずれかのイテレーションが停止した場合は <see langword="true" />、それ以外の場合は <see langword="false" />。</returns>
    </member>
    <member name="P:System.Threading.Tasks.ParallelLoopState.LowestBreakIteration">
      <summary>
        <see cref="M:System.Threading.Tasks.ParallelLoopState.Break" /> を呼び出したループのイテレーションのうち、最下位のイテレーションを取得します。</summary>
      <returns>
        <see cref="M:System.Threading.Tasks.ParallelLoopState.Break" /> を呼び出したイテレーションのうち、最下位のイテレーション。 <see cref="M:System.Threading.Tasks.Parallel.ForEach``1(System.Collections.Concurrent.Partitioner{``0},System.Action{``0})" /> ループの場合、値は内部的に生成されたインデックスに基づきます。</returns>
    </member>
    <member name="P:System.Threading.Tasks.ParallelLoopState.ShouldExitCurrentIteration">
      <summary>このイテレーションまたは他のイテレーションからの要求に基づいて、ループの現在のイテレーションを終了する必要があるかどうかを示す値を取得します。</summary>
      <returns>現在のイテレーションを終了する必要がある場合は <see langword="true" />。それ以外の場合は <see langword="false" />。</returns>
    </member>
    <member name="T:System.Threading.Tasks.ParallelOptions">
      <summary>
        <see cref="T:System.Threading.Tasks.Parallel" /> クラスのメソッドの操作を構成するオプションを格納します。</summary>
    </member>
    <member name="M:System.Threading.Tasks.ParallelOptions.#ctor">
      <summary>
        <see cref="T:System.Threading.Tasks.ParallelOptions" /> クラスの新しいインスタンスを初期化します。</summary>
    </member>
    <member name="P:System.Threading.Tasks.ParallelOptions.CancellationToken">
      <summary>この <see cref="T:System.Threading.Tasks.ParallelOptions" /> インスタンスに関連付けられている <see cref="T:System.Threading.CancellationToken" /> を取得または設定します。</summary>
      <returns>このインスタンスに関連付けられているトークン。</returns>
    </member>
    <member name="P:System.Threading.Tasks.ParallelOptions.MaxDegreeOfParallelism">
      <summary>この <see cref="T:System.Threading.Tasks.ParallelOptions" /> インスタンスによって実現される同時実行タスクの最大数を取得または設定します。</summary>
      <exception cref="T:System.ArgumentOutOfRangeException">プロパティが 0 に設定されているか、-1 より小さい値に設定されています。</exception>
      <returns>並列化の最大レベルを表す整数。</returns>
    </member>
    <member name="P:System.Threading.Tasks.ParallelOptions.TaskScheduler">
      <summary>この <see cref="T:System.Threading.Tasks.ParallelOptions" /> インスタンスに関連付けられている <see cref="T:System.Threading.Tasks.TaskScheduler" /> を取得または設定します。 このプロパティを null に設定すると、現在のスケジューラが使用されます。</summary>
      <returns>このインスタンスに関連付けられているタスク スケジューラ。</returns>
    </member>
  </members>
</doc>