<doc>
  <assembly>
    <name>System.Net.NameResolution</name>
  </assembly>
  <members>
    <member name="T:System.Net.Dns">
      <summary>単純なドメイン名解決機能を提供します。</summary>
    </member>
    <member name="M:System.Net.Dns.BeginGetHostAddresses(System.String,System.AsyncCallback,System.Object)">
      <summary>指定したホストのインターネット プロトコル (IP) アドレスを非同期的に返します。</summary>
      <param name="hostNameOrAddress">解決するホスト名または IP アドレス。</param>
      <param name="requestCallback">操作の完了時に呼び出すメソッドを参照する <see cref="T:System.AsyncCallback" /> デリゲート。</param>
      <param name="state">操作に関する情報を格納するユーザー定義のオブジェクト。 このオブジェクトは、操作の完了時に <paramref name="requestCallback" /> デリゲートに渡されます。</param>
      <exception cref="T:System.ArgumentNullException">
        <paramref name="hostNameOrAddress" /> が <see langword="null" />です。</exception>
      <exception cref="T:System.ArgumentOutOfRangeException">
        <paramref name="hostNameOrAddress" /> の長さが 255 文字を超えています。</exception>
      <exception cref="T:System.Net.Sockets.SocketException">
        <paramref name="hostNameOrAddress" /> を解決するときにエラーが発生しました。</exception>
      <exception cref="T:System.ArgumentException">
        <paramref name="hostNameOrAddress" /> は無効な IP アドレスです。</exception>
      <returns>非同期要求を参照する <see cref="T:System.IAsyncResult" /> インスタンス。</returns>
    </member>
    <member name="M:System.Net.Dns.BeginGetHostByName(System.String,System.AsyncCallback,System.Object)">
      <summary>指定した DNS ホスト名についての <see cref="T:System.Net.IPHostEntry" /> 情報の非同期要求を開始します。</summary>
      <param name="hostName">ホストの DNS 名。</param>
      <param name="requestCallback">操作の完了時に呼び出すメソッドを参照する <see cref="T:System.AsyncCallback" /> デリゲート。</param>
      <param name="stateObject">操作に関する情報を格納するユーザー定義のオブジェクト。 このオブジェクトは、操作の完了時に <paramref name="requestCallback" /> デリゲートに渡されます。</param>
      <exception cref="T:System.ArgumentNullException">
        <paramref name="hostName" /> が <see langword="null" />です。</exception>
      <exception cref="T:System.Net.Sockets.SocketException">DNS クエリの実行中にエラーが発生しました。</exception>
      <returns>非同期要求を参照する <see cref="T:System.IAsyncResult" /> インスタンス。</returns>
    </member>
    <member name="M:System.Net.Dns.BeginGetHostEntry(System.Net.IPAddress,System.AsyncCallback,System.Object)">
      <summary>IP アドレスを非同期的に <see cref="T:System.Net.IPHostEntry" /> インスタンスに解決します。</summary>
      <param name="address">解決する IP アドレス。</param>
      <param name="requestCallback">操作の完了時に呼び出すメソッドを参照する <see cref="T:System.AsyncCallback" /> デリゲート。</param>
      <param name="stateObject">操作に関する情報を格納するユーザー定義のオブジェクト。 このオブジェクトは、操作の完了時に <paramref name="requestCallback" /> デリゲートに渡されます。</param>
      <exception cref="T:System.ArgumentNullException">
        <paramref name="address" /> が <see langword="null" />です。</exception>
      <exception cref="T:System.Net.Sockets.SocketException">
        <paramref name="address" /> を解決するときにエラーが発生しました。</exception>
      <exception cref="T:System.ArgumentException">
        <paramref name="address" /> は無効な IP アドレスです。</exception>
      <returns>非同期要求を参照する <see cref="T:System.IAsyncResult" /> インスタンス。</returns>
    </member>
    <member name="M:System.Net.Dns.BeginGetHostEntry(System.String,System.AsyncCallback,System.Object)">
      <summary>ホスト名または IP アドレスを非同期的に <see cref="T:System.Net.IPHostEntry" /> インスタンスに解決します。</summary>
      <param name="hostNameOrAddress">解決するホスト名または IP アドレス。</param>
      <param name="requestCallback">操作の完了時に呼び出すメソッドを参照する <see cref="T:System.AsyncCallback" /> デリゲート。</param>
      <param name="stateObject">操作に関する情報を格納するユーザー定義のオブジェクト。 このオブジェクトは、操作の完了時に <paramref name="requestCallback" /> デリゲートに渡されます。</param>
      <exception cref="T:System.ArgumentNullException">
        <paramref name="hostNameOrAddress" /> が <see langword="null" />です。</exception>
      <exception cref="T:System.ArgumentOutOfRangeException">
        <paramref name="hostNameOrAddress" /> の長さが 255 文字を超えています。</exception>
      <exception cref="T:System.Net.Sockets.SocketException">
        <paramref name="hostNameOrAddress" /> を解決するときにエラーが発生しました。</exception>
      <exception cref="T:System.ArgumentException">
        <paramref name="hostNameOrAddress" /> は無効な IP アドレスです。</exception>
      <returns>非同期要求を参照する <see cref="T:System.IAsyncResult" /> インスタンス。</returns>
    </member>
    <member name="M:System.Net.Dns.BeginResolve(System.String,System.AsyncCallback,System.Object)">
      <summary>非同期要求を開始して DNS ホスト名または IP アドレスを <see cref="T:System.Net.IPAddress" /> インスタンスに解決します。</summary>
      <param name="hostName">ホストの DNS 名。</param>
      <param name="requestCallback">操作の完了時に呼び出すメソッドを参照する <see cref="T:System.AsyncCallback" /> デリゲート。</param>
      <param name="stateObject">操作に関する情報を格納するユーザー定義のオブジェクト。 このオブジェクトは、操作の完了時に <paramref name="requestCallback" /> デリゲートに渡されます。</param>
      <exception cref="T:System.ArgumentNullException">
        <paramref name="hostName" /> が <see langword="null" />です。</exception>
      <exception cref="T:System.Net.Sockets.SocketException">呼び出し元に、DNS 情報にアクセスするためのアクセス許可がありません。</exception>
      <returns>非同期要求を参照する <see cref="T:System.IAsyncResult" /> インスタンス。</returns>
    </member>
    <member name="M:System.Net.Dns.EndGetHostAddresses(System.IAsyncResult)">
      <summary>DNS 情報の非同期要求を終了します。</summary>
      <param name="asyncResult">
        <see cref="T:System.IAsyncResult" /> メソッドへの呼び出しで返された <see cref="M:System.Net.Dns.BeginGetHostAddresses(System.String,System.AsyncCallback,System.Object)" /> インスタンス。</param>
      <returns>
        <see cref="T:System.Net.IPAddress" /> の <paramref name="hostNameOrAddress" /> パラメーターで指定されたホストの IP アドレスを保持する <see cref="M:System.Net.Dns.BeginGetHostAddresses(System.String,System.AsyncCallback,System.Object)" /> 型の配列。</returns>
    </member>
    <member name="M:System.Net.Dns.EndGetHostByName(System.IAsyncResult)">
      <summary>DNS 情報の非同期要求を終了します。</summary>
      <param name="asyncResult">
        <see cref="T:System.IAsyncResult" /> メソッドへの呼び出しで返された <see cref="M:System.Net.Dns.BeginGetHostByName(System.String,System.AsyncCallback,System.Object)" /> インスタンス。</param>
      <exception cref="T:System.ArgumentNullException">
        <paramref name="asyncResult" /> が <see langword="null" />です。</exception>
      <returns>ホストについての DNS 情報を格納する <see cref="T:System.Net.IPHostEntry" /> オブジェクト。</returns>
    </member>
    <member name="M:System.Net.Dns.EndGetHostEntry(System.IAsyncResult)">
      <summary>DNS 情報の非同期要求を終了します。</summary>
      <param name="asyncResult">
        <see cref="T:System.IAsyncResult" /> メソッドへの呼び出しで返された <see cref="Overload:System.Net.Dns.BeginGetHostEntry" /> インスタンス。</param>
      <exception cref="T:System.ArgumentNullException">
        <paramref name="asyncResult" /> が <see langword="null" />です。</exception>
      <returns>ホストについてのアドレス情報を格納する <see cref="T:System.Net.IPHostEntry" /> インスタンス。</returns>
    </member>
    <member name="M:System.Net.Dns.EndResolve(System.IAsyncResult)">
      <summary>DNS 情報の非同期要求を終了します。</summary>
      <param name="asyncResult">
        <see cref="T:System.IAsyncResult" /> メソッドへの呼び出しで返された <see cref="M:System.Net.Dns.BeginResolve(System.String,System.AsyncCallback,System.Object)" /> インスタンス。</param>
      <exception cref="T:System.ArgumentNullException">
        <paramref name="asyncResult" /> が <see langword="null" />です。</exception>
      <returns>ホストについての DNS 情報を格納する <see cref="T:System.Net.IPHostEntry" /> オブジェクト。</returns>
    </member>
    <member name="M:System.Net.Dns.GetHostAddresses(System.String)">
      <summary>指定したホストのインターネット プロトコル (IP: Internet Protocol) アドレスを返します。</summary>
      <param name="hostNameOrAddress">解決するホスト名または IP アドレス。</param>
      <exception cref="T:System.ArgumentNullException">
        <paramref name="hostNameOrAddress" /> が <see langword="null" />です。</exception>
      <exception cref="T:System.ArgumentOutOfRangeException">
        <paramref name="hostNameOrAddress" /> の長さが 255 文字を超えています。</exception>
      <exception cref="T:System.Net.Sockets.SocketException">
        <paramref name="hostNameOrAddress" /> を解決するときにエラーが発生しました。</exception>
      <exception cref="T:System.ArgumentException">
        <paramref name="hostNameOrAddress" /> は無効な IP アドレスです。</exception>
      <returns>
        <paramref name="hostNameOrAddress" /> パラメーターで指定されたホストの IP アドレスを保持する <see cref="T:System.Net.IPAddress" /> 型の配列。</returns>
    </member>
    <member name="M:System.Net.Dns.GetHostAddresses(System.String,System.Net.Sockets.AddressFamily)">
      <summary>Returns the Internet Protocol (IP) addresses for the specified host.</summary>
      <param name="hostNameOrAddress">The host name or IP address to resolve.</param>
      <param name="family">The address family for which IPs should be retrieved. If <see cref="F:System.Net.Sockets.AddressFamily.Unspecified" />, retrieve all IPs regardless of address family.</param>
      <returns>An array of type <see cref="T:System.Net.IPAddress" /> that holds the IP addresses for the host that is specified by the <paramref name="hostNameOrAddress" /> parameter.</returns>
    </member>
    <member name="M:System.Net.Dns.GetHostAddressesAsync(System.String)">
      <summary>指定したホストのインターネット プロトコル (IP) アドレスを非同期操作として返します。</summary>
      <param name="hostNameOrAddress">解決するホスト名または IP アドレス。</param>
      <exception cref="T:System.ArgumentNullException">
        <paramref name="hostNameOrAddress" /> が <see langword="null" />です。</exception>
      <exception cref="T:System.ArgumentOutOfRangeException">
        <paramref name="hostNameOrAddress" /> の長さが 255 文字を超えています。</exception>
      <exception cref="T:System.Net.Sockets.SocketException">
        <paramref name="hostNameOrAddress" /> を解決するときにエラーが発生しました。</exception>
      <exception cref="T:System.ArgumentException">
        <paramref name="hostNameOrAddress" /> は無効な IP アドレスです。</exception>
      <returns>非同期操作を表すタスク オブジェクト。 タスク オブジェクトの <see cref="P:System.Threading.Tasks.Task`1.Result" /> プロパティは、<paramref name="hostNameOrAddress" /> パラメーターで指定されたホストの IP アドレスを保持する <see cref="T:System.Net.IPAddress" /> 型の配列を返します。</returns>
    </member>
    <member name="M:System.Net.Dns.GetHostAddressesAsync(System.String,System.Net.Sockets.AddressFamily,System.Threading.CancellationToken)">
      <summary>Returns the Internet Protocol (IP) addresses for the specified host as an asynchronous operation.</summary>
      <param name="hostNameOrAddress">The host name or IP address to resolve.</param>
      <param name="family">The address family for which IPs should be retrieved. If <see cref="F:System.Net.Sockets.AddressFamily.Unspecified" />, retrieve all IPs regardless of address family.</param>
      <param name="cancellationToken">A cancellation token that can be used to signal the asynchronous operation should be canceled.</param>
      <returns>The task object representing the asynchronous operation. The <see cref="P:System.Threading.Tasks.Task`1.Result" /> property on the task object returns an array of type <see cref="T:System.Net.IPAddress" /> that holds the IP addresses for the host that is specified by the <paramref name="hostNameOrAddress" /> parameter.</returns>
    </member>
    <member name="M:System.Net.Dns.GetHostAddressesAsync(System.String,System.Threading.CancellationToken)">
      <summary>Returns the Internet Protocol (IP) addresses for the specified host as an asynchronous operation.</summary>
      <param name="hostNameOrAddress">The host name or IP address to resolve.</param>
      <param name="cancellationToken">A cancellation token that can be used to signal the asynchronous operation should be canceled.</param>
      <returns>The task object representing the asynchronous operation. The <see cref="P:System.Threading.Tasks.Task`1.Result" /> property on the task object returns an array of type <see cref="T:System.Net.IPAddress" /> that holds the IP addresses for the host that is specified by the <paramref name="hostNameOrAddress" /> parameter.</returns>
    </member>
    <member name="M:System.Net.Dns.GetHostByAddress(System.Net.IPAddress)">
      <summary>指定した <see cref="T:System.Net.IPHostEntry" /> に対する <see cref="T:System.Net.IPAddress" /> インスタンスを作成します。</summary>
      <param name="address">
        <see cref="T:System.Net.IPAddress" />。</param>
      <exception cref="T:System.ArgumentNullException">
        <paramref name="address" /> が <see langword="null" />です。</exception>
      <exception cref="T:System.Net.Sockets.SocketException">
        <paramref name="address" /> を解決するときにエラーが発生しました。</exception>
      <returns>
        <see cref="T:System.Net.IPHostEntry" /> のインスタンス。</returns>
    </member>
    <member name="M:System.Net.Dns.GetHostByAddress(System.String)">
      <summary>IP アドレスから <see cref="T:System.Net.IPHostEntry" /> インスタンスを作成します。</summary>
      <param name="address">IP アドレス。</param>
      <exception cref="T:System.ArgumentNullException">
        <paramref name="address" /> が <see langword="null" />です。</exception>
      <exception cref="T:System.Net.Sockets.SocketException">
        <paramref name="address" /> を解決するときにエラーが発生しました。</exception>
      <exception cref="T:System.FormatException">
        <paramref name="address" /> が有効な IP アドレスではありません。</exception>
      <returns>
        <see cref="T:System.Net.IPHostEntry" /> のインスタンス。</returns>
    </member>
    <member name="M:System.Net.Dns.GetHostByName(System.String)">
      <summary>指定した DNS ホスト名の DNS 情報を取得します。</summary>
      <param name="hostName">ホストの DNS 名。</param>
      <exception cref="T:System.ArgumentNullException">
        <paramref name="hostName" /> が <see langword="null" />です。</exception>
      <exception cref="T:System.ArgumentOutOfRangeException">
        <paramref name="hostName" /> の長さが 255 文字を超えています。</exception>
      <exception cref="T:System.Net.Sockets.SocketException">
        <paramref name="hostName" /> を解決するときにエラーが発生しました。</exception>
      <returns>
        <paramref name="hostName" /> で指定したアドレスのホスト情報を格納する <see cref="T:System.Net.IPHostEntry" /> オブジェクト。</returns>
    </member>
    <member name="M:System.Net.Dns.GetHostEntry(System.Net.IPAddress)">
      <summary>IP アドレスを <see cref="T:System.Net.IPHostEntry" /> インスタンスに解決します。</summary>
      <param name="address">IP アドレス。</param>
      <exception cref="T:System.ArgumentNullException">
        <paramref name="address" /> が <see langword="null" />です。</exception>
      <exception cref="T:System.Net.Sockets.SocketException">
        <paramref name="address" /> を解決するときにエラーが発生しました。</exception>
      <exception cref="T:System.ArgumentException">
        <paramref name="address" /> は無効な IP アドレスです。</exception>
      <returns>
        <paramref name="address" /> で指定するホストについてのアドレス情報を格納する <see cref="T:System.Net.IPHostEntry" /> インスタンス。</returns>
    </member>
    <member name="M:System.Net.Dns.GetHostEntry(System.String)">
      <summary>ホスト名または IP アドレスを <see cref="T:System.Net.IPHostEntry" /> インスタンスに解決します。</summary>
      <param name="hostNameOrAddress">解決するホスト名または IP アドレス。</param>
      <exception cref="T:System.ArgumentNullException">
        <paramref name="hostNameOrAddress" /> パラメーターが <see langword="null" /> です。</exception>
      <exception cref="T:System.ArgumentOutOfRangeException">
        <paramref name="hostNameOrAddress" /> パラメーターの長さが 255 文字を超えています。</exception>
      <exception cref="T:System.Net.Sockets.SocketException">
        <paramref name="hostNameOrAddress" /> パラメーターを解決するときにエラーが発生しました。</exception>
      <exception cref="T:System.ArgumentException">
        <paramref name="hostNameOrAddress" /> パラメーターの IP アドレスが無効です。</exception>
      <returns>
        <paramref name="hostNameOrAddress" /> で指定するホストについてのアドレス情報を格納する <see cref="T:System.Net.IPHostEntry" /> インスタンス。</returns>
    </member>
    <member name="M:System.Net.Dns.GetHostEntry(System.String,System.Net.Sockets.AddressFamily)">
      <summary>Resolves a host name or IP address to an <see cref="T:System.Net.IPHostEntry" /> instance.</summary>
      <param name="hostNameOrAddress">The host name or IP address to resolve.</param>
      <param name="family">The address family for which IPs should be retrieved. If <see cref="F:System.Net.Sockets.AddressFamily.Unspecified" />, retrieve all IPs regardless of address family.</param>
      <returns>An <see cref="T:System.Net.IPHostEntry" /> instance that contains the address information about the host specified in <paramref name="hostNameOrAddress" />.</returns>
    </member>
    <member name="M:System.Net.Dns.GetHostEntryAsync(System.Net.IPAddress)">
      <summary>非同期操作として IP アドレスを <see cref="T:System.Net.IPHostEntry" /> インスタンスに解決します。</summary>
      <param name="address">IP アドレス。</param>
      <exception cref="T:System.ArgumentNullException">
        <paramref name="address" /> が <see langword="null" />です。</exception>
      <exception cref="T:System.Net.Sockets.SocketException">
        <paramref name="address" /> を解決するときにエラーが発生しました。</exception>
      <exception cref="T:System.ArgumentException">
        <paramref name="address" /> は無効な IP アドレスです。</exception>
      <returns>非同期操作を表すタスク オブジェクト。 タスク オブジェクトの <see cref="P:System.Threading.Tasks.Task`1.Result" /> プロパティは、<paramref name="address" />で指定されているホストに関するアドレス情報を含む <see cref="T:System.Net.IPHostEntry" /> インスタンスを返します。</returns>
    </member>
    <member name="M:System.Net.Dns.GetHostEntryAsync(System.String)">
      <summary>非同期操作としてホスト名または IP アドレスを <see cref="T:System.Net.IPHostEntry" /> インスタンスに解決します。</summary>
      <param name="hostNameOrAddress">解決するホスト名または IP アドレス。</param>
      <exception cref="T:System.ArgumentNullException">
        <paramref name="hostNameOrAddress" /> パラメーターが <see langword="null" /> です。</exception>
      <exception cref="T:System.ArgumentOutOfRangeException">
        <paramref name="hostNameOrAddress" /> パラメーターの長さが 255 文字を超えています。</exception>
      <exception cref="T:System.Net.Sockets.SocketException">
        <paramref name="hostNameOrAddress" /> パラメーターを解決するときにエラーが発生しました。</exception>
      <exception cref="T:System.ArgumentException">
        <paramref name="hostNameOrAddress" /> パラメーターの IP アドレスが無効です。</exception>
      <returns>非同期操作を表すタスク オブジェクト。 タスク オブジェクトの <see cref="P:System.Threading.Tasks.Task`1.Result" /> プロパティは、<paramref name="hostNameOrAddress" />で指定されているホストに関するアドレス情報を含む <see cref="T:System.Net.IPHostEntry" /> インスタンスを返します。</returns>
    </member>
    <member name="M:System.Net.Dns.GetHostEntryAsync(System.String,System.Net.Sockets.AddressFamily,System.Threading.CancellationToken)">
      <summary>Resolves a host name or IP address to an <see cref="T:System.Net.IPHostEntry" /> instance as an asynchronous operation.</summary>
      <param name="hostNameOrAddress">The host name or IP address to resolve.</param>
      <param name="family">The address family for which IPs should be retrieved. If <see cref="F:System.Net.Sockets.AddressFamily.Unspecified" />, retrieve all IPs regardless of address family.</param>
      <param name="cancellationToken">A cancellation token that can be used to signal the asynchronous operation should be canceled.</param>
      <returns>The task object representing the asynchronous operation. The <see cref="P:System.Threading.Tasks.Task`1.Result" /> property on the task object returns an <see cref="T:System.Net.IPHostEntry" /> instance that contains the address information about the host specified in <paramref name="hostNameOrAddress" />.</returns>
    </member>
    <member name="M:System.Net.Dns.GetHostEntryAsync(System.String,System.Threading.CancellationToken)">
      <summary>Resolves a host name or IP address to an <see cref="T:System.Net.IPHostEntry" /> instance as an asynchronous operation.</summary>
      <param name="hostNameOrAddress">The host name or IP address to resolve.</param>
      <param name="cancellationToken">A cancellation token that can be used to signal the asynchronous operation should be canceled.</param>
      <returns>The task object representing the asynchronous operation. The <see cref="P:System.Threading.Tasks.Task`1.Result" /> property on the task object returns an <see cref="T:System.Net.IPHostEntry" /> instance that contains the address information about the host specified in <paramref name="hostNameOrAddress" />.</returns>
    </member>
    <member name="M:System.Net.Dns.GetHostName">
      <summary>ローカル コンピューターのホスト名を取得します。</summary>
      <exception cref="T:System.Net.Sockets.SocketException">ローカル ホスト名を解決するときにエラーが発生しました。</exception>
      <returns>ローカル コンピューターの DNS ホスト名を格納する文字列。</returns>
    </member>
    <member name="M:System.Net.Dns.Resolve(System.String)">
      <summary>DNS ホスト名または IP アドレスを <see cref="T:System.Net.IPHostEntry" /> インスタンスに解決します。</summary>
      <param name="hostName">DNS スタイルのホスト名、または IP アドレス。</param>
      <exception cref="T:System.ArgumentNullException">
        <paramref name="hostName" /> が <see langword="null" />です。</exception>
      <exception cref="T:System.ArgumentOutOfRangeException">
        <paramref name="hostName" /> の長さが 255 文字を超えています。</exception>
      <exception cref="T:System.Net.Sockets.SocketException">
        <paramref name="hostName" /> を解決するときにエラーが発生しました。</exception>
      <returns>
        <paramref name="hostName" /> で指定するホストについてのアドレス情報を格納する <see cref="T:System.Net.IPHostEntry" /> インスタンス。</returns>
    </member>
    <member name="T:System.Net.IPHostEntry">
      <summary>インターネット ホスト アドレス情報のコンテナー クラスを提供します。</summary>
    </member>
    <member name="M:System.Net.IPHostEntry.#ctor">
      <summary>
        <see cref="T:System.Net.IPHostEntry" /> クラスの新しいインスタンスを初期化します。</summary>
    </member>
    <member name="P:System.Net.IPHostEntry.AddressList">
      <summary>ホストと関連付けられた IP アドレスのリストを取得または設定します。</summary>
      <returns>
        <see cref="T:System.Net.IPAddress" /> プロパティに格納されたホスト名に解決される IP アドレスを格納した <see cref="P:System.Net.IPHostEntry.Aliases" /> 型の配列。</returns>
    </member>
    <member name="P:System.Net.IPHostEntry.Aliases">
      <summary>ホストと関連付けられたエイリアスのリストを取得または設定します。</summary>
      <returns>
        <see cref="P:System.Net.IPHostEntry.AddressList" /> プロパティの IP アドレスに解決される DNS 名を格納した文字列の配列。</returns>
    </member>
    <member name="P:System.Net.IPHostEntry.HostName">
      <summary>ホストの DNS 名を取得または設定します。</summary>
      <returns>サーバーのプライマリ ホスト名を格納する文字列。</returns>
    </member>
  </members>
</doc>