<doc>
  <assembly>
    <name>System.Diagnostics.Contracts</name>
  </assembly>
  <members>
    <member name="T:System.Diagnostics.Contracts.Contract">
      <summary>実行前の状態、実行後の状態、オブジェクトの不変部分などのプログラム コントラクトを表す静的メソッドを格納します。</summary>
    </member>
    <member name="E:System.Diagnostics.Contracts.Contract.ContractFailed">
      <summary>コントラクトが失敗すると発生します。</summary>
    </member>
    <member name="M:System.Diagnostics.Contracts.Contract.Assert(System.Boolean)">
      <summary>条件をチェックし、その条件が <see langword="false" /> の場合は、アナライザーに設定されたエスカレーション ポリシーに従います。</summary>
      <param name="condition">テストする条件式。</param>
    </member>
    <member name="M:System.Diagnostics.Contracts.Contract.Assert(System.Boolean,System.String)">
      <summary>条件をチェックし、その条件が <see langword="false" /> の場合は、アナライザーによって設定されたエスカレーション ポリシーに従い、指定されたメッセージを表示します。</summary>
      <param name="condition">テストする条件式。</param>
      <param name="userMessage">条件が一致しない場合に表示するメッセージ。</param>
    </member>
    <member name="M:System.Diagnostics.Contracts.Contract.Assume(System.Boolean)">
      <summary>常に <see langword="true" /> であるとは静的に証明されない場合でも、指定された条件が <see langword="true" /> であると想定するようコード分析ツールに指示します。</summary>
      <param name="condition">
        <see langword="true" /> に想定する条件式。</param>
    </member>
    <member name="M:System.Diagnostics.Contracts.Contract.Assume(System.Boolean,System.String)">
      <summary>常に <see langword="true" /> であるとは静的に証明されない場合でも、条件が <see langword="true" /> であると想定するようコード分析ツールに指示し、想定が失敗した場合はメッセージを表示します。</summary>
      <param name="condition">
        <see langword="true" /> に想定する条件式。</param>
      <param name="userMessage">想定が失敗した場合にポストするメッセージ。</param>
    </member>
    <member name="M:System.Diagnostics.Contracts.Contract.EndContractBlock">
      <summary>メソッドのコントラクトに <see langword="if" />-<see langword="then" />-<see langword="throw" /> の形式で実行前の状態のみが含まれる場合に、コントラクト セクションの終わりをマークします。</summary>
    </member>
    <member name="M:System.Diagnostics.Contracts.Contract.Ensures(System.Boolean)">
      <summary>外側のメソッドまたはプロパティの実行後の状態のコントラクトを指定します。</summary>
      <param name="condition">テストする条件式。 式には <see cref="M:System.Diagnostics.Contracts.Contract.OldValue``1(``0)" />、<see cref="M:System.Diagnostics.Contracts.Contract.ValueAtReturn``1(``0@)" />、および <see cref="M:System.Diagnostics.Contracts.Contract.Result``1" /> の各値を使用できます。</param>
    </member>
    <member name="M:System.Diagnostics.Contracts.Contract.Ensures(System.Boolean,System.String)">
      <summary>指定された終了条件の実行後の状態のコントラクトと、条件が <see langword="false" /> の場合に表示するメッセージを指定します。</summary>
      <param name="condition">テストする条件式。 式には <see cref="M:System.Diagnostics.Contracts.Contract.OldValue``1(``0)" /> および <see cref="M:System.Diagnostics.Contracts.Contract.Result``1" /> の各値を使用できます。</param>
      <param name="userMessage">式が <see langword="true" /> でない場合に表示するメッセージ。</param>
    </member>
    <member name="M:System.Diagnostics.Contracts.Contract.EnsuresOnThrow``1(System.Boolean)">
      <summary>指定された例外および条件に基づいて、外側のメソッドまたはプロパティに実行後の状態のコントラクトを指定します。</summary>
      <param name="condition">テストする条件式。</param>
      <typeparam name="TException">実行後の状態のチェックを起動する例外の種類。</typeparam>
    </member>
    <member name="M:System.Diagnostics.Contracts.Contract.EnsuresOnThrow``1(System.Boolean,System.String)">
      <summary>指定された例外および条件に基づいて、実行後の状態のコントラクトと、外側のメソッドまたはプロパティの条件が <see langword="false" /> の場合に表示するメッセージを指定します。</summary>
      <param name="condition">テストする条件式。</param>
      <param name="userMessage">式が <see langword="false" /> の場合に表示するメッセージ。</param>
      <typeparam name="TException">実行後の状態のチェックを起動する例外の種類。</typeparam>
    </member>
    <member name="M:System.Diagnostics.Contracts.Contract.Exists(System.Int32,System.Int32,System.Predicate{System.Int32})">
      <summary>ある整数範囲内のすべての整数について指定したテストが true かどうかを判定します。</summary>
      <param name="fromInclusive">
        <paramref name="predicate" /> に渡す最初の整数。</param>
      <param name="toExclusive">
        <paramref name="predicate" /> に渡す最後の整数より 1 だけ大きい数。</param>
      <param name="predicate">指定した範囲内の任意の整数値を評価する関数。</param>
      <exception cref="T:System.ArgumentNullException">
        <paramref name="predicate" /> が <see langword="null" />です。</exception>
      <exception cref="T:System.ArgumentException">
        <paramref name="toExclusive" /> は <paramref name="fromInclusive" /> より小さい値です。</exception>
      <returns>
        <paramref name="predicate" /> から <paramref name="fromInclusive" /> - 1 の範囲の任意の整数に対して、<paramref name="toExclusive" /> が <see langword="true" /> を返す場合は <see langword="true" />。</returns>
    </member>
    <member name="M:System.Diagnostics.Contracts.Contract.Exists``1(System.Collections.Generic.IEnumerable{``0},System.Predicate{``0})">
      <summary>ある要素のコレクション内の要素が関数内に存在するかどうかを判断します。</summary>
      <param name="collection">
        <paramref name="predicate" /> に渡される型 <c>T</c> の要素が含まれているコレクション。</param>
      <param name="predicate">
        <paramref name="collection" /> 内の要素を評価する関数。</param>
      <typeparam name="T">
        <paramref name="collection" /> に格納されている型。</typeparam>
      <exception cref="T:System.ArgumentNullException">
        <paramref name="collection" /> または <paramref name="predicate" /> が <see langword="null" /> です。</exception>
      <returns>
        <paramref name="predicate" /> 内の型 <paramref name="T" /> の任意の要素に対して、<paramref name="collection" /> が <see langword="true" /> を返す場合にのみ <see langword="true" />。</returns>
    </member>
    <member name="M:System.Diagnostics.Contracts.Contract.ForAll(System.Int32,System.Int32,System.Predicate{System.Int32})">
      <summary>指定した範囲内のすべての整数について特定の状態が有効かどうかを判定します。</summary>
      <param name="fromInclusive">
        <paramref name="predicate" /> に渡す最初の整数。</param>
      <param name="toExclusive">
        <paramref name="predicate" /> に渡す最後の整数より 1 だけ大きい数。</param>
      <param name="predicate">指定された範囲の整数の存在を評価する関数。</param>
      <exception cref="T:System.ArgumentNullException">
        <paramref name="predicate" /> が <see langword="null" />です。</exception>
      <exception cref="T:System.ArgumentException">
        <paramref name="toExclusive" /> は <paramref name="fromInclusive" /> より小さい値です。</exception>
      <returns>
        <paramref name="predicate" /> から <paramref name="fromInclusive" /> - 1 の範囲のすべての整数に対して、<paramref name="toExclusive" /> が <see langword="true" /> を返す場合は <see langword="true" />。</returns>
    </member>
    <member name="M:System.Diagnostics.Contracts.Contract.ForAll``1(System.Collections.Generic.IEnumerable{``0},System.Predicate{``0})">
      <summary>コレクション内のすべての要素が関数内に存在するかどうかを判断します。</summary>
      <param name="collection">
        <paramref name="predicate" /> に渡される型 <c>T</c> の要素が含まれているコレクション。</param>
      <param name="predicate">
        <paramref name="collection" /> 内のすべての要素の存在を評価する関数。</param>
      <typeparam name="T">
        <paramref name="collection" /> に格納されている型。</typeparam>
      <exception cref="T:System.ArgumentNullException">
        <paramref name="collection" /> または <paramref name="predicate" /> が <see langword="null" /> です。</exception>
      <returns>
        <paramref name="predicate" /> 内の型 <paramref name="T" /> のすべての要素に対して、<paramref name="collection" /> が <see langword="true" /> を返す場合にのみ <see langword="true" />。</returns>
    </member>
    <member name="M:System.Diagnostics.Contracts.Contract.Invariant(System.Boolean)">
      <summary>外側のメソッドまたはプロパティの不変コントラクトを指定します。</summary>
      <param name="condition">テストする条件式。</param>
    </member>
    <member name="M:System.Diagnostics.Contracts.Contract.Invariant(System.Boolean,System.String)">
      <summary>外側のメソッドまたはプロパティの不変コントラクトを指定し、コントラクトの条件が失敗した場合はメッセージを表示します。</summary>
      <param name="condition">テストする条件式。</param>
      <param name="userMessage">条件が <see langword="false" /> の場合に表示するメッセージ。</param>
    </member>
    <member name="M:System.Diagnostics.Contracts.Contract.OldValue``1(``0)">
      <summary>メソッドまたはプロパティの開始時の値を表します。</summary>
      <param name="value">表す値 (フィールドまたはパラメーター)。</param>
      <typeparam name="T">値の型。</typeparam>
      <returns>メソッドまたはプロパティの開始時のフィールドまたはパラメーターの値。</returns>
    </member>
    <member name="M:System.Diagnostics.Contracts.Contract.Requires(System.Boolean)">
      <summary>外側のメソッドまたはプロパティの実行前の状態のコントラクトを指定します。</summary>
      <param name="condition">テストする条件式。</param>
    </member>
    <member name="M:System.Diagnostics.Contracts.Contract.Requires(System.Boolean,System.String)">
      <summary>外側のメソッドまたはプロパティの実行前の状態のコントラクトを指定し、コントラクトの条件が失敗した場合はメッセージを表示します。</summary>
      <param name="condition">テストする条件式。</param>
      <param name="userMessage">条件が <see langword="false" /> の場合に表示するメッセージ。</param>
    </member>
    <member name="M:System.Diagnostics.Contracts.Contract.Requires``1(System.Boolean)">
      <summary>外側のメソッドまたはプロパティの実行前の状態のコントラクトを指定し、コントラクトの条件が失敗した場合は例外をスローします。</summary>
      <param name="condition">テストする条件式。</param>
      <typeparam name="TException">条件が <see langword="false" /> の場合にスローする例外。</typeparam>
    </member>
    <member name="M:System.Diagnostics.Contracts.Contract.Requires``1(System.Boolean,System.String)">
      <summary>外側のメソッドまたはプロパティの実行前の状態のコントラクトを指定し、コントラクトの条件が失敗した場合は指定されたメッセージで例外をスローします。</summary>
      <param name="condition">テストする条件式。</param>
      <param name="userMessage">条件が <see langword="false" /> の場合に表示するメッセージ。</param>
      <typeparam name="TException">条件が <see langword="false" /> の場合にスローする例外。</typeparam>
    </member>
    <member name="M:System.Diagnostics.Contracts.Contract.Result``1">
      <summary>メソッドまたはプロパティの戻り値を表します。</summary>
      <typeparam name="T">外側のメソッドまたはプロパティの戻り値の型。</typeparam>
      <returns>外側のメソッドまたはプロパティの戻り値。</returns>
    </member>
    <member name="M:System.Diagnostics.Contracts.Contract.ValueAtReturn``1(``0@)">
      <summary>メソッドから戻るときの <see langword="out" /> パラメーターの最後の (出力) 値を表します。</summary>
      <param name="value">
        <see langword="out" /> パラメーター。</param>
      <typeparam name="T">
        <see langword="out" /> パラメーターの型。</typeparam>
      <returns>
        <see langword="out" /> パラメーターの出力値。</returns>
    </member>
    <member name="T:System.Diagnostics.Contracts.ContractAbbreviatorAttribute">
      <summary>完全なコントラクトの構文の代わりに使用できる省略を定義します。</summary>
    </member>
    <member name="M:System.Diagnostics.Contracts.ContractAbbreviatorAttribute.#ctor">
      <summary>
        <see cref="T:System.Diagnostics.Contracts.ContractAbbreviatorAttribute" /> クラスの新しいインスタンスを初期化します。</summary>
    </member>
    <member name="T:System.Diagnostics.Contracts.ContractArgumentValidatorAttribute">
      <summary>再利用できるように異なるメソッドへのレガシ <see langword="if-then-throw" /> コードのファクタリングを有効にし、スローされる例外と引数のフル コントロールを提供します。</summary>
    </member>
    <member name="M:System.Diagnostics.Contracts.ContractArgumentValidatorAttribute.#ctor">
      <summary>
        <see cref="T:System.Diagnostics.Contracts.ContractArgumentValidatorAttribute" /> クラスの新しいインスタンスを初期化します。</summary>
    </member>
    <member name="T:System.Diagnostics.Contracts.ContractClassAttribute">
      <summary>別の型にこの型のコード コントラクトが含まれるように指定します。</summary>
    </member>
    <member name="M:System.Diagnostics.Contracts.ContractClassAttribute.#ctor(System.Type)">
      <summary>
        <see cref="T:System.Diagnostics.Contracts.ContractClassAttribute" /> クラスの新しいインスタンスを初期化します。</summary>
      <param name="typeContainingContracts">この型のコード コントラクトを格納する型。</param>
    </member>
    <member name="P:System.Diagnostics.Contracts.ContractClassAttribute.TypeContainingContracts">
      <summary>この型のコード コントラクトを格納する型を取得します。</summary>
      <returns>この型のコード コントラクトを格納する型。</returns>
    </member>
    <member name="T:System.Diagnostics.Contracts.ContractClassForAttribute">
      <summary>クラスが型のコントラクトであることを指定します。</summary>
    </member>
    <member name="M:System.Diagnostics.Contracts.ContractClassForAttribute.#ctor(System.Type)">
      <summary>現在のクラスがコントラクトである型を使用して、<see cref="T:System.Diagnostics.Contracts.ContractClassForAttribute" /> クラスの新しいインスタンスを初期化します。</summary>
      <param name="typeContractsAreFor">現在のクラスがコントラクトである型。</param>
    </member>
    <member name="P:System.Diagnostics.Contracts.ContractClassForAttribute.TypeContractsAreFor">
      <summary>このコード コントラクトが適用される型を取得します。</summary>
      <returns>このコード コントラクトが適用される型。</returns>
    </member>
    <member name="T:System.Diagnostics.Contracts.ContractFailedEventArgs">
      <summary>
        <see cref="E:System.Diagnostics.Contracts.Contract.ContractFailed" /> イベントのメソッドおよびデータを提供します。</summary>
    </member>
    <member name="M:System.Diagnostics.Contracts.ContractFailedEventArgs.#ctor(System.Diagnostics.Contracts.ContractFailureKind,System.String,System.String,System.Exception)">
      <summary>
        <see cref="E:System.Diagnostics.Contracts.Contract.ContractFailed" /> イベントのデータを提供します。</summary>
      <param name="failureKind">失敗したコントラクトを指定する列挙値の 1 つ。</param>
      <param name="message">イベントに関するメッセージ。</param>
      <param name="condition">イベントの条件。</param>
      <param name="originalException">イベントの原因になる例外。</param>
    </member>
    <member name="M:System.Diagnostics.Contracts.ContractFailedEventArgs.SetHandled">
      <summary>
        <see cref="P:System.Diagnostics.Contracts.ContractFailedEventArgs.Handled" /> プロパティを <see langword="true" /> に設定します。</summary>
    </member>
    <member name="M:System.Diagnostics.Contracts.ContractFailedEventArgs.SetUnwind">
      <summary>
        <see cref="P:System.Diagnostics.Contracts.ContractFailedEventArgs.Unwind" /> プロパティを <see langword="true" /> に設定します。</summary>
    </member>
    <member name="P:System.Diagnostics.Contracts.ContractFailedEventArgs.Condition">
      <summary>コントラクトのエラーの条件を取得します。</summary>
      <returns>エラーの条件。</returns>
    </member>
    <member name="P:System.Diagnostics.Contracts.ContractFailedEventArgs.FailureKind">
      <summary>失敗したコントラクトの型を取得します。</summary>
      <returns>失敗したコントラクトの型を指定する列挙値の 1 つ。</returns>
    </member>
    <member name="P:System.Diagnostics.Contracts.ContractFailedEventArgs.Handled">
      <summary>
        <see cref="E:System.Diagnostics.Contracts.Contract.ContractFailed" /> イベントが処理されたかどうかを示します。</summary>
      <returns>イベントが処理済みである場合は <see langword="true" />。それ以外の場合は <see langword="false" />。</returns>
    </member>
    <member name="P:System.Diagnostics.Contracts.ContractFailedEventArgs.Message">
      <summary>
        <see cref="E:System.Diagnostics.Contracts.Contract.ContractFailed" /> イベントを説明するメッセージを取得します。</summary>
      <returns>イベントを説明するメッセージ。</returns>
    </member>
    <member name="P:System.Diagnostics.Contracts.ContractFailedEventArgs.OriginalException">
      <summary>
        <see cref="E:System.Diagnostics.Contracts.Contract.ContractFailed" /> イベントの原因となった元の例外を取得します。</summary>
      <returns>イベントの原因になる例外。</returns>
    </member>
    <member name="P:System.Diagnostics.Contracts.ContractFailedEventArgs.Unwind">
      <summary>コードのコントラクトのエスカレーション ポリシーを適用するかどうかを示します。</summary>
      <returns>エスカレーション ポリシーを適用する場合は <see langword="true" />。それ以外の場合は <see langword="false" />。 既定値は、<see langword="false" /> です。</returns>
    </member>
    <member name="T:System.Diagnostics.Contracts.ContractFailureKind">
      <summary>失敗したコントラクトの型を指定します。</summary>
    </member>
    <member name="F:System.Diagnostics.Contracts.ContractFailureKind.Assert">
      <summary>
        <see cref="Overload:System.Diagnostics.Contracts.Contract.Assert" /> コントラクトが失敗しました。</summary>
    </member>
    <member name="F:System.Diagnostics.Contracts.ContractFailureKind.Assume">
      <summary>
        <see cref="Overload:System.Diagnostics.Contracts.Contract.Assume" /> コントラクトが失敗しました。</summary>
    </member>
    <member name="F:System.Diagnostics.Contracts.ContractFailureKind.Invariant">
      <summary>
        <see cref="Overload:System.Diagnostics.Contracts.Contract.Invariant" /> コントラクトが失敗しました。</summary>
    </member>
    <member name="F:System.Diagnostics.Contracts.ContractFailureKind.Postcondition">
      <summary>
        <see cref="Overload:System.Diagnostics.Contracts.Contract.Ensures" /> コントラクトが失敗しました。</summary>
    </member>
    <member name="F:System.Diagnostics.Contracts.ContractFailureKind.PostconditionOnException">
      <summary>
        <see cref="Overload:System.Diagnostics.Contracts.Contract.EnsuresOnThrow" /> コントラクトが失敗しました。</summary>
    </member>
    <member name="F:System.Diagnostics.Contracts.ContractFailureKind.Precondition">
      <summary>
        <see cref="Overload:System.Diagnostics.Contracts.Contract.Requires" /> コントラクトが失敗しました。</summary>
    </member>
    <member name="T:System.Diagnostics.Contracts.ContractInvariantMethodAttribute">
      <summary>クラスのインバリアント メソッドとしてメソッドをマークします。</summary>
    </member>
    <member name="M:System.Diagnostics.Contracts.ContractInvariantMethodAttribute.#ctor">
      <summary>
        <see cref="T:System.Diagnostics.Contracts.ContractInvariantMethodAttribute" /> クラスの新しいインスタンスを初期化します。</summary>
    </member>
    <member name="T:System.Diagnostics.Contracts.ContractOptionAttribute">
      <summary>アセンブリ、型、またはメソッドの粒度でコントラクトおよびツールのオプションを設定できるようにします。</summary>
    </member>
    <member name="M:System.Diagnostics.Contracts.ContractOptionAttribute.#ctor(System.String,System.String,System.Boolean)">
      <summary>指定したカテゴリ、設定、および有効/無効値を使用して、<see cref="T:System.Diagnostics.Contracts.ContractOptionAttribute" /> クラスの新しいインスタンスを初期化します。</summary>
      <param name="category">設定するオプションのためのカテゴリ。</param>
      <param name="setting">オプションの設定。</param>
      <param name="enabled">オプションを有効にする場合は <see langword="true" />。オプションを無効にする場合は <see langword="false" />。</param>
    </member>
    <member name="M:System.Diagnostics.Contracts.ContractOptionAttribute.#ctor(System.String,System.String,System.String)">
      <summary>指定したカテゴリ、設定、および値を使用して、<see cref="T:System.Diagnostics.Contracts.ContractOptionAttribute" /> クラスの新しいインスタンスを初期化します。</summary>
      <param name="category">設定するオプションのカテゴリ。</param>
      <param name="setting">オプションの設定。</param>
      <param name="value">設定の値。</param>
    </member>
    <member name="P:System.Diagnostics.Contracts.ContractOptionAttribute.Category">
      <summary>オプションのカテゴリを取得します。</summary>
      <returns>オプションのカテゴリ。</returns>
    </member>
    <member name="P:System.Diagnostics.Contracts.ContractOptionAttribute.Enabled">
      <summary>オプションが有効かどうかを判断します。</summary>
      <returns>オプションが有効になっている場合は <see langword="true" />。それ以外の場合は <see langword="false" />。</returns>
    </member>
    <member name="P:System.Diagnostics.Contracts.ContractOptionAttribute.Setting">
      <summary>オプションの設定を取得します。</summary>
      <returns>オプションの設定。</returns>
    </member>
    <member name="P:System.Diagnostics.Contracts.ContractOptionAttribute.Value">
      <summary>オプションの値を取得します。</summary>
      <returns>オプションの値。</returns>
    </member>
    <member name="T:System.Diagnostics.Contracts.ContractPublicPropertyNameAttribute">
      <summary>フィールドの可視性がメソッドよりも少ない場合、フィールドを メソッドのコントラクトで使用できることを指定します。</summary>
    </member>
    <member name="M:System.Diagnostics.Contracts.ContractPublicPropertyNameAttribute.#ctor(System.String)">
      <summary>
        <see cref="T:System.Diagnostics.Contracts.ContractPublicPropertyNameAttribute" /> クラスの新しいインスタンスを初期化します。</summary>
      <param name="name">フィールドに適用されるプロパティの名前。</param>
    </member>
    <member name="P:System.Diagnostics.Contracts.ContractPublicPropertyNameAttribute.Name">
      <summary>フィールドに適用されるプロパティ名を取得します。</summary>
      <returns>フィールドに適用されたプロパティ名。</returns>
    </member>
    <member name="T:System.Diagnostics.Contracts.ContractReferenceAssemblyAttribute">
      <summary>アセンブリがコントラクトを含む参照アセンブリであることを指定します。</summary>
    </member>
    <member name="M:System.Diagnostics.Contracts.ContractReferenceAssemblyAttribute.#ctor">
      <summary>
        <see cref="T:System.Diagnostics.Contracts.ContractReferenceAssemblyAttribute" /> クラスの新しいインスタンスを初期化します。</summary>
    </member>
    <member name="T:System.Diagnostics.Contracts.ContractRuntimeIgnoredAttribute">
      <summary>実行時に動作しないメンバーを識別します。</summary>
    </member>
    <member name="M:System.Diagnostics.Contracts.ContractRuntimeIgnoredAttribute.#ctor">
      <summary>
        <see cref="T:System.Diagnostics.Contracts.ContractRuntimeIgnoredAttribute" /> クラスの新しいインスタンスを初期化します。</summary>
    </member>
    <member name="T:System.Diagnostics.Contracts.ContractVerificationAttribute">
      <summary>静的な検証を実行せずに、アセンブリ、型、またはメンバーが正確であると想定するよう分析ツールに指示します。</summary>
    </member>
    <member name="M:System.Diagnostics.Contracts.ContractVerificationAttribute.#ctor(System.Boolean)">
      <summary>
        <see cref="T:System.Diagnostics.Contracts.ContractVerificationAttribute" /> クラスの新しいインスタンスを初期化します。</summary>
      <param name="value">検証を要求する場合は <see langword="true" />。それ以外の場合は <see langword="false" />。</param>
    </member>
    <member name="P:System.Diagnostics.Contracts.ContractVerificationAttribute.Value">
      <summary>ターゲットのコントラクトを検証するかどうかを示す値を取得します。</summary>
      <returns>検証が必要な場合は <see langword="true" />。それ以外の場合は <see langword="false" />。</returns>
    </member>
    <member name="T:System.Diagnostics.Contracts.PureAttribute">
      <summary>型またはメソッドが純粋なこと、つまり、表示状態を変更しないことを示します。</summary>
    </member>
    <member name="M:System.Diagnostics.Contracts.PureAttribute.#ctor">
      <summary>
        <see cref="T:System.Diagnostics.Contracts.PureAttribute" /> クラスの新しいインスタンスを初期化します。</summary>
    </member>
    <member name="T:System.Runtime.CompilerServices.ContractHelper">
      <summary>バイナリ リライターがコントラクト エラーの処理に使用するメソッドを提供します。</summary>
    </member>
    <member name="M:System.Runtime.CompilerServices.ContractHelper.RaiseContractFailedEvent(System.Diagnostics.Contracts.ContractFailureKind,System.String,System.String,System.Exception)">
      <summary>バイナリ リライターが既定のエラー動作をアクティブにするために使用します。</summary>
      <param name="failureKind">エラーの種類を指定する列挙値の 1 つ。</param>
      <param name="userMessage">追加のユーザー情報。</param>
      <param name="conditionText">エラーの原因となった条件の説明。</param>
      <param name="innerException">現在の例外を発生させた内部例外。</param>
      <exception cref="T:System.ArgumentException">
        <paramref name="failureKind" /> は正しい <see cref="T:System.Diagnostics.Contracts.ContractFailureKind" /> 値ではありません。</exception>
      <returns>イベントが処理されて、エラーが発生しない場合は null 参照 (Visual Basic の場合は <see langword="Nothing" />)。それ以外の場合はローカライズされたエラー メッセージが返されます。</returns>
    </member>
    <member name="M:System.Runtime.CompilerServices.ContractHelper.TriggerFailure(System.Diagnostics.Contracts.ContractFailureKind,System.String,System.String,System.String,System.Exception)">
      <summary>既定のエラー動作を発生させます。</summary>
      <param name="kind">エラーの種類を指定する列挙値の 1 つ。</param>
      <param name="displayMessage">表示するメッセージ。</param>
      <param name="userMessage">追加のユーザー情報。</param>
      <param name="conditionText">エラーの原因となった条件の説明。</param>
      <param name="innerException">現在の例外を発生させた内部例外。</param>
    </member>
  </members>
</doc>