<doc>
  <assembly>
    <name>System.Diagnostics.TextWriterTraceListener</name>
  </assembly>
  <members>
    <member name="T:System.Diagnostics.ConsoleTraceListener">
      <summary>トレース出力またはデバッグ出力を、標準出力と標準エラー出力ストリームのいずれかに転送します。</summary>
    </member>
    <member name="M:System.Diagnostics.ConsoleTraceListener.#ctor">
      <summary>標準出力ストリームへのトレース出力を指定して、<see cref="T:System.Diagnostics.ConsoleTraceListener" /> クラスの新しいインスタンスを初期化します。</summary>
    </member>
    <member name="M:System.Diagnostics.ConsoleTraceListener.#ctor(System.Boolean)">
      <summary>トレース出力を標準出力ストリームまたは標準エラー ストリームに書き込むためのオプションを指定して、<see cref="T:System.Diagnostics.ConsoleTraceListener" /> クラスの新しいインスタンスを初期化します。</summary>
      <param name="useErrorStream">トレース出力およびデバッグ出力を標準エラー ストリームに書き込む場合は <see langword="true" />。標準出力ストリームに書き込む場合は <see langword="false" />。</param>
    </member>
    <member name="M:System.Diagnostics.ConsoleTraceListener.Close">
      <summary>このトレース リスナーに指定されたストリームへの出力を閉じます。</summary>
    </member>
    <member name="T:System.Diagnostics.DelimitedListTraceListener">
      <summary>トレース出力またはデバッグ出力をストリーム ライターなどのテキスト ライターや、ファイル ストリームなどのストリームに転送します。</summary>
    </member>
    <member name="M:System.Diagnostics.DelimitedListTraceListener.#ctor(System.IO.Stream)">
      <summary>指定された出力ストリームへの書き込みを行う <see cref="T:System.Diagnostics.DelimitedListTraceListener" /> クラスの新しいインスタンスを初期化します。</summary>
      <param name="stream">出力を受信する <see cref="T:System.IO.Stream" />。</param>
      <exception cref="T:System.ArgumentNullException">
        <paramref name="stream" /> が <see langword="null" />です。</exception>
    </member>
    <member name="M:System.Diagnostics.DelimitedListTraceListener.#ctor(System.IO.Stream,System.String)">
      <summary>指定された出力ストリームへの書き込みを行い、指定された名前を持つ、<see cref="T:System.Diagnostics.DelimitedListTraceListener" /> クラスの新しいインスタンスを初期化します。</summary>
      <param name="stream">出力を受信する <see cref="T:System.IO.Stream" />。</param>
      <param name="name">トレース リスナーの新しいインスタンスの名前。</param>
      <exception cref="T:System.ArgumentNullException">
        <paramref name="stream" /> が <see langword="null" />です。</exception>
    </member>
    <member name="M:System.Diagnostics.DelimitedListTraceListener.#ctor(System.IO.TextWriter)">
      <summary>指定されたテキスト ライターへの書き込みを行う <see cref="T:System.Diagnostics.DelimitedListTraceListener" /> クラスの新しいインスタンスを初期化します。</summary>
      <param name="writer">出力を受信する <see cref="T:System.IO.TextWriter" />。</param>
      <exception cref="T:System.ArgumentNullException">
        <paramref name="writer" /> が <see langword="null" />です。</exception>
    </member>
    <member name="M:System.Diagnostics.DelimitedListTraceListener.#ctor(System.IO.TextWriter,System.String)">
      <summary>指定されたテキスト ライターへの書き込みを行い、指定された名前を持つ、<see cref="T:System.Diagnostics.DelimitedListTraceListener" /> クラスの新しいインスタンスを初期化します。</summary>
      <param name="writer">出力を受信する <see cref="T:System.IO.TextWriter" />。</param>
      <param name="name">トレース リスナーの新しいインスタンスの名前。</param>
      <exception cref="T:System.ArgumentNullException">
        <paramref name="writer" /> が <see langword="null" />です。</exception>
    </member>
    <member name="M:System.Diagnostics.DelimitedListTraceListener.#ctor(System.String)">
      <summary>指定されたファイルへの書き込みを行う <see cref="T:System.Diagnostics.DelimitedListTraceListener" /> クラスの新しいインスタンスを初期化します。</summary>
      <param name="fileName">出力を受信するファイルの名前。</param>
      <exception cref="T:System.ArgumentNullException">
        <paramref name="fileName" /> が <see langword="null" />です。</exception>
    </member>
    <member name="M:System.Diagnostics.DelimitedListTraceListener.#ctor(System.String,System.String)">
      <summary>指定されたファイルへの書き込みを行い、指定された名前を持つ、<see cref="T:System.Diagnostics.DelimitedListTraceListener" /> クラスの新しいインスタンスを初期化します。</summary>
      <param name="fileName">出力を受信するファイルの名前。</param>
      <param name="name">トレース リスナーの新しいインスタンスの名前。</param>
      <exception cref="T:System.ArgumentNullException">
        <paramref name="fileName" /> が <see langword="null" />です。</exception>
    </member>
    <member name="M:System.Diagnostics.DelimitedListTraceListener.GetSupportedAttributes">
      <summary>区切り記号を使用するトレース リスナーによってサポートされているカスタム構成ファイル属性を返します。</summary>
      <returns>単一の値 "delimiter" を含む文字列配列。</returns>
    </member>
    <member name="M:System.Diagnostics.DelimitedListTraceListener.TraceData(System.Diagnostics.TraceEventCache,System.String,System.Diagnostics.TraceEventType,System.Int32,System.Object)">
      <summary>トレース情報、データ オブジェクト、およびイベント情報を出力ファイルまたはストリームに書き込みます。</summary>
      <param name="eventCache">現在のプロセス ID、スレッド ID、およびスタック トレース情報を格納している <see cref="T:System.Diagnostics.TraceEventCache" /> オブジェクト。</param>
      <param name="source">出力を識別するために使用される名前。通常は、トレース イベントを生成したアプリケーションの名前。</param>
      <param name="eventType">トレースを発生させたイベントのタイプを指定する <see cref="T:System.Diagnostics.TraceEventType" /> 値の 1 つ。</param>
      <param name="id">イベントの数値識別子。</param>
      <param name="data">出力ファイルまたは出力ストリームに書き込むデータ オブジェクト。</param>
    </member>
    <member name="M:System.Diagnostics.DelimitedListTraceListener.TraceData(System.Diagnostics.TraceEventCache,System.String,System.Diagnostics.TraceEventType,System.Int32,System.Object[])">
      <summary>トレース情報、データ オブジェクトの配列、およびイベント情報を出力ファイルまたはストリームに書き込みます。</summary>
      <param name="eventCache">現在のプロセス ID、スレッド ID、およびスタック トレース情報を格納している <see cref="T:System.Diagnostics.TraceEventCache" /> オブジェクト。</param>
      <param name="source">出力を識別するために使用される名前。通常は、トレース イベントを生成したアプリケーションの名前。</param>
      <param name="eventType">トレースを発生させたイベントのタイプを指定する <see cref="T:System.Diagnostics.TraceEventType" /> 値の 1 つ。</param>
      <param name="id">イベントの数値識別子。</param>
      <param name="data">出力ファイルまたはストリームに書き込むデータ オブジェクトの配列。</param>
    </member>
    <member name="M:System.Diagnostics.DelimitedListTraceListener.TraceEvent(System.Diagnostics.TraceEventCache,System.String,System.Diagnostics.TraceEventType,System.Int32,System.String)">
      <summary>トレース情報、メッセージ、およびイベント情報を出力ファイルまたはストリームに書き込みます。</summary>
      <param name="eventCache">現在のプロセス ID、スレッド ID、およびスタック トレース情報を格納している <see cref="T:System.Diagnostics.TraceEventCache" /> オブジェクト。</param>
      <param name="source">出力を識別するために使用される名前。通常は、トレース イベントを生成したアプリケーションの名前。</param>
      <param name="eventType">トレースを発生させたイベントのタイプを指定する <see cref="T:System.Diagnostics.TraceEventType" /> 値の 1 つ。</param>
      <param name="id">イベントの数値識別子。</param>
      <param name="message">出力ファイルまたはストリームに書き込むトレース メッセージ。</param>
    </member>
    <member name="M:System.Diagnostics.DelimitedListTraceListener.TraceEvent(System.Diagnostics.TraceEventCache,System.String,System.Diagnostics.TraceEventType,System.Int32,System.String,System.Object[])">
      <summary>トレース情報、書式設定されたオブジェクトの配列、およびイベント情報を出力ファイルまたはストリームに書き込みます。</summary>
      <param name="eventCache">現在のプロセス ID、スレッド ID、およびスタック トレース情報を格納している <see cref="T:System.Diagnostics.TraceEventCache" /> オブジェクト。</param>
      <param name="source">出力を識別するために使用される名前。通常は、トレース イベントを生成したアプリケーションの名前。</param>
      <param name="eventType">トレースを発生させたイベントのタイプを指定する <see cref="T:System.Diagnostics.TraceEventType" /> 値の 1 つ。</param>
      <param name="id">イベントの数値識別子。</param>
      <param name="format">0 個以上の書式項目を格納している書式指定文字列。<paramref name="args" /> 配列内のオブジェクトに対応します。</param>
      <param name="args">0 個以上の書式設定対象オブジェクトを含んだ配列。</param>
    </member>
    <member name="P:System.Diagnostics.DelimitedListTraceListener.Delimiter">
      <summary>区切りリストの区切り記号を取得または設定します。</summary>
      <exception cref="T:System.ArgumentNullException">
        <see cref="P:System.Diagnostics.DelimitedListTraceListener.Delimiter" /> が <see langword="null" /> に設定されます。</exception>
      <exception cref="T:System.ArgumentException">
        <see cref="P:System.Diagnostics.DelimitedListTraceListener.Delimiter" /> が空の文字列 ("") に設定されています。</exception>
      <returns>区切りリストの区切り記号。</returns>
    </member>
    <member name="T:System.Diagnostics.TextWriterTraceListener">
      <summary>トレース出力またはデバッグ出力を <see cref="T:System.IO.TextWriter" /> または <see cref="T:System.IO.Stream" /> (<see cref="T:System.IO.FileStream" /> など) に転送します。</summary>
    </member>
    <member name="M:System.Diagnostics.TextWriterTraceListener.#ctor">
      <summary>
        <see cref="T:System.IO.TextWriter" /> を出力宛先として <see cref="T:System.Diagnostics.TextWriterTraceListener" /> クラスの新しいインスタンスを初期化します。</summary>
    </member>
    <member name="M:System.Diagnostics.TextWriterTraceListener.#ctor(System.IO.Stream)">
      <summary>ストリームをデバッグ出力およびトレース出力の受信者として使用して、<see cref="T:System.Diagnostics.TextWriterTraceListener" /> クラスの新しいインスタンスを初期化します。</summary>
      <param name="stream">
        <see cref="T:System.IO.Stream" /> が書き込むストリームを表す <see cref="T:System.Diagnostics.TextWriterTraceListener" />。</param>
      <exception cref="T:System.ArgumentNullException">ストリームが <see langword="null" /> です。</exception>
    </member>
    <member name="M:System.Diagnostics.TextWriterTraceListener.#ctor(System.IO.Stream,System.String)">
      <summary>ストリームをデバッグ出力およびトレース出力の受信者として使用して、<see cref="T:System.Diagnostics.TextWriterTraceListener" /> クラスの新しいインスタンスを初期化します。</summary>
      <param name="stream">
        <see cref="T:System.IO.Stream" /> が書き込むストリームを表す <see cref="T:System.Diagnostics.TextWriterTraceListener" />。</param>
      <param name="name">新規インスタンスの名前。</param>
      <exception cref="T:System.ArgumentNullException">ストリームが <see langword="null" /> です。</exception>
    </member>
    <member name="M:System.Diagnostics.TextWriterTraceListener.#ctor(System.IO.TextWriter)">
      <summary>指定したライターをトレース出力またはデバッグ出力の受信者として使用して、<see cref="T:System.Diagnostics.TextWriterTraceListener" /> クラスの新しいインスタンスを初期化します。</summary>
      <param name="writer">
        <see cref="T:System.IO.TextWriter" /> からの出力を受信する <see cref="T:System.Diagnostics.TextWriterTraceListener" />。</param>
      <exception cref="T:System.ArgumentNullException">ライターが <see langword="null" /> です。</exception>
    </member>
    <member name="M:System.Diagnostics.TextWriterTraceListener.#ctor(System.IO.TextWriter,System.String)">
      <summary>指定したライターをトレース出力またはデバッグ出力の受信者として使用して、指定した名前で <see cref="T:System.Diagnostics.TextWriterTraceListener" /> クラスの新しいインスタンスを初期化します。</summary>
      <param name="writer">
        <see cref="T:System.IO.TextWriter" /> からの出力を受信する <see cref="T:System.Diagnostics.TextWriterTraceListener" />。</param>
      <param name="name">新規インスタンスの名前。</param>
      <exception cref="T:System.ArgumentNullException">ライターが <see langword="null" /> です。</exception>
    </member>
    <member name="M:System.Diagnostics.TextWriterTraceListener.#ctor(System.String)">
      <summary>ファイルをデバッグ出力およびトレース出力の受信者として使用して、<see cref="T:System.Diagnostics.TextWriterTraceListener" /> クラスの新しいインスタンスを初期化します。</summary>
      <param name="fileName">
        <see cref="T:System.Diagnostics.TextWriterTraceListener" /> が出力を書き込むファイルの名前。</param>
      <exception cref="T:System.ArgumentNullException">ファイルが <see langword="null" /> です。</exception>
    </member>
    <member name="M:System.Diagnostics.TextWriterTraceListener.#ctor(System.String,System.String)">
      <summary>ファイルをデバッグ出力およびトレース出力の受信者として使用して、指定した名前で <see cref="T:System.Diagnostics.TextWriterTraceListener" /> クラスの新しいインスタンスを初期化します。</summary>
      <param name="fileName">
        <see cref="T:System.Diagnostics.TextWriterTraceListener" /> が出力を書き込むファイルの名前。</param>
      <param name="name">新規インスタンスの名前。</param>
      <exception cref="T:System.ArgumentNullException">ストリームが <see langword="null" /> です。</exception>
    </member>
    <member name="M:System.Diagnostics.TextWriterTraceListener.Close">
      <summary>
        <see cref="P:System.Diagnostics.TextWriterTraceListener.Writer" /> を終了して、トレース出力またはデバッグ出力を受信しないようにします。</summary>
    </member>
    <member name="M:System.Diagnostics.TextWriterTraceListener.Dispose(System.Boolean)">
      <summary>この <see cref="T:System.Diagnostics.TextWriterTraceListener" /> オブジェクトを破棄します。</summary>
      <param name="disposing">マネージド リソースを解放する場合は <see langword="true" />。<see cref="M:System.Diagnostics.TextWriterTraceListener.Dispose(System.Boolean)" /> が影響をもたらさない場合は <see langword="false" />。</param>
    </member>
    <member name="M:System.Diagnostics.TextWriterTraceListener.Flush">
      <summary>
        <see cref="P:System.Diagnostics.TextWriterTraceListener.Writer" /> 用の出力バッファーをフラッシュします。</summary>
    </member>
    <member name="M:System.Diagnostics.TextWriterTraceListener.Write(System.String)">
      <summary>このインスタンスの <see cref="P:System.Diagnostics.TextWriterTraceListener.Writer" /> にメッセージを書き込みます。</summary>
      <param name="message">書き込むメッセージ。</param>
    </member>
    <member name="M:System.Diagnostics.TextWriterTraceListener.WriteLine(System.String)">
      <summary>このインスタンスの <see cref="P:System.Diagnostics.TextWriterTraceListener.Writer" /> にメッセージを書き込み、続けて行終端記号を書き込みます。 既定の行終端記号は、キャリッジ リターンの次に改行が付いた形です (\r\n)。</summary>
      <param name="message">書き込むメッセージ。</param>
    </member>
    <member name="P:System.Diagnostics.TextWriterTraceListener.Writer">
      <summary>トレース出力またはデバッグ出力を受信するテキスト ライターを取得または設定します。</summary>
      <returns>トレース出力またはデバッグ出力を受信するライターを表す <see cref="T:System.IO.TextWriter" />。</returns>
    </member>
    <member name="T:System.Diagnostics.XmlWriterTraceListener">
      <summary>トレース出力またはデバッグ出力を XML エンコードされたデータとして <see cref="T:System.IO.TextWriter" /> または <see cref="T:System.IO.Stream" /> (<see cref="T:System.IO.FileStream" /> など) に転送します。</summary>
    </member>
    <member name="M:System.Diagnostics.XmlWriterTraceListener.#ctor(System.IO.Stream)">
      <summary>指定されたストリームをデバッグ出力およびトレース出力の受信者として使用して、<see cref="T:System.Diagnostics.XmlWriterTraceListener" /> クラスの新しいインスタンスを初期化します。</summary>
      <param name="stream">トレース リスナーが書き込むストリームを表す <see cref="T:System.IO.Stream" />。</param>
      <exception cref="T:System.ArgumentNullException">
        <paramref name="stream" /> が <see langword="null" />です。</exception>
    </member>
    <member name="M:System.Diagnostics.XmlWriterTraceListener.#ctor(System.IO.Stream,System.String)">
      <summary>指定されたストリームをデバッグ出力およびトレース出力の受信者として使用して、<see cref="T:System.Diagnostics.XmlWriterTraceListener" /> クラスの新しいインスタンスを初期化します。</summary>
      <param name="stream">トレース リスナーが書き込むストリームを表す <see cref="T:System.IO.Stream" />。</param>
      <param name="name">新規インスタンスの名前。</param>
      <exception cref="T:System.ArgumentNullException">
        <paramref name="stream" /> が <see langword="null" />です。</exception>
    </member>
    <member name="M:System.Diagnostics.XmlWriterTraceListener.#ctor(System.IO.TextWriter)">
      <summary>指定されたライターをデバッグ出力およびトレース出力の受信者として使用して、<see cref="T:System.Diagnostics.XmlWriterTraceListener" /> クラスの新しいインスタンスを初期化します。</summary>
      <param name="writer">トレース リスナーからの出力を受信する <see cref="T:System.IO.TextWriter" />。</param>
      <exception cref="T:System.ArgumentNullException">
        <paramref name="writer" /> が <see langword="null" />です。</exception>
    </member>
    <member name="M:System.Diagnostics.XmlWriterTraceListener.#ctor(System.IO.TextWriter,System.String)">
      <summary>指定されたライターをデバッグ出力およびトレース出力の受信者として使用して、<see cref="T:System.Diagnostics.XmlWriterTraceListener" /> クラスの新しいインスタンスを初期化します。</summary>
      <param name="writer">トレース リスナーからの出力を受信する <see cref="T:System.IO.TextWriter" />。</param>
      <param name="name">新規インスタンスの名前。</param>
      <exception cref="T:System.ArgumentNullException">
        <paramref name="writer" /> が <see langword="null" />です。</exception>
    </member>
    <member name="M:System.Diagnostics.XmlWriterTraceListener.#ctor(System.String)">
      <summary>指定されたファイルをデバッグ出力およびトレース出力の受信者として使用して、<see cref="T:System.Diagnostics.XmlWriterTraceListener" /> クラスの新しいインスタンスを初期化します。</summary>
      <param name="filename">書き込み先のファイルの名前。</param>
      <exception cref="T:System.ArgumentNullException">
        <paramref name="filename" /> が <see langword="null" />です。</exception>
    </member>
    <member name="M:System.Diagnostics.XmlWriterTraceListener.#ctor(System.String,System.String)">
      <summary>指定されたファイルをデバッグ出力およびトレース出力の受信者として使用して、<see cref="T:System.Diagnostics.XmlWriterTraceListener" /> クラスの新しいインスタンスを初期化します。</summary>
      <param name="filename">書き込み先のファイルの名前。</param>
      <param name="name">新規インスタンスの名前。</param>
      <exception cref="T:System.ArgumentNullException">
        <paramref name="stream" /> が <see langword="null" />です。</exception>
    </member>
    <member name="M:System.Diagnostics.XmlWriterTraceListener.Close">
      <summary>このリスナーの <see cref="P:System.Diagnostics.TextWriterTraceListener.Writer" /> を終了して、トレース出力またはデバッグ出力を受信しないようにします。</summary>
    </member>
    <member name="M:System.Diagnostics.XmlWriterTraceListener.Fail(System.String,System.String)">
      <summary>エラー メッセージおよびエラー メッセージの詳細を含むトレース情報をファイルまたはストリームに書き込みます。</summary>
      <param name="message">書き込むエラー メッセージ。</param>
      <param name="detailMessage">エラー メッセージに追加する詳細なエラー メッセージ。</param>
    </member>
    <member name="M:System.Diagnostics.XmlWriterTraceListener.TraceData(System.Diagnostics.TraceEventCache,System.String,System.Diagnostics.TraceEventType,System.Int32,System.Object)">
      <summary>トレース情報 (データ オブジェクトおよびイベント情報) をファイルまたはストリームに書き込みます。</summary>
      <param name="eventCache">現在のプロセス ID、スレッド ID、およびスタック トレース情報を格納している <see cref="T:System.Diagnostics.TraceEventCache" />。</param>
      <param name="source">ソース名です。</param>
      <param name="eventType">
        <see cref="T:System.Diagnostics.TraceEventType" /> 値のいずれか 1 つ。</param>
      <param name="id">イベントの数値識別子。</param>
      <param name="data">出力するデータ オブジェクト。</param>
    </member>
    <member name="M:System.Diagnostics.XmlWriterTraceListener.TraceData(System.Diagnostics.TraceEventCache,System.String,System.Diagnostics.TraceEventType,System.Int32,System.Object[])">
      <summary>トレース情報、データ オブジェクト、およびイベント情報をファイルまたはストリームに書き込みます。</summary>
      <param name="eventCache">現在のプロセス ID、スレッド ID、およびスタック トレース情報を格納している <see cref="T:System.Diagnostics.TraceEventCache" />。</param>
      <param name="source">ソース名です。</param>
      <param name="eventType">
        <see cref="T:System.Diagnostics.TraceEventType" /> 値のいずれか 1 つ。</param>
      <param name="id">イベントの数値識別子。</param>
      <param name="data">出力するデータ オブジェクトの配列。</param>
    </member>
    <member name="M:System.Diagnostics.XmlWriterTraceListener.TraceEvent(System.Diagnostics.TraceEventCache,System.String,System.Diagnostics.TraceEventType,System.Int32,System.String)">
      <summary>トレース情報、メッセージ、およびイベント情報をファイルまたはストリームに書き込みます。</summary>
      <param name="eventCache">現在のプロセス ID、スレッド ID、およびスタック トレース情報を格納している <see cref="T:System.Diagnostics.TraceEventCache" />。</param>
      <param name="source">ソース名です。</param>
      <param name="eventType">
        <see cref="T:System.Diagnostics.TraceEventType" /> 値のいずれか 1 つ。</param>
      <param name="id">イベントの数値識別子。</param>
      <param name="message">書き込むメッセージ。</param>
    </member>
    <member name="M:System.Diagnostics.XmlWriterTraceListener.TraceEvent(System.Diagnostics.TraceEventCache,System.String,System.Diagnostics.TraceEventType,System.Int32,System.String,System.Object[])">
      <summary>トレース情報、書式設定されたメッセージ、およびイベント情報をファイルまたはストリームに書き込みます。</summary>
      <param name="eventCache">現在のプロセス ID、スレッド ID、およびスタック トレース情報を格納している <see cref="T:System.Diagnostics.TraceEventCache" />。</param>
      <param name="source">ソース名です。</param>
      <param name="eventType">
        <see cref="T:System.Diagnostics.TraceEventType" /> 値のいずれか 1 つ。</param>
      <param name="id">イベントの数値識別子。</param>
      <param name="format">0 個以上の書式項目を格納している書式指定文字列。<paramref name="args" /> 配列内のオブジェクトに対応します。</param>
      <param name="args">0 個以上の書式設定対象オブジェクトを含んだオブジェクト配列。</param>
    </member>
    <member name="M:System.Diagnostics.XmlWriterTraceListener.TraceTransfer(System.Diagnostics.TraceEventCache,System.String,System.Int32,System.String,System.Guid)">
      <summary>関連するアクティビティの ID を含むトレース情報、メッセージ、およびイベント情報をファイルまたはストリームに書き込みます。</summary>
      <param name="eventCache">現在のプロセス ID、スレッド ID、およびスタック トレース情報を格納している <see cref="T:System.Diagnostics.TraceEventCache" />。</param>
      <param name="source">ソース名です。</param>
      <param name="id">イベントの数値識別子。</param>
      <param name="message">書き込むトレース メッセージ。</param>
      <param name="relatedActivityId">関連するアクティビティを識別する <see cref="T:System.Guid" /> 構造体。</param>
    </member>
    <member name="M:System.Diagnostics.XmlWriterTraceListener.Write(System.String)">
      <summary>逐語的メッセージを追加のコンテキスト情報なしでファイルまたはストリームに書き込みます。</summary>
      <param name="message">書き込むメッセージ。</param>
    </member>
    <member name="M:System.Diagnostics.XmlWriterTraceListener.WriteLine(System.String)">
      <summary>逐語的メッセージを追加のコンテキスト情報なしでファイルまたはストリームに書き込み、続けて現在の行終端記号を書き込みます。</summary>
      <param name="message">書き込むメッセージ。</param>
    </member>
  </members>
</doc>