<doc>
  <assembly>
    <name>System.Net.ServicePoint</name>
  </assembly>
  <members>
    <member name="T:System.Net.BindIPEndPoint">
      <summary>
        <see cref="T:System.Net.ServicePoint" /> のローカル インターネット プロトコル アドレスとポート番号を指定するメソッドを表します。</summary>
      <param name="servicePoint">作成される接続に関連付けられる <see cref="T:System.Net.ServicePoint" />。</param>
      <param name="remoteEndPoint">リモート ホストを指定するリモート <see cref="T:System.Net.IPEndPoint" />。</param>
      <param name="retryCount">指定された接続に対してこのデリゲートが呼び出された回数。</param>
      <exception cref="T:System.OverflowException">
        <paramref name="retryCount" /> と <see cref="F:System.Int32.MaxValue" /> は等価です。</exception>
      <returns>
        <see cref="T:System.Net.IPEndPoint" /> のバインド先のローカル <see cref="T:System.Net.ServicePoint" />。</returns>
    </member>
    <member name="T:System.Net.SecurityProtocolType">
      <summary>Schannel セキュリティ パッケージでサポートされるセキュリティ プロトコルを示します。</summary>
    </member>
    <member name="F:System.Net.SecurityProtocolType.Ssl3">
      <summary>SSL (Secure Socket Layer) 3.0 セキュリティ プロトコルを示します。 SSL 3.0 は、Transport Layer Security (TLS) プロトコルに取って代わられ、下位互換性の目的だけに提供されています。</summary>
    </member>
    <member name="F:System.Net.SecurityProtocolType.SystemDefault">
      <summary>使用する最適なプロトコルを選択し、セキュリティで保護されていないプロトコルをブロックすることをオペレーティング システムに許可します。 アプリケーションに特別な理由がない限り、この値を使用するようにしてください。</summary>
    </member>
    <member name="F:System.Net.SecurityProtocolType.Tls">
      <summary>TLS (Transport Layer Security) 1.0 セキュリティ プロトコルを示します。 TLS 1.0 プロトコルは、IETF RFC 2246 で定義されています。</summary>
    </member>
    <member name="F:System.Net.SecurityProtocolType.Tls11">
      <summary>TLS (Transport Layer Security) 1.1 セキュリティ プロトコルを示します。 TLS 1.1 プロトコルは、IETF RFC 4346 で定義されています。 Windows システムでは、この値は Windows 7 以降ではサポートされています。</summary>
    </member>
    <member name="F:System.Net.SecurityProtocolType.Tls12">
      <summary>TLS (Transport Layer Security) 1.2 セキュリティ プロトコルを示します。 TLS 1.2 プロトコルは、IETF RFC 5246 で定義されています。 Windows システムでは、この値は Windows 7 以降ではサポートされています。</summary>
    </member>
    <member name="F:System.Net.SecurityProtocolType.Tls13">
      <summary>TLS 1.3 セキュリティ プロトコルを指定します。 TLS プロトコルは、IETF RFC 8446 で定義されています。</summary>
    </member>
    <member name="T:System.Net.ServicePoint">
      <summary>HTTP 接続の接続管理を提供します。</summary>
    </member>
    <member name="M:System.Net.ServicePoint.CloseConnectionGroup(System.String)">
      <summary>指定した接続グループを、この <see cref="T:System.Net.ServicePoint" /> オブジェクトから削除します。</summary>
      <param name="connectionGroupName">閉じてこのサービス ポイントから削除する接続を格納している接続グループの名前。</param>
      <returns>接続グループが閉じられたかどうかを示す <see cref="T:System.Boolean" /> 値。</returns>
    </member>
    <member name="M:System.Net.ServicePoint.SetTcpKeepAlive(System.Boolean,System.Int32,System.Int32)">
      <summary>TCP 接続での keep-alive オプションを有効または無効にします。</summary>
      <param name="enabled">true に設定すると、指定された <paramref name="keepAliveTime" /> 値および <paramref name="keepAliveInterval" /> 値を使用して、TCP 接続の TCP keep-alive オプションが有効になります。  
  
false に設定すると、TCP keep-alive オプションが無効になり、残りのパラメーターは無視されます。  
  
既定値は false です。</param>
      <param name="keepAliveTime">最初の keep-alive パケットが送信されるまで活動を行わないタイムアウト値をミリ秒単位で指定します。  
  
値は 0 よりも大きくする必要があります。  0 またはそれより小さい値が渡されると、<see cref="T:System.ArgumentOutOfRangeException" /> がスローされます。</param>
      <param name="keepAliveInterval">受信確認が受信されない場合に、連続する keep-alive パケットが送信されるときの間隔をミリ秒単位で指定します。  
  
値は 0 よりも大きくする必要があります。  0 またはそれより小さい値が渡されると、<see cref="T:System.ArgumentOutOfRangeException" /> がスローされます。</param>
      <exception cref="T:System.ArgumentOutOfRangeException">
        <paramref name="keepAliveTime" /> パラメーターまたは <paramref name="keepAliveInterval" /> パラメーターに指定された値が 0 以下です。</exception>
    </member>
    <member name="P:System.Net.ServicePoint.Address">
      <summary>この <see cref="T:System.Net.ServicePoint" /> オブジェクトの接続先サーバーの URI (Uniform Resource Identifier) を取得します。</summary>
      <exception cref="T:System.NotSupportedException">
        <see cref="T:System.Net.ServicePoint" /> がホスト モードです。</exception>
      <returns>
        <see cref="T:System.Uri" /> オブジェクトの接続先のインターネット サーバーの URI を格納している <see cref="T:System.Net.ServicePoint" /> クラスのインスタンス。</returns>
    </member>
    <member name="P:System.Net.ServicePoint.BindIPEndPointDelegate">
      <summary>ローカルの <see cref="T:System.Net.IPEndPoint" /> を <see cref="T:System.Net.ServicePoint" /> に関連付けるデリゲートを指定します。</summary>
      <returns>強制的に <see cref="T:System.Net.ServicePoint" /> が特定のローカル インターネット プロトコル (IP) アドレスとポート番号を使用するようにするデリゲート。 既定値は <see langword="null" /> です。</returns>
    </member>
    <member name="P:System.Net.ServicePoint.Certificate">
      <summary>
        <see cref="T:System.Net.ServicePoint" /> オブジェクト用に受信した証明書を取得します。</summary>
      <returns>この <see cref="T:System.Net.ServicePoint" /> オブジェクト用に受信したセキュリティ証明書を格納している <see cref="T:System.Security.Cryptography.X509Certificates.X509Certificate" /> クラスのインスタンス。</returns>
    </member>
    <member name="P:System.Net.ServicePoint.ClientCertificate">
      <summary>サーバーに送信された最後のクライアント証明書を取得します。</summary>
      <returns>サーバーに送信された最後のクライアント証明書のパブリック値を格納している <see cref="T:System.Security.Cryptography.X509Certificates.X509Certificate" /> オブジェクト。</returns>
    </member>
    <member name="P:System.Net.ServicePoint.ConnectionLeaseTimeout">
      <summary>アクティブな <see cref="T:System.Net.ServicePoint" /> 接続が閉じられるまでのミリ秒単位の時間を取得または設定します。</summary>
      <exception cref="T:System.ArgumentOutOfRangeException">設定操作として指定された値が -1 未満の負数です。</exception>
      <returns>アクティブな <see cref="T:System.Net.ServicePoint" /> 接続が開いている時間をミリ秒単位で指定する <see cref="T:System.Int32" />。 既定値は -1 で、アクティブな <see cref="T:System.Net.ServicePoint" /> 接続を無制限に接続状態にしておくことができます。 要求の処理後に強制的に <see cref="T:System.Net.ServicePoint" /> 接続を閉じるには、このプロパティを 0 に設定します。</returns>
    </member>
    <member name="P:System.Net.ServicePoint.ConnectionLimit">
      <summary>
        <see cref="T:System.Net.ServicePoint" /> オブジェクトで許可される接続の最大数を取得または設定します。</summary>
      <exception cref="T:System.ArgumentOutOfRangeException">接続上限が 0 以下です。</exception>
      <returns>
        <see cref="T:System.Net.ServicePoint" /> オブジェクトで許可される接続の最大数。</returns>
    </member>
    <member name="P:System.Net.ServicePoint.ConnectionName">
      <summary>接続名を取得します。</summary>
      <returns>接続名を表す <see cref="T:System.String" />。</returns>
    </member>
    <member name="P:System.Net.ServicePoint.CurrentConnections">
      <summary>
        <see cref="T:System.Net.ServicePoint" /> オブジェクトに関連付けられている、開いている接続の数を取得します。</summary>
      <returns>
        <see cref="T:System.Net.ServicePoint" /> オブジェクトに関連付けられている、開いている接続の数。</returns>
    </member>
    <member name="P:System.Net.ServicePoint.Expect100Continue">
      <summary>100-Continue 動作を使用するかどうかを決定する <see cref="T:System.Boolean" /> 値を取得または設定します。</summary>
      <returns>
        <see langword="POST" /> 要求に対して 100-Continue 応答を見込んでいる場合は <see langword="true" />。それ以外の場合は <see langword="false" />。 既定値は <see langword="true" /> です。</returns>
    </member>
    <member name="P:System.Net.ServicePoint.IdleSince">
      <summary>
        <see cref="T:System.Net.ServicePoint" /> オブジェクトが最後にホストに接続した日付と時刻を取得します。</summary>
      <returns>
        <see cref="T:System.DateTime" /> オブジェクトが最後に接続した日付と時刻を格納している <see cref="T:System.Net.ServicePoint" /> オブジェクト。</returns>
    </member>
    <member name="P:System.Net.ServicePoint.MaxIdleTime">
      <summary>
        <see cref="T:System.Net.ServicePoint" /> オブジェクトに関連付けられた接続がアイドル状態を持続できる時間を取得または設定します。この時間が経過すると、接続は閉じられます。</summary>
      <exception cref="T:System.ArgumentOutOfRangeException">
        <see cref="P:System.Net.ServicePoint.MaxIdleTime" /> が <see cref="F:System.Threading.Timeout.Infinite" /> より小さい値か、<see cref="F:System.Int32.MaxValue" /> より大きい値に設定されています。</exception>
      <returns>
        <see cref="T:System.Net.ServicePoint" /> オブジェクトに関連付けられた接続が閉じられて別の接続で再利用されるまでにアイドル状態を持続できる時間 (ミリ秒単位)。</returns>
    </member>
    <member name="P:System.Net.ServicePoint.ProtocolVersion">
      <summary>
        <see cref="T:System.Net.ServicePoint" /> オブジェクトが使用する HTTP プロトコルのバージョンを取得します。</summary>
      <returns>
        <see cref="T:System.Version" /> オブジェクトが使用する HTTP プロトコルのバージョンを格納している <see cref="T:System.Net.ServicePoint" /> オブジェクト。</returns>
    </member>
    <member name="P:System.Net.ServicePoint.ReceiveBufferSize">
      <summary>この <see cref="T:System.Net.ServicePoint" /> が使用するソケットの受信バッファーのサイズを取得または設定します。</summary>
      <exception cref="T:System.ArgumentOutOfRangeException">設定操作として指定した値が <see cref="F:System.Int32.MaxValue" /> を超えています。</exception>
      <returns>受信バッファーのサイズ (バイト単位) を格納している <see cref="T:System.Int32" />。 既定値は 8192 です。</returns>
    </member>
    <member name="P:System.Net.ServicePoint.SupportsPipelining">
      <summary>
        <see cref="T:System.Net.ServicePoint" /> オブジェクトがパイプライン接続をサポートしているかどうかを示します。</summary>
      <returns>
        <see cref="T:System.Net.ServicePoint" /> オブジェクトがパイプライン接続をサポートしている場合は <see langword="true" />。それ以外の場合は <see langword="false" />。</returns>
    </member>
    <member name="P:System.Net.ServicePoint.UseNagleAlgorithm">
      <summary>その <see cref="T:System.Net.ServicePoint" /> オブジェクトが管理する接続で Nagle アルゴリズムを使用するかどうかを決定する <see cref="T:System.Boolean" /> 値を取得または設定します。</summary>
      <returns>Nagle アルゴリズムを使用する場合は <see langword="true" />。それ以外の場合は <see langword="false" />。 既定値は <see langword="true" /> です。</returns>
    </member>
    <member name="T:System.Net.ServicePointManager">
      <summary>
        <see cref="T:System.Net.ServicePoint" /> オブジェクトのコレクションを管理します。</summary>
    </member>
    <member name="F:System.Net.ServicePointManager.DefaultNonPersistentConnectionLimit">
      <summary>HTTP/1.0 以降のサーバーに接続される <see cref="T:System.Net.ServicePoint" /> オブジェクトで許可する非永続的な接続の既定の数 (4)。 このフィールドは定数ですが、.NET Framework 2.0 では使用されなくなりました。</summary>
    </member>
    <member name="F:System.Net.ServicePointManager.DefaultPersistentConnectionLimit">
      <summary>HTTP/1.1 以降のサーバーに接続される <see cref="T:System.Net.ServicePoint" /> オブジェクトで許可する永続的な接続の既定の数 (2)。 このフィールドは定数であり、<see cref="P:System.Net.ServicePointManager.DefaultConnectionLimit" /> プロパティの値が直接にも構成によっても設定されていない場合に <see cref="P:System.Net.ServicePointManager.DefaultConnectionLimit" /> プロパティを初期化するために使用されます。</summary>
    </member>
    <member name="M:System.Net.ServicePointManager.FindServicePoint(System.String,System.Net.IWebProxy)">
      <summary>指定した URI (Uniform Resource Identifier) との通信を管理するには、既存の <see cref="T:System.Net.ServicePoint" /> オブジェクトを検出するか、新しい <see cref="T:System.Net.ServicePoint" /> オブジェクトを作成します。</summary>
      <param name="uriString">接続先のインターネット リソースの URI。</param>
      <param name="proxy">この要求に対して使用するプロキシ データ。</param>
      <exception cref="T:System.UriFormatException">
        <paramref name="uriString" /> で指定した URI が無効です。</exception>
      <exception cref="T:System.InvalidOperationException">
        <see cref="T:System.Net.ServicePoint" /> で定義されている <see cref="P:System.Net.ServicePointManager.MaxServicePoints" /> オブジェクトの最大数に達しました。</exception>
      <returns>要求を処理するための通信を管理する <see cref="T:System.Net.ServicePoint" /> オブジェクト。</returns>
    </member>
    <member name="M:System.Net.ServicePointManager.FindServicePoint(System.Uri)">
      <summary>指定した <see cref="T:System.Uri" /> オブジェクトとの通信を管理するには、既存の <see cref="T:System.Net.ServicePoint" /> オブジェクトを検出するか、新しい <see cref="T:System.Net.ServicePoint" /> オブジェクトを作成します。</summary>
      <param name="address">接続先のインターネット リソースの <see cref="T:System.Uri" /> オブジェクト。</param>
      <exception cref="T:System.ArgumentNullException">
        <paramref name="address" /> が <see langword="null" />です。</exception>
      <exception cref="T:System.InvalidOperationException">
        <see cref="T:System.Net.ServicePoint" /> で定義されている <see cref="P:System.Net.ServicePointManager.MaxServicePoints" /> オブジェクトの最大数に達しました。</exception>
      <returns>要求を処理するための通信を管理する <see cref="T:System.Net.ServicePoint" /> オブジェクト。</returns>
    </member>
    <member name="M:System.Net.ServicePointManager.FindServicePoint(System.Uri,System.Net.IWebProxy)">
      <summary>指定した <see cref="T:System.Uri" /> オブジェクトとの通信を管理するには、既存の <see cref="T:System.Net.ServicePoint" /> オブジェクトを検出するか、新しい <see cref="T:System.Net.ServicePoint" /> オブジェクトを作成します。</summary>
      <param name="address">接続先のインターネット リソースのアドレスを格納している <see cref="T:System.Uri" /> オブジェクト。</param>
      <param name="proxy">この要求に対して使用するプロキシ データ。</param>
      <exception cref="T:System.ArgumentNullException">
        <paramref name="address" /> が <see langword="null" />です。</exception>
      <exception cref="T:System.InvalidOperationException">
        <see cref="T:System.Net.ServicePoint" /> で定義されている <see cref="P:System.Net.ServicePointManager.MaxServicePoints" /> オブジェクトの最大数に達しました。</exception>
      <returns>要求を処理するための通信を管理する <see cref="T:System.Net.ServicePoint" /> オブジェクト。</returns>
    </member>
    <member name="M:System.Net.ServicePointManager.SetTcpKeepAlive(System.Boolean,System.Int32,System.Int32)">
      <summary>TCP 接続での keep-alive オプションを有効または無効にします。</summary>
      <param name="enabled">true に設定すると、指定された <paramref name="keepAliveTime" /> 値および <paramref name="keepAliveInterval" /> 値を使用して、TCP 接続の TCP keep-alive オプションが有効になります。  
  
false に設定すると、TCP keep-alive オプションが無効になり、残りのパラメーターは無視されます。  
  
既定値は false です。</param>
      <param name="keepAliveTime">最初の keep-alive パケットが送信されるまで活動を行わないタイムアウト値をミリ秒単位で指定します。  
  
値は 0 よりも大きくする必要があります。  0 またはそれより小さい値が渡されると、<see cref="T:System.ArgumentOutOfRangeException" /> がスローされます。</param>
      <param name="keepAliveInterval">受信確認が受信されない場合に、連続する keep-alive パケットが送信されるときの間隔をミリ秒単位で指定します。  
  
値は 0 よりも大きくする必要があります。  0 またはそれより小さい値が渡されると、<see cref="T:System.ArgumentOutOfRangeException" /> がスローされます。</param>
      <exception cref="T:System.ArgumentOutOfRangeException">
        <paramref name="keepAliveTime" /> パラメーターまたは <paramref name="keepAliveInterval" /> パラメーターに指定された値が 0 以下です。</exception>
    </member>
    <member name="P:System.Net.ServicePointManager.CheckCertificateRevocationList">
      <summary>証明書が証明機関の失効リストに対して照合されるかどうかを示す <see cref="T:System.Boolean" /> 値を取得または設定します。</summary>
      <returns>証明書失効リストが照合される場合は <see langword="true" />。それ以外の場合は <see langword="false" />。</returns>
    </member>
    <member name="P:System.Net.ServicePointManager.DefaultConnectionLimit">
      <summary>
        <see cref="T:System.Net.ServicePoint" /> オブジェクトで許可される同時接続の最大数を取得または設定します。</summary>
      <exception cref="T:System.ArgumentOutOfRangeException">
        <see cref="P:System.Net.ServicePointManager.DefaultConnectionLimit" /> が 0 以下です。</exception>
      <returns>
        <see cref="T:System.Net.ServicePoint" /> オブジェクトで許可されているコンカレント接続の最大数。 既定の接続数は、ASP.NET でホストされるアプリケーションの場合は10、それ以外の場合は2になります。 アプリが ASP.NET ホストとして実行されている場合、autoConfig プロパティが <see langword="true" />に設定されていると、構成ファイルからこのプロパティの値を変更することはできません。 ただし、autoConfig プロパティが <see langword="true" /> であれば、プログラムで値を変更できます。 AppDomain の読み込み時に、目的の値を 1 回だけ設定します。</returns>
    </member>
    <member name="P:System.Net.ServicePointManager.DnsRefreshTimeout">
      <summary>ドメイン ネーム サービス (DNS: Domain Name Service) 解決が有効と見なされる期間を示す値を取得または設定します。</summary>
      <returns>タイムアウト値 (ミリ秒)。 値が -1 の場合は、タイムアウト期間が無限であることを示します。 既定値は 120,000 ミリ秒 (2 分) です。</returns>
    </member>
    <member name="P:System.Net.ServicePointManager.EnableDnsRoundRobin">
      <summary>ドメイン ネーム サービス (DNS) 解決で、適用可能なインターネット プロトコル (IP) アドレスが順番に使用されるかどうかを示す値を取得または設定します。</summary>
      <returns>DNS 解決によって常に特定のホストの最初の IP アドレスが返される場合は <see langword="false" />。それ以外の場合は <see langword="true" />。 既定値は、<see langword="false" /> です。</returns>
    </member>
    <member name="P:System.Net.ServicePointManager.EncryptionPolicy">
      <summary>この <see cref="T:System.Net.ServicePointManager" /> インスタンスの <see cref="T:System.Net.Security.EncryptionPolicy" /> を取得します。</summary>
      <returns>この <see cref="T:System.Net.ServicePointManager" /> のインスタンスに使用する暗号化ポリシー。</returns>
    </member>
    <member name="P:System.Net.ServicePointManager.Expect100Continue">
      <summary>100-Continue 動作を使用するかどうかを決定する <see cref="T:System.Boolean" /> 値を取得または設定します。</summary>
      <returns>100-Continue 動作を有効にする場合は <see langword="true" />。 既定値は <see langword="true" /> です。</returns>
    </member>
    <member name="P:System.Net.ServicePointManager.MaxServicePointIdleTime">
      <summary>
        <see cref="T:System.Net.ServicePoint" /> オブジェクトの最大アイドル時間を取得または設定します。</summary>
      <exception cref="T:System.ArgumentOutOfRangeException">
        <see cref="P:System.Net.ServicePointManager.MaxServicePointIdleTime" /> が <see cref="F:System.Threading.Timeout.Infinite" /> より小さいか <see cref="F:System.Int32.MaxValue" /> より大きいです。</exception>
      <returns>
        <see cref="T:System.Net.ServicePoint" /> オブジェクトのミリ秒単位の最大アイドル時間。 既定値は 100,000 ミリ秒 (100 秒) です。</returns>
    </member>
    <member name="P:System.Net.ServicePointManager.MaxServicePoints">
      <summary>同時に維持される <see cref="T:System.Net.ServicePoint" /> オブジェクトの最大数を取得または設定します。</summary>
      <exception cref="T:System.ArgumentOutOfRangeException">
        <see cref="P:System.Net.ServicePointManager.MaxServicePoints" /> が 0 未満であるか、または <see cref="F:System.Int32.MaxValue" /> を超えています。</exception>
      <returns>維持される <see cref="T:System.Net.ServicePoint" /> オブジェクトの最大数。 既定値は 0 です。これは <see cref="T:System.Net.ServicePoint" /> オブジェクトの数に制限がないことを示します。</returns>
    </member>
    <member name="P:System.Net.ServicePointManager.ReusePort">
      <summary>このプロパティの値を <see langword="true" /> に設定すると、HttpWebRequest からのすべての発信 TCP 接続において、ソケットでネイティブ ソケット オプション SO_REUSE_UNICASTPORT が使用されます。 これにより、基になる発信ポートが共有されます。 これは、多数の発信接続が短時間で作成される場合や、アプリにポート不足の危険がある場合に役立ちます。</summary>
      <returns>
        <see cref="T:System.Boolean" /> を返します。</returns>
    </member>
    <member name="P:System.Net.ServicePointManager.SecurityProtocol">
      <summary>その <see cref="T:System.Net.ServicePointManager" /> オブジェクトが管理する <see cref="T:System.Net.ServicePoint" /> オブジェクトで使用されるセキュリティ プロトコルを取得または設定します。</summary>
      <exception cref="T:System.NotSupportedException">プロパティを設定するために指定された値が有効な <see cref="T:System.Net.SecurityProtocolType" /> 列挙値ではありません。</exception>
      <returns>
        <see cref="T:System.Net.SecurityProtocolType" /> 列挙値に定義されている値の 1 つ。</returns>
    </member>
    <member name="P:System.Net.ServicePointManager.ServerCertificateValidationCallback">
      <summary>サーバー証明書を検証するコールバックを取得または設定します。</summary>
      <returns>
        <see cref="T:System.Net.Security.RemoteCertificateValidationCallback" />。 既定値は <see langword="null" /> です。</returns>
    </member>
    <member name="P:System.Net.ServicePointManager.UseNagleAlgorithm">
      <summary>この <see cref="T:System.Net.ServicePointManager" /> オブジェクトが管理するサービス ポイントで Nagle アルゴリズムが使用されるかどうかを確認します。</summary>
      <returns>Nagle アルゴリズムを使用する場合は <see langword="true" />。それ以外の場合は <see langword="false" />。 既定値は <see langword="true" /> です。</returns>
    </member>
  </members>
</doc>