<doc>
  <assembly>
    <name>System.Text.Encoding.CodePages</name>
  </assembly>
  <members>
    <member name="T:System.Text.CodePagesEncodingProvider">
      <summary>コード ページのエンコード プロバイダーへのアクセスを提供します。それ以外の場合、このページはデスクトップの .NET Framework でのみサポートされます。</summary>
    </member>
    <member name="M:System.Text.CodePagesEncodingProvider.GetEncoding(System.Int32)">
      <summary>指定したコード ページ ID に関連付けられたエンコーディングを返します。</summary>
      <param name="codepage">エンコード プロバイダーでサポートされる優先エンコードのコード ページ識別子。</param>
      <returns>指定したコード ページ識別子に関連付けられているエンコード。プロバイダーが要求されたコード ページ エンコードをサポートしていない場合は <see langword="null" />。</returns>
    </member>
    <member name="M:System.Text.CodePagesEncodingProvider.GetEncoding(System.String)">
      <summary>指定したコード ページ名に関連付けられたエンコーディングを返します。</summary>
      <param name="name">エンコード プロバイダーでサポートされる優先エンコードのコード ページ名。</param>
      <returns>指定したコード ページに関連付けられているエンコード。プロバイダーが要求されたエンコードをサポートしていない場合は <see langword="null" />。</returns>
    </member>
    <member name="M:System.Text.CodePagesEncodingProvider.GetEncodings">
      <summary>
        <see cref="T:System.Text.CodePagesEncodingProvider" /> によってサポートされているすべてのエンコーディングを格納する配列を返します。</summary>
      <returns>サポートされているすべてのエンコーディングを格納している配列。</returns>
    </member>
    <member name="P:System.Text.CodePagesEncodingProvider.Instance">
      <summary>デスクトップの .NET Framework ではサポートされているものの現在の .NET Framework プラットフォームではサポートされていないコード ページのエンコーディング プロバイダーを取得します。</summary>
      <returns>現在の .NET Framework プラットフォームでサポートされていないエンコーディングへのアクセスを許可するエンコーディングプロバイダー。</returns>
    </member>
  </members>
</doc>