<doc>
  <assembly>
    <name>System.Web.HttpUtility</name>
  </assembly>
  <members>
    <member name="T:System.Web.HttpUtility">
      <summary>Web 要求を処理する際、URL のエンコーディングおよびデコーディングのメソッドを提供します。 このクラスは継承できません。</summary>
    </member>
    <member name="M:System.Web.HttpUtility.#ctor">
      <summary>
        <see cref="T:System.Web.HttpUtility" /> クラスの新しいインスタンスを初期化します。</summary>
    </member>
    <member name="M:System.Web.HttpUtility.HtmlAttributeEncode(System.String)">
      <summary>文字列を HTML エンコードされた文字列に最小限に変換します。</summary>
      <param name="s">エンコードする文字列。</param>
      <returns>エンコードされた文字列。</returns>
    </member>
    <member name="M:System.Web.HttpUtility.HtmlAttributeEncode(System.String,System.IO.TextWriter)">
      <summary>最小限でも、文字列を HTML エンコードされた文字列に変換し、エンコードされた文字列を <see cref="T:System.IO.TextWriter" /> 出力ストリームに送信します。</summary>
      <param name="s">エンコードする文字列。</param>
      <param name="output">
        <see cref="T:System.IO.TextWriter" /> 出力ストリーム。</param>
    </member>
    <member name="M:System.Web.HttpUtility.HtmlDecode(System.String)">
      <summary>HTTP での転送用に HTML でエンコードされた文字列をデコードされた文字列に変換します。</summary>
      <param name="s">デコードする文字列。</param>
      <returns>デコードされた文字列。</returns>
    </member>
    <member name="M:System.Web.HttpUtility.HtmlDecode(System.String,System.IO.TextWriter)">
      <summary>HTML エンコードされた文字列をデコードされた文字列に変換し、デコードされた文字列を <see cref="T:System.IO.TextWriter" /> 出力ストリームに送信します。</summary>
      <param name="s">デコードする文字列。</param>
      <param name="output">出力の <see cref="T:System.IO.TextWriter" /> ストリーム。</param>
    </member>
    <member name="M:System.Web.HttpUtility.HtmlEncode(System.Object)">
      <summary>HTML エンコードされた文字列にオブジェクトの文字列表現を変換し、エンコードされた文字列を返します。</summary>
      <param name="value">オブジェクト。</param>
      <returns>エンコードされた文字列。</returns>
    </member>
    <member name="M:System.Web.HttpUtility.HtmlEncode(System.String)">
      <summary>文字列を HTML エンコードされた文字列に変換します。</summary>
      <param name="s">エンコードする文字列。</param>
      <returns>エンコードされた文字列。</returns>
    </member>
    <member name="M:System.Web.HttpUtility.HtmlEncode(System.String,System.IO.TextWriter)">
      <summary>文字列を HTML エンコードされた文字列に変換し、出力の <see cref="T:System.IO.TextWriter" /> ストリームとして出力を返します。</summary>
      <param name="s">エンコードする文字列。</param>
      <param name="output">
        <see cref="T:System.IO.TextWriter" /> 出力ストリーム。</param>
    </member>
    <member name="M:System.Web.HttpUtility.JavaScriptStringEncode(System.String)">
      <summary>文字列をエンコードします。</summary>
      <param name="value">エンコードする文字列。</param>
      <returns>エンコードされた文字列。</returns>
    </member>
    <member name="M:System.Web.HttpUtility.JavaScriptStringEncode(System.String,System.Boolean)">
      <summary>文字列をエンコードします。</summary>
      <param name="value">エンコードする文字列。</param>
      <param name="addDoubleQuotes">エンコードされた文字列を囲む二重引用符が含まれるかどうかを示す値。</param>
      <returns>エンコードされた文字列。</returns>
    </member>
    <member name="M:System.Web.HttpUtility.ParseQueryString(System.String)">
      <summary>
        <see cref="P:System.Text.Encoding.UTF8" /> エンコードを使用してクエリ文字列を <see cref="T:System.Collections.Specialized.NameValueCollection" /> に解析します。</summary>
      <param name="query">解析するクエリ文字列。</param>
      <exception cref="T:System.ArgumentNullException">
        <paramref name="query" /> が <see langword="null" />です。</exception>
      <returns>クエリ パラメーターと値の <see cref="T:System.Collections.Specialized.NameValueCollection" />。</returns>
    </member>
    <member name="M:System.Web.HttpUtility.ParseQueryString(System.String,System.Text.Encoding)">
      <summary>指定した <see cref="T:System.Text.Encoding" /> を使用してクエリ文字列を <see cref="T:System.Collections.Specialized.NameValueCollection" /> に解析します。</summary>
      <param name="query">解析するクエリ文字列。</param>
      <param name="encoding">使用する <see cref="T:System.Text.Encoding" />。</param>
      <exception cref="T:System.ArgumentNullException">
        <paramref name="query" /> が <see langword="null" />です。

- または -

 <paramref name="encoding" /> が <see langword="null" />です。</exception>
      <returns>クエリ パラメーターと値の <see cref="T:System.Collections.Specialized.NameValueCollection" />。</returns>
    </member>
    <member name="M:System.Web.HttpUtility.UrlDecode(System.Byte[],System.Int32,System.Int32,System.Text.Encoding)">
      <summary>指定されたエンコード オブジェクトを使用して、URL エンコードのバイト配列のうち、配列内の指定された位置から、指定されたバイト数の長さ分を、デコード済み文字列に変換します。</summary>
      <param name="bytes">デコードするバイト配列。</param>
      <param name="offset">バイト配列のうち、デコードを開始する位置。</param>
      <param name="count">デコードするバイト数。</param>
      <param name="e">デコード スキームを指定する <see cref="T:System.Text.Encoding" /> オブジェクト。</param>
      <exception cref="T:System.ArgumentNullException">
        <paramref name="bytes" /> は <see langword="null" /> ですが、<paramref name="count" /> は <see langword="0" /> と一致しません。</exception>
      <exception cref="T:System.ArgumentOutOfRangeException">
        <paramref name="offset" /> が <see langword="0" /> 未満か、<paramref name="bytes" /> 配列の長さを超えています。

- または -

 <paramref name="count" /> が <see langword="0" /> 未満か、<paramref name="count" /> + <paramref name="offset" /> が <paramref name="bytes" /> 配列の長さを超えています。</exception>
      <returns>デコードされた文字列。</returns>
    </member>
    <member name="M:System.Web.HttpUtility.UrlDecode(System.Byte[],System.Text.Encoding)">
      <summary>指定されたデコード オブジェクトを使用して、URL でエンコードされたバイト配列を、デコードされた文字列に変換します。</summary>
      <param name="bytes">デコードするバイト配列。</param>
      <param name="e">デコード スキームを指定する <see cref="T:System.Text.Encoding" />。</param>
      <returns>デコードされた文字列。</returns>
    </member>
    <member name="M:System.Web.HttpUtility.UrlDecode(System.String)">
      <summary>URL での転送用にエンコードされた文字列をデコードされた文字列に変換します。</summary>
      <param name="str">デコードする文字列。</param>
      <returns>デコードされた文字列。</returns>
    </member>
    <member name="M:System.Web.HttpUtility.UrlDecode(System.String,System.Text.Encoding)">
      <summary>指定されたエンコード オブジェクトを使用して、URL でエンコードされた文字列を、デコードされた文字列に変換します。</summary>
      <param name="str">デコードする文字列。</param>
      <param name="e">デコード スキームを指定する <see cref="T:System.Text.Encoding" />。</param>
      <returns>デコードされた文字列。</returns>
    </member>
    <member name="M:System.Web.HttpUtility.UrlDecodeToBytes(System.Byte[])">
      <summary>URL でエンコードされたバイト配列をデコードされたバイト配列に変換します。</summary>
      <param name="bytes">デコードするバイト配列。</param>
      <returns>デコードされたバイト配列。</returns>
    </member>
    <member name="M:System.Web.HttpUtility.UrlDecodeToBytes(System.Byte[],System.Int32,System.Int32)">
      <summary>URL でエンコードされたバイト配列の変換を、配列内の指定された位置から開始し、指定されたバイト数の長さだけ続けて、デコードされたバイト配列にします。</summary>
      <param name="bytes">デコードするバイト配列。</param>
      <param name="offset">デコードを開始するバイト配列内の位置。</param>
      <param name="count">デコードするバイト数。</param>
      <exception cref="T:System.ArgumentNullException">
        <paramref name="bytes" /> は <see langword="null" /> ですが、<paramref name="count" /> は <see langword="0" /> と一致しません。</exception>
      <exception cref="T:System.ArgumentOutOfRangeException">
        <paramref name="offset" /> が <see langword="0" /> 未満か、<paramref name="bytes" /> 配列の長さを超えています。

- または -

 <paramref name="count" /> が <see langword="0" /> 未満か、<paramref name="count" /> + <paramref name="offset" /> が <paramref name="bytes" /> 配列の長さを超えています。</exception>
      <returns>デコードされたバイト配列。</returns>
    </member>
    <member name="M:System.Web.HttpUtility.UrlDecodeToBytes(System.String)">
      <summary>URL でエンコードされた文字列をデコードされたバイト配列に変換します。</summary>
      <param name="str">デコードする文字列。</param>
      <returns>デコードされたバイト配列。</returns>
    </member>
    <member name="M:System.Web.HttpUtility.UrlDecodeToBytes(System.String,System.Text.Encoding)">
      <summary>指定されたデコード オブジェクトを使用して、URL でエンコードされた文字列を、デコードされたバイト配列に変換します。</summary>
      <param name="str">デコードする文字列。</param>
      <param name="e">デコード スキームを指定する <see cref="T:System.Text.Encoding" /> オブジェクト。</param>
      <returns>デコードされたバイト配列。</returns>
    </member>
    <member name="M:System.Web.HttpUtility.UrlEncode(System.Byte[])">
      <summary>バイト配列をエンコードされた URL 文字列に変換します。</summary>
      <param name="bytes">エンコードするバイト配列。</param>
      <returns>エンコードされた文字列。</returns>
    </member>
    <member name="M:System.Web.HttpUtility.UrlEncode(System.Byte[],System.Int32,System.Int32)">
      <summary>バイト配列を、配列内の指定された位置から始まり、指定したバイト数が続く、URL でエンコードされた文字列に変換します。</summary>
      <param name="bytes">エンコードするバイト配列。</param>
      <param name="offset">エンコードを開始するバイト配列内の位置。</param>
      <param name="count">エンコードするバイト数。</param>
      <returns>エンコードされた文字列。</returns>
    </member>
    <member name="M:System.Web.HttpUtility.UrlEncode(System.String)">
      <summary>URL 文字列をエンコードします。</summary>
      <param name="str">エンコードするテキスト。</param>
      <returns>エンコードされた文字列。</returns>
    </member>
    <member name="M:System.Web.HttpUtility.UrlEncode(System.String,System.Text.Encoding)">
      <summary>指定したエンコード オブジェクトを使用して、URL 文字列をエンコードします。</summary>
      <param name="str">エンコードするテキスト。</param>
      <param name="e">エンコード スキームを指定する <see cref="T:System.Text.Encoding" /> オブジェクト。</param>
      <returns>エンコードされた文字列。</returns>
    </member>
    <member name="M:System.Web.HttpUtility.UrlEncodeToBytes(System.Byte[])">
      <summary>バイト配列を URL でエンコードされたバイト配列に変換します。</summary>
      <param name="bytes">エンコードするバイト配列。</param>
      <returns>エンコードされたバイト配列。</returns>
    </member>
    <member name="M:System.Web.HttpUtility.UrlEncodeToBytes(System.Byte[],System.Int32,System.Int32)">
      <summary>配列内の指定された位置から指定したバイト数まで、バイト配列を URL でエンコードされたバイト配列に変換します。</summary>
      <param name="bytes">エンコードするバイト配列。</param>
      <param name="offset">エンコードを開始するバイト配列内の位置。</param>
      <param name="count">エンコードするバイト数。</param>
      <exception cref="T:System.ArgumentNullException">
        <paramref name="bytes" /> は <see langword="null" /> ですが、<paramref name="count" /> は <see langword="0" /> と一致しません。</exception>
      <exception cref="T:System.ArgumentOutOfRangeException">
        <paramref name="offset" /> が <see langword="0" /> 未満か、<paramref name="bytes" /> 配列の長さを超えています。

- または -

 <paramref name="count" /> が <see langword="0" /> 未満か、<paramref name="count" /> + <paramref name="offset" /> が <paramref name="bytes" /> 配列の長さを超えています。</exception>
      <returns>エンコードされたバイト配列。</returns>
    </member>
    <member name="M:System.Web.HttpUtility.UrlEncodeToBytes(System.String)">
      <summary>文字列を URL でエンコードされたバイト配列に変換します。</summary>
      <param name="str">エンコードする文字列。</param>
      <returns>エンコードされたバイト配列。</returns>
    </member>
    <member name="M:System.Web.HttpUtility.UrlEncodeToBytes(System.String,System.Text.Encoding)">
      <summary>指定されたエンコード オブジェクトを使用して、ストリングを URL でエンコードされたバイト配列に変換します。</summary>
      <param name="str">エンコードする文字列。</param>
      <param name="e">エンコード スキームを指定する <see cref="T:System.Text.Encoding" />。</param>
      <returns>エンコードされたバイト配列。</returns>
    </member>
    <member name="M:System.Web.HttpUtility.UrlEncodeUnicode(System.String)">
      <summary>文字列を Unicode 文字列に変換します。</summary>
      <param name="str">変換する文字列。</param>
      <returns>%<paramref name="UnicodeValue" /> 表記の Unicode 文字列。</returns>
    </member>
    <member name="M:System.Web.HttpUtility.UrlEncodeUnicodeToBytes(System.String)">
      <summary>Unicode 文字列をバイトの配列に変換します。</summary>
      <param name="str">変換する文字列。</param>
      <returns>バイト配列。</returns>
    </member>
    <member name="M:System.Web.HttpUtility.UrlPathEncode(System.String)">
      <summary>使用しないでください。ブラウザーの互換性のためだけのものです。 <see cref="M:System.Web.HttpUtility.UrlEncode(System.String)" /> を使用してください。</summary>
      <param name="str">エンコードするテキスト。</param>
      <returns>エンコードされたテキスト。</returns>
    </member>
  </members>
</doc>