<doc>
  <assembly>
    <name>System.Diagnostics.TraceSource</name>
  </assembly>
  <members>
    <member name="T:System.Diagnostics.BooleanSwitch">
      <summary>デバッグとトレースの出力を制御する単純なオン/オフの切り替え機能を提供します。</summary>
    </member>
    <member name="M:System.Diagnostics.BooleanSwitch.#ctor(System.String,System.String)">
      <summary>指定した表示名と説明を使用して、<see cref="T:System.Diagnostics.BooleanSwitch" /> クラスの新しいインスタンスを初期化します。</summary>
      <param name="displayName">ユーザー インターフェイスに表示される名前。</param>
      <param name="description">スイッチの説明。</param>
    </member>
    <member name="M:System.Diagnostics.BooleanSwitch.#ctor(System.String,System.String,System.String)">
      <summary>指定した表示名、説明、および既定のスイッチ値を使用して、<see cref="T:System.Diagnostics.BooleanSwitch" /> クラスの新しいインスタンスを初期化します。</summary>
      <param name="displayName">ユーザー インターフェイスに表示される名前。</param>
      <param name="description">スイッチの説明。</param>
      <param name="defaultSwitchValue">スイッチの既定値。</param>
    </member>
    <member name="M:System.Diagnostics.BooleanSwitch.OnValueChanged">
      <summary>
        <see cref="P:System.Diagnostics.Switch.Value" /> プロパティの新しい値を、ブール値として解析可能かどうかを判別します。</summary>
    </member>
    <member name="P:System.Diagnostics.BooleanSwitch.Enabled">
      <summary>スイッチが有効であるか、または無効であるかを示す値を取得または設定します。</summary>
      <exception cref="T:System.Security.SecurityException">呼び出し元に、正しいアクセス許可がありません。</exception>
      <returns>スイッチが有効な場合は <see langword="true" />。それ以外の場合は <see langword="false" />。 既定値は、<see langword="false" /> です。</returns>
    </member>
    <member name="T:System.Diagnostics.CorrelationManager">
      <summary>論理トランザクションの一部であるトレースを相互に関連付けます。</summary>
    </member>
    <member name="M:System.Diagnostics.CorrelationManager.StartLogicalOperation">
      <summary>スレッドで論理的な操作を開始します。</summary>
    </member>
    <member name="M:System.Diagnostics.CorrelationManager.StartLogicalOperation(System.Object)">
      <summary>指定した ID を使用し、スレッドで論理的な操作を開始します。</summary>
      <param name="operationId">演算を識別するオブジェクト。</param>
      <exception cref="T:System.ArgumentNullException">
        <paramref name="operationId" /> パラメーターが <see langword="null" /> です。</exception>
    </member>
    <member name="M:System.Diagnostics.CorrelationManager.StopLogicalOperation">
      <summary>現在の論理的な操作を停止します。</summary>
      <exception cref="T:System.InvalidOperationException">
        <see cref="P:System.Diagnostics.CorrelationManager.LogicalOperationStack" /> プロパティが空のスタックです。</exception>
    </member>
    <member name="P:System.Diagnostics.CorrelationManager.ActivityId">
      <summary>グローバル アクティビティの ID を取得または設定します。</summary>
      <returns>グローバル アクティビティを識別する <see cref="T:System.Guid" /> 構造体。</returns>
    </member>
    <member name="P:System.Diagnostics.CorrelationManager.LogicalOperationStack">
      <summary>呼び出しコンテキストから論理的な操作のスタックを取得します。</summary>
      <returns>呼び出しコンテキストの論理的な操作のスタックを表す <see cref="T:System.Collections.Stack" /> オブジェクト。</returns>
    </member>
    <member name="T:System.Diagnostics.DefaultTraceListener">
      <summary>トレースの動作と既定の出力メソッドを提供します。</summary>
    </member>
    <member name="M:System.Diagnostics.DefaultTraceListener.#ctor">
      <summary>"Default" を <see cref="T:System.Diagnostics.DefaultTraceListener" /> プロパティ値として使用して、<see cref="P:System.Diagnostics.TraceListener.Name" /> クラスの新しいインスタンスを初期化します。</summary>
    </member>
    <member name="M:System.Diagnostics.DefaultTraceListener.Fail(System.String)">
      <summary>常に失敗するアサーションのメッセージとスタック トレースを出力または表示します。</summary>
      <param name="message">出力または表示するメッセージ。</param>
    </member>
    <member name="M:System.Diagnostics.DefaultTraceListener.Fail(System.String,System.String)">
      <summary>常に失敗するアサーションの詳細メッセージとスタック トレースを出力または表示します。</summary>
      <param name="message">出力または表示するメッセージ。</param>
      <param name="detailMessage">出力または表示する詳細メッセージ。</param>
    </member>
    <member name="M:System.Diagnostics.DefaultTraceListener.Write(System.String)">
      <summary>出力を <see langword="OutputDebugString" /> 関数と <see cref="M:System.Diagnostics.Debugger.Log(System.Int32,System.String,System.String)" /> メソッドに書き込みます。</summary>
      <param name="message">
        <see langword="OutputDebugString" /> および <see cref="M:System.Diagnostics.Debugger.Log(System.Int32,System.String,System.String)" /> に書き込むメッセージ。</param>
    </member>
    <member name="M:System.Diagnostics.DefaultTraceListener.WriteLine(System.String)">
      <summary>出力を <see langword="OutputDebugString" /> 関数と <see cref="M:System.Diagnostics.Debugger.Log(System.Int32,System.String,System.String)" /> メソッドに書き込み、続けて復帰とライン フィード (\r\n) を書き込みます。</summary>
      <param name="message">
        <see langword="OutputDebugString" /> および <see cref="M:System.Diagnostics.Debugger.Log(System.Int32,System.String,System.String)" /> に書き込むメッセージ。</param>
    </member>
    <member name="P:System.Diagnostics.DefaultTraceListener.AssertUiEnabled">
      <summary>アプリケーションがユーザー インターフェイス モードで実行されているかどうかを示す値を取得または設定します。</summary>
      <returns>ユーザー インターフェイス モードが有効な場合は <see langword="true" />。それ以外の場合は <see langword="false" />。</returns>
    </member>
    <member name="P:System.Diagnostics.DefaultTraceListener.LogFileName">
      <summary>トレース メッセージまたはデバッグ メッセージを書き込むログ ファイルの名前を取得または設定します。</summary>
      <returns>トレースまたはデバッグ メッセージを書き込むログ ファイルの名前。</returns>
    </member>
    <member name="T:System.Diagnostics.EventTypeFilter">
      <summary>リスナーがイベントの種類に基づいてトレースする必要があるかどうかを示します。</summary>
    </member>
    <member name="M:System.Diagnostics.EventTypeFilter.#ctor(System.Diagnostics.SourceLevels)">
      <summary>
        <see cref="T:System.Diagnostics.EventTypeFilter" /> クラスの新しいインスタンスを初期化します。</summary>
      <param name="level">トレースするメッセージのイベントの種類を指定する <see cref="T:System.Diagnostics.SourceLevels" /> の値のビットごとの組み合わせ。</param>
    </member>
    <member name="M:System.Diagnostics.EventTypeFilter.ShouldTrace(System.Diagnostics.TraceEventCache,System.String,System.Diagnostics.TraceEventType,System.Int32,System.String,System.Object[],System.Object,System.Object[])">
      <summary>トレース リスナーでイベントをトレースする必要があるかどうかを決定します。</summary>
      <param name="cache">トレース イベントの情報キャッシュを表す <see cref="T:System.Diagnostics.TraceEventCache" />。</param>
      <param name="source">ソースの名前。</param>
      <param name="eventType">
        <see cref="T:System.Diagnostics.TraceEventType" /> 値のいずれか 1 つ。</param>
      <param name="id">トレース識別子番号。</param>
      <param name="formatOrMessage">引数の配列を書き込むために使用する形式、または書き込むメッセージの形式。</param>
      <param name="args">引数オブジェクトの配列。</param>
      <param name="data1">トレース データ オブジェクト。</param>
      <param name="data">トレース データ オブジェクトの配列。</param>
      <returns>トレースを作成する必要がある場合は <see langword="true" />。それ以外の場合は <see langword="false" />。</returns>
    </member>
    <member name="P:System.Diagnostics.EventTypeFilter.EventType">
      <summary>トレースするメッセージのイベントの種類を取得または設定します。</summary>
      <returns>
        <see cref="T:System.Diagnostics.SourceLevels" /> 値のビットごとの組み合わせ。</returns>
    </member>
    <member name="T:System.Diagnostics.SourceFilter">
      <summary>トレースのソースに基づいてリスナーでメッセージをトレースする必要があるかどうかを示します。</summary>
    </member>
    <member name="M:System.Diagnostics.SourceFilter.#ctor(System.String)">
      <summary>トレースの名前を指定して、<see cref="T:System.Diagnostics.SourceFilter" /> クラスの新しいインスタンスを初期化します。</summary>
      <param name="source">トレース ソースの名前。</param>
    </member>
    <member name="M:System.Diagnostics.SourceFilter.ShouldTrace(System.Diagnostics.TraceEventCache,System.String,System.Diagnostics.TraceEventType,System.Int32,System.String,System.Object[],System.Object,System.Object[])">
      <summary>トレース リスナーでイベントをトレースする必要があるかどうかを決定します。</summary>
      <param name="cache">トレース イベントの情報キャッシュを表すオブジェクト。</param>
      <param name="source">ソースの名前。</param>
      <param name="eventType">イベントの種類を識別する列挙値の 1 つ。</param>
      <param name="id">トレース識別子番号。</param>
      <param name="formatOrMessage">引数の配列を書き込むために使用する形式、または書き込むメッセージの形式。</param>
      <param name="args">引数オブジェクトの配列。</param>
      <param name="data1">トレース データ オブジェクト。</param>
      <param name="data">トレース データ オブジェクトの配列。</param>
      <exception cref="T:System.ArgumentNullException">
        <paramref name="source" /> が <see langword="null" />です。</exception>
      <returns>トレースを作成する必要がある場合は <see langword="true" />。それ以外の場合は <see langword="false" />。</returns>
    </member>
    <member name="P:System.Diagnostics.SourceFilter.Source">
      <summary>トレース リスナーの名前を取得または設定します。</summary>
      <exception cref="T:System.ArgumentNullException">値が <see langword="null" /> です。</exception>
      <returns>トレース ソースの名前。</returns>
    </member>
    <member name="T:System.Diagnostics.SourceLevels">
      <summary>ソース スイッチおよびイベントの種類のフィルターによってフィルター処理されるトレース メッセージのレベルを指定します。</summary>
    </member>
    <member name="F:System.Diagnostics.SourceLevels.ActivityTracing">
      <summary>
        <see cref="F:System.Diagnostics.TraceEventType.Stop" />、<see cref="F:System.Diagnostics.TraceEventType.Start" />、<see cref="F:System.Diagnostics.TraceEventType.Suspend" />、<see cref="F:System.Diagnostics.TraceEventType.Transfer" />、および <see cref="F:System.Diagnostics.TraceEventType.Resume" /> の各イベントを通過させます。</summary>
    </member>
    <member name="F:System.Diagnostics.SourceLevels.All">
      <summary>すべてのイベントを通過させます。</summary>
    </member>
    <member name="F:System.Diagnostics.SourceLevels.Critical">
      <summary>
        <see cref="F:System.Diagnostics.TraceEventType.Critical" /> イベントのみを通過させます。</summary>
    </member>
    <member name="F:System.Diagnostics.SourceLevels.Error">
      <summary>
        <see cref="F:System.Diagnostics.TraceEventType.Critical" /> イベントおよび <see cref="F:System.Diagnostics.TraceEventType.Error" /> イベントを通過させます。</summary>
    </member>
    <member name="F:System.Diagnostics.SourceLevels.Information">
      <summary>
        <see cref="F:System.Diagnostics.TraceEventType.Critical" />、<see cref="F:System.Diagnostics.TraceEventType.Error" />、<see cref="F:System.Diagnostics.TraceEventType.Warning" />、および <see cref="F:System.Diagnostics.TraceEventType.Information" /> の各イベントを通過させます。</summary>
    </member>
    <member name="F:System.Diagnostics.SourceLevels.Off">
      <summary>いずれのイベントも通過させません。</summary>
    </member>
    <member name="F:System.Diagnostics.SourceLevels.Verbose">
      <summary>
        <see cref="F:System.Diagnostics.TraceEventType.Critical" />、<see cref="F:System.Diagnostics.TraceEventType.Error" />、<see cref="F:System.Diagnostics.TraceEventType.Warning" />、<see cref="F:System.Diagnostics.TraceEventType.Information" />、および <see cref="F:System.Diagnostics.TraceEventType.Verbose" /> の各イベントを通過させます。</summary>
    </member>
    <member name="F:System.Diagnostics.SourceLevels.Warning">
      <summary>
        <see cref="F:System.Diagnostics.TraceEventType.Critical" />、<see cref="F:System.Diagnostics.TraceEventType.Error" />、および <see cref="F:System.Diagnostics.TraceEventType.Warning" /> の各イベントを通過させます。</summary>
    </member>
    <member name="T:System.Diagnostics.SourceSwitch">
      <summary>コードの再コンパイルなしでトレース出力およびデバッグ出力を制御するための複数レベルのスイッチを提供します。</summary>
    </member>
    <member name="M:System.Diagnostics.SourceSwitch.#ctor(System.String)">
      <summary>ソースの名前を指定して、<see cref="T:System.Diagnostics.SourceSwitch" /> クラスの新しいインスタンスを初期化します。</summary>
      <param name="name">ソースの名前。</param>
    </member>
    <member name="M:System.Diagnostics.SourceSwitch.#ctor(System.String,System.String)">
      <summary>ソース スイッチの表示名および既定値を指定して、<see cref="T:System.Diagnostics.SourceSwitch" /> クラスの新しいインスタンスを初期化します。</summary>
      <param name="displayName">ソース スイッチの名前。</param>
      <param name="defaultSwitchValue">スイッチの既定値。</param>
    </member>
    <member name="M:System.Diagnostics.SourceSwitch.OnValueChanged">
      <summary>
        <see cref="P:System.Diagnostics.Switch.Value" /> プロパティが変更された場合に発生します。</summary>
      <exception cref="T:System.ArgumentException">
        <see cref="P:System.Diagnostics.Switch.Value" /> の新しい値が <see cref="T:System.Diagnostics.SourceLevels" /> 値の 1 つではありません。</exception>
    </member>
    <member name="M:System.Diagnostics.SourceSwitch.ShouldTrace(System.Diagnostics.TraceEventType)">
      <summary>トレース イベントの種類に基づいて、トレース リスナーを呼び出すかどうかを決定します。</summary>
      <param name="eventType">
        <see cref="T:System.Diagnostics.TraceEventType" /> 値のいずれか 1 つ。</param>
      <returns>トレース リスナーを呼び出す必要がある場合は <see langword="true" />。それ以外の場合は <see langword="false" />。</returns>
    </member>
    <member name="P:System.Diagnostics.SourceSwitch.Level">
      <summary>スイッチのレベルを取得または設定します。</summary>
      <returns>スイッチのイベント レベルを表す <see cref="T:System.Diagnostics.SourceLevels" /> 値の 1 つ。</returns>
    </member>
    <member name="T:System.Diagnostics.Switch">
      <summary>新しいデバッグ スイッチおよびトレース スイッチを作成するための抽象基本クラスを提供します。</summary>
    </member>
    <member name="M:System.Diagnostics.Switch.#ctor(System.String,System.String)">
      <summary>
        <see cref="T:System.Diagnostics.Switch" /> クラスの新しいインスタンスを初期化します。</summary>
      <param name="displayName">スイッチの名前です。</param>
      <param name="description">スイッチの説明。</param>
    </member>
    <member name="M:System.Diagnostics.Switch.#ctor(System.String,System.String,System.String)">
      <summary>スイッチの表示名、説明、および既定値を指定して、<see cref="T:System.Diagnostics.Switch" /> クラスの新しいインスタンスを初期化します。</summary>
      <param name="displayName">スイッチの名前です。</param>
      <param name="description">スイッチの説明。</param>
      <param name="defaultSwitchValue">スイッチの既定値。</param>
    </member>
    <member name="M:System.Diagnostics.Switch.GetSupportedAttributes">
      <summary>スイッチによってサポートされるカスタム属性を取得します。</summary>
      <returns>スイッチによってサポートされるカスタム属性の名前を含む文字列配列。カスタム属性がサポートされない場合は <see langword="null" />。</returns>
    </member>
    <member name="M:System.Diagnostics.Switch.OnSwitchSettingChanged">
      <summary>
        <see cref="P:System.Diagnostics.Switch.SwitchSetting" /> プロパティが変更されると発生します。</summary>
    </member>
    <member name="M:System.Diagnostics.Switch.OnValueChanged">
      <summary>
        <see cref="P:System.Diagnostics.Switch.Value" /> プロパティが変更されると発生します。</summary>
    </member>
    <member name="P:System.Diagnostics.Switch.Attributes">
      <summary>アプリケーション構成ファイルに定義されているカスタム スイッチ属性を取得します。</summary>
      <returns>トレース スイッチの大文字小文字を区別しないカスタム属性を格納している <see cref="T:System.Collections.Specialized.StringDictionary" />。</returns>
    </member>
    <member name="P:System.Diagnostics.Switch.Description">
      <summary>スイッチの説明を取得します。</summary>
      <returns>スイッチの説明。 既定値は空の文字列 ("") です。</returns>
    </member>
    <member name="P:System.Diagnostics.Switch.DisplayName">
      <summary>スイッチを識別するための名前を取得します。</summary>
      <returns>スイッチを識別するための名前。 既定値は空の文字列 ("") です。</returns>
    </member>
    <member name="P:System.Diagnostics.Switch.SwitchSetting">
      <summary>このスイッチの現在の設定を取得または設定します。</summary>
      <returns>このスイッチの現在の設定。 既定値は 0 です。</returns>
    </member>
    <member name="P:System.Diagnostics.Switch.Value">
      <summary>スイッチの値を取得または設定します。</summary>
      <exception cref="T:System.Configuration.ConfigurationErrorsException">値が <see langword="null" /> です。  
  
- または - 
値に、必要に応じて追加されるマイナス記号と、それに続く 0 から 9 の一連の数字以外の要素が含まれています。  
  
- または - 
値が、<see cref="F:System.Int32.MinValue" /> 未満の数値か、<see cref="F:System.Int32.MaxValue" /> より大きい数値を表しています。</exception>
      <returns>スイッチの値を表す文字列。</returns>
    </member>
    <member name="T:System.Diagnostics.SwitchAttribute">
      <summary>アセンブリ、クラス、またはメンバーで使用されるスイッチを識別します。</summary>
    </member>
    <member name="M:System.Diagnostics.SwitchAttribute.#ctor(System.String,System.Type)">
      <summary>スイッチの名前と型を指定して、<see cref="T:System.Diagnostics.SwitchAttribute" /> クラスの新しいインスタンスを初期化します。</summary>
      <param name="switchName">スイッチの表示名。</param>
      <param name="switchType">スイッチの型。</param>
    </member>
    <member name="M:System.Diagnostics.SwitchAttribute.GetAll(System.Reflection.Assembly)">
      <summary>指定されたアセンブリのすべてのスイッチ属性を返します。</summary>
      <param name="assembly">スイッチ属性を確認する対象のアセンブリ。</param>
      <exception cref="T:System.ArgumentNullException">
        <paramref name="assembly" /> が <see langword="null" />です。</exception>
      <returns>アセンブリのすべてのスイッチ属性を含む配列。</returns>
    </member>
    <member name="P:System.Diagnostics.SwitchAttribute.SwitchDescription">
      <summary>スイッチの説明を取得または設定します。</summary>
      <returns>スイッチの説明。</returns>
    </member>
    <member name="P:System.Diagnostics.SwitchAttribute.SwitchName">
      <summary>スイッチの表示名を取得または設定します。</summary>
      <exception cref="T:System.ArgumentNullException">
        <see cref="P:System.Diagnostics.SwitchAttribute.SwitchName" /> が <see langword="null" /> に設定されます。</exception>
      <exception cref="T:System.ArgumentException">
        <see cref="P:System.Diagnostics.SwitchAttribute.SwitchName" /> が空の文字列に設定されています。</exception>
      <returns>スイッチの表示名。</returns>
    </member>
    <member name="P:System.Diagnostics.SwitchAttribute.SwitchType">
      <summary>スイッチの型を取得または設定します。</summary>
      <exception cref="T:System.ArgumentNullException">
        <see cref="P:System.Diagnostics.SwitchAttribute.SwitchType" /> が <see langword="null" /> に設定されます。</exception>
      <returns>スイッチの型。</returns>
    </member>
    <member name="T:System.Diagnostics.SwitchLevelAttribute">
      <summary>スイッチ レベルの型を識別します。</summary>
    </member>
    <member name="M:System.Diagnostics.SwitchLevelAttribute.#ctor(System.Type)">
      <summary>トレースを書き込むかどうかを決定する型を指定して、<see cref="T:System.Diagnostics.SwitchLevelAttribute" /> クラスの新しいインスタンスを初期化します。</summary>
      <param name="switchLevelType">トレースを書き込むかどうかを決定する <see cref="T:System.Type" />。</param>
    </member>
    <member name="P:System.Diagnostics.SwitchLevelAttribute.SwitchLevelType">
      <summary>トレースを書き込むかどうかを決定する型を取得または設定します。</summary>
      <exception cref="T:System.ArgumentNullException">値が <see langword="null" /> のため、設定操作に失敗しました。</exception>
      <returns>トレースを書き込むかどうかを決定する <see cref="T:System.Type" />。</returns>
    </member>
    <member name="T:System.Diagnostics.Trace">
      <summary>コードの実行をトレースするための一連のメソッドとプロパティを提供します。 このクラスは継承できません。</summary>
    </member>
    <member name="M:System.Diagnostics.Trace.Assert(System.Boolean)">
      <summary>条件をチェックします。条件が <see langword="false" /> の場合、呼び出し履歴を見せるメッセージ ボックスを表示します。</summary>
      <param name="condition">評価する条件式です。 条件が <see langword="true" /> の場合、エラー メッセージは送信されず、メッセージ ボックスは表示されません。</param>
    </member>
    <member name="M:System.Diagnostics.Trace.Assert(System.Boolean,System.String)">
      <summary>条件をチェックします。条件が <see langword="false" /> の場合、指定したメッセージを出力し、コール スタックを示すメッセージ ボックスを表示します。</summary>
      <param name="condition">評価する条件式です。 条件が <see langword="true" /> の場合、指定したメッセージは送信されず、メッセージ ボックスは表示されません。</param>
      <param name="message">
        <see cref="P:System.Diagnostics.Trace.Listeners" /> コレクションに送信するメッセージ。</param>
    </member>
    <member name="M:System.Diagnostics.Trace.Assert(System.Boolean,System.String,System.String)">
      <summary>条件をチェックします。条件が <see langword="false" /> の場合、指定した 2 つのメッセージを出力し、コール スタックを示すメッセージ ボックスを表示します。</summary>
      <param name="condition">評価する条件式です。 条件が <see langword="true" /> の場合、指定したメッセージは送信されず、メッセージ ボックスは表示されません。</param>
      <param name="message">
        <see cref="P:System.Diagnostics.Trace.Listeners" /> コレクションに送信するメッセージ。</param>
      <param name="detailMessage">
        <see cref="P:System.Diagnostics.Trace.Listeners" /> コレクションに送信する詳細なメッセージ。</param>
    </member>
    <member name="M:System.Diagnostics.Trace.Close">
      <summary>出力バッファーをフラッシュし、<see cref="P:System.Diagnostics.Trace.Listeners" /> を閉じます。</summary>
    </member>
    <member name="M:System.Diagnostics.Trace.Fail(System.String)">
      <summary>指定されたエラー メッセージを出力します。</summary>
      <param name="message">出力するメッセージ。</param>
    </member>
    <member name="M:System.Diagnostics.Trace.Fail(System.String,System.String)">
      <summary>エラー メッセージ、および詳細なエラー メッセージを出力します。</summary>
      <param name="message">出力するメッセージ。</param>
      <param name="detailMessage">出力する詳細メッセージ。</param>
    </member>
    <member name="M:System.Diagnostics.Trace.Flush">
      <summary>出力バッファーをフラッシュします。また、バッファー内のデータが <see cref="P:System.Diagnostics.Trace.Listeners" /> に書き込まれるようにします。</summary>
    </member>
    <member name="M:System.Diagnostics.Trace.Indent">
      <summary>現在の <see cref="P:System.Diagnostics.Trace.IndentLevel" /> を 1 だけ大きくします。</summary>
    </member>
    <member name="M:System.Diagnostics.Trace.Refresh">
      <summary>トレース構成データを更新します。</summary>
    </member>
    <member name="M:System.Diagnostics.Trace.TraceError(System.String)">
      <summary>指定されたメッセージを使用して、エラー メッセージを <see cref="P:System.Diagnostics.Trace.Listeners" /> コレクションのトレース リスナーに書き込みます。</summary>
      <param name="message">書き込む情報メッセージ。</param>
    </member>
    <member name="M:System.Diagnostics.Trace.TraceError(System.String,System.Object[])">
      <summary>指定されたオブジェクトの配列および書式設定情報を使用して、<see cref="P:System.Diagnostics.Trace.Listeners" /> コレクションのトレース リスナーにエラー メッセージを書き込みます。</summary>
      <param name="format">0 個以上の書式項目を格納している書式指定文字列。<paramref name="args" /> 配列内のオブジェクトに対応します。</param>
      <param name="args">0 個以上の書式設定対象オブジェクトを含んだ <see langword="object" /> 配列。</param>
    </member>
    <member name="M:System.Diagnostics.Trace.TraceInformation(System.String)">
      <summary>指定されたメッセージを使用して、情報メッセージを <see cref="P:System.Diagnostics.Trace.Listeners" /> コレクションのトレース リスナーに書き込みます。</summary>
      <param name="message">書き込む情報メッセージ。</param>
    </member>
    <member name="M:System.Diagnostics.Trace.TraceInformation(System.String,System.Object[])">
      <summary>指定されたオブジェクトの配列および書式設定情報を使用して、<see cref="P:System.Diagnostics.Trace.Listeners" /> コレクションのトレース リスナーに情報メッセージを書き込みます。</summary>
      <param name="format">0 個以上の書式項目を格納している書式指定文字列。<paramref name="args" /> 配列内のオブジェクトに対応します。</param>
      <param name="args">0 個以上の書式設定対象オブジェクトを含んだ <see langword="object" /> 配列。</param>
    </member>
    <member name="M:System.Diagnostics.Trace.TraceWarning(System.String)">
      <summary>指定されたメッセージを使用して、警告メッセージを <see cref="P:System.Diagnostics.Trace.Listeners" /> コレクションのトレース リスナーに書き込みます。</summary>
      <param name="message">書き込む情報メッセージ。</param>
    </member>
    <member name="M:System.Diagnostics.Trace.TraceWarning(System.String,System.Object[])">
      <summary>指定されたオブジェクトの配列および書式設定情報を使用して、<see cref="P:System.Diagnostics.Trace.Listeners" /> コレクションのトレース リスナーに警告メッセージを書き込みます。</summary>
      <param name="format">0 個以上の書式項目を格納している書式指定文字列。<paramref name="args" /> 配列内のオブジェクトに対応します。</param>
      <param name="args">0 個以上の書式設定対象オブジェクトを含んだ <see langword="object" /> 配列。</param>
    </member>
    <member name="M:System.Diagnostics.Trace.Unindent">
      <summary>現在の <see cref="P:System.Diagnostics.Trace.IndentLevel" /> を 1 だけ減らします。</summary>
    </member>
    <member name="M:System.Diagnostics.Trace.Write(System.Object)">
      <summary>オブジェクトの <see cref="M:System.Object.ToString" /> メソッドの値を <see cref="P:System.Diagnostics.Trace.Listeners" /> コレクションのトレース リスナーに書き込みます。</summary>
      <param name="value">名前が <see cref="P:System.Diagnostics.Trace.Listeners" /> に送信される <see cref="T:System.Object" />。</param>
    </member>
    <member name="M:System.Diagnostics.Trace.Write(System.Object,System.String)">
      <summary>カテゴリ名とオブジェクトの <see cref="M:System.Object.ToString" /> メソッドの値を <see cref="P:System.Diagnostics.Trace.Listeners" /> コレクションのトレース リスナーに書き込みます。</summary>
      <param name="value">
        <see cref="T:System.Object" /> の名前は <see cref="P:System.Diagnostics.Trace.Listeners" /> に送信されます。</param>
      <param name="category">出力を編成するために使用するカテゴリ名。</param>
    </member>
    <member name="M:System.Diagnostics.Trace.Write(System.String)">
      <summary>
        <see cref="P:System.Diagnostics.Trace.Listeners" /> コレクションのトレース リスナーにメッセージを書き込みます。</summary>
      <param name="message">書き込むメッセージ。</param>
    </member>
    <member name="M:System.Diagnostics.Trace.Write(System.String,System.String)">
      <summary>カテゴリ名とメッセージを <see cref="P:System.Diagnostics.Trace.Listeners" /> コレクションのトレース リスナーに書き込みます。</summary>
      <param name="message">書き込むメッセージ。</param>
      <param name="category">出力を編成するために使用するカテゴリ名。</param>
    </member>
    <member name="M:System.Diagnostics.Trace.WriteIf(System.Boolean,System.Object)">
      <summary>条件が <see langword="true" /> の場合、オブジェクトの <see cref="M:System.Object.ToString" /> メソッドの値を <see cref="P:System.Diagnostics.Trace.Listeners" /> コレクションのトレース リスナーに書き込みます。</summary>
      <param name="condition">メッセージが書き込まれるようにするには <see langword="true" />。それ以外の場合は <see langword="false" />。</param>
      <param name="value">名前が <see cref="P:System.Diagnostics.Trace.Listeners" /> に送信される <see cref="T:System.Object" />。</param>
    </member>
    <member name="M:System.Diagnostics.Trace.WriteIf(System.Boolean,System.Object,System.String)">
      <summary>条件が <see langword="true" /> の場合は、カテゴリ名とオブジェクトの <see cref="M:System.Object.ToString" /> メソッドの値を <see cref="P:System.Diagnostics.Trace.Listeners" /> コレクションのトレース リスナーに書き込みます。</summary>
      <param name="condition">メッセージが書き込まれるようにするには <see langword="true" />。それ以外の場合は <see langword="false" />。</param>
      <param name="value">名前が <see cref="P:System.Diagnostics.Trace.Listeners" /> に送信される <see cref="T:System.Object" />。</param>
      <param name="category">出力を編成するために使用するカテゴリ名。</param>
    </member>
    <member name="M:System.Diagnostics.Trace.WriteIf(System.Boolean,System.String)">
      <summary>条件が <see langword="true" /> である場合、メッセージを <see cref="P:System.Diagnostics.Trace.Listeners" /> コレクションのトレース リスナーに書き込みます。</summary>
      <param name="condition">メッセージが書き込まれるようにするには <see langword="true" />。それ以外の場合は <see langword="false" />。</param>
      <param name="message">書き込むメッセージ。</param>
    </member>
    <member name="M:System.Diagnostics.Trace.WriteIf(System.Boolean,System.String,System.String)">
      <summary>条件が <see langword="true" /> である場合、カテゴリ名とメッセージを <see cref="P:System.Diagnostics.Trace.Listeners" /> コレクションのトレース リスナーに書き込みます。</summary>
      <param name="condition">メッセージが書き込まれるようにするには <see langword="true" />。それ以外の場合は <see langword="false" />。</param>
      <param name="message">書き込むメッセージ。</param>
      <param name="category">出力を編成するために使用するカテゴリ名。</param>
    </member>
    <member name="M:System.Diagnostics.Trace.WriteLine(System.Object)">
      <summary>オブジェクトの <see cref="M:System.Object.ToString" /> メソッドの値を <see cref="P:System.Diagnostics.Trace.Listeners" /> コレクションのトレース リスナーに書き込みます。</summary>
      <param name="value">名前が <see cref="P:System.Diagnostics.Trace.Listeners" /> に送信される <see cref="T:System.Object" />。</param>
    </member>
    <member name="M:System.Diagnostics.Trace.WriteLine(System.Object,System.String)">
      <summary>カテゴリ名とオブジェクトの <see cref="M:System.Object.ToString" /> メソッドの値を <see cref="P:System.Diagnostics.Trace.Listeners" /> コレクションのトレース リスナーに書き込みます。</summary>
      <param name="value">名前が <see cref="P:System.Diagnostics.Trace.Listeners" /> に送信される <see cref="T:System.Object" />。</param>
      <param name="category">出力を編成するために使用するカテゴリ名。</param>
    </member>
    <member name="M:System.Diagnostics.Trace.WriteLine(System.String)">
      <summary>
        <see cref="P:System.Diagnostics.Trace.Listeners" /> コレクションのトレース リスナーにメッセージを書き込みます。</summary>
      <param name="message">書き込むメッセージ。</param>
    </member>
    <member name="M:System.Diagnostics.Trace.WriteLine(System.String,System.String)">
      <summary>カテゴリ名とメッセージを <see cref="P:System.Diagnostics.Trace.Listeners" /> コレクションのトレース リスナーに書き込みます。</summary>
      <param name="message">書き込むメッセージ。</param>
      <param name="category">出力を編成するために使用するカテゴリ名。</param>
    </member>
    <member name="M:System.Diagnostics.Trace.WriteLineIf(System.Boolean,System.Object)">
      <summary>条件が <see langword="true" /> の場合、オブジェクトの <see cref="M:System.Object.ToString" /> メソッドの値を <see cref="P:System.Diagnostics.Trace.Listeners" /> コレクションのトレース リスナーに書き込みます。</summary>
      <param name="condition">メッセージが書き込まれるようにするには <see langword="true" />。それ以外の場合は <see langword="false" />。</param>
      <param name="value">名前が <see cref="P:System.Diagnostics.Trace.Listeners" /> に送信される <see cref="T:System.Object" />。</param>
    </member>
    <member name="M:System.Diagnostics.Trace.WriteLineIf(System.Boolean,System.Object,System.String)">
      <summary>条件が <see langword="true" /> の場合は、カテゴリ名とオブジェクトの <see cref="M:System.Object.ToString" /> メソッドの値を <see cref="P:System.Diagnostics.Trace.Listeners" /> コレクションのトレース リスナーに書き込みます。</summary>
      <param name="condition">メッセージが書き込まれるようにするには <see langword="true" />。それ以外の場合は <see langword="false" />。</param>
      <param name="value">名前が <see cref="P:System.Diagnostics.Trace.Listeners" /> に送信される <see cref="T:System.Object" />。</param>
      <param name="category">出力を編成するために使用するカテゴリ名。</param>
    </member>
    <member name="M:System.Diagnostics.Trace.WriteLineIf(System.Boolean,System.String)">
      <summary>条件が <see langword="true" /> である場合、メッセージを <see cref="P:System.Diagnostics.Trace.Listeners" /> コレクションのトレース リスナーに書き込みます。</summary>
      <param name="condition">メッセージが書き込まれるようにするには <see langword="true" />。それ以外の場合は <see langword="false" />。</param>
      <param name="message">書き込むメッセージ。</param>
    </member>
    <member name="M:System.Diagnostics.Trace.WriteLineIf(System.Boolean,System.String,System.String)">
      <summary>条件が <see langword="true" /> である場合、カテゴリ名とメッセージを <see cref="P:System.Diagnostics.Trace.Listeners" /> コレクションのトレース リスナーに書き込みます。</summary>
      <param name="condition">メッセージが書き込まれるようにするには <see langword="true" />。それ以外の場合は <see langword="false" />。</param>
      <param name="message">書き込むメッセージ。</param>
      <param name="category">出力を編成するために使用するカテゴリ名。</param>
    </member>
    <member name="P:System.Diagnostics.Trace.AutoFlush">
      <summary>すべての書き込み後に <see cref="P:System.Diagnostics.Trace.Listeners" /> で <see cref="M:System.Diagnostics.Trace.Flush" /> を呼び出すかどうかを取得または設定します。</summary>
      <returns>すべての書き込み後に <see cref="P:System.Diagnostics.Trace.Listeners" /> で <see cref="M:System.Diagnostics.Trace.Flush" /> を呼び出す場合は <see langword="true" />。それ以外の場合は <see langword="false" />。</returns>
    </member>
    <member name="P:System.Diagnostics.Trace.CorrelationManager">
      <summary>このトレースのスレッドの相関マネージャーを取得します。</summary>
      <returns>このトレースのスレッドに関連付けられた <see cref="T:System.Diagnostics.CorrelationManager" /> オブジェクト。</returns>
    </member>
    <member name="P:System.Diagnostics.Trace.IndentLevel">
      <summary>インデント レベルを取得または設定します。</summary>
      <returns>インデント レベル。 既定値は 0 です。</returns>
    </member>
    <member name="P:System.Diagnostics.Trace.IndentSize">
      <summary>1 つのインデントに含まれるスペースの数を取得または設定します。</summary>
      <returns>インデントに含まれるスペースの数。 既定値は 4 です。</returns>
    </member>
    <member name="P:System.Diagnostics.Trace.Listeners">
      <summary>トレース出力を監視しているリスナーのコレクションを取得します。</summary>
      <returns>トレース出力を監視している型 <see cref="T:System.Diagnostics.TraceListener" /> のコレクションを表す <see cref="T:System.Diagnostics.TraceListenerCollection" />。</returns>
    </member>
    <member name="P:System.Diagnostics.Trace.UseGlobalLock">
      <summary>グローバル ロックを使用するかどうかを示す値を取得または設定します。</summary>
      <returns>グローバル ロックを使用する場合、<see langword="true" />。それ以外の場合、<see langword="false" />。 既定値は、<see langword="true" /> です。</returns>
    </member>
    <member name="T:System.Diagnostics.TraceEventCache">
      <summary>スレッドおよびプロセスに固有のトレース イベント データを提供します。</summary>
    </member>
    <member name="M:System.Diagnostics.TraceEventCache.#ctor">
      <summary>
        <see cref="T:System.Diagnostics.TraceEventCache" /> クラスの新しいインスタンスを初期化します。</summary>
    </member>
    <member name="P:System.Diagnostics.TraceEventCache.Callstack">
      <summary>現在のスレッドの呼び出し履歴を取得します。</summary>
      <returns>スタック トレース情報を格納している文字列。 この値は空の文字列 ("") の場合もあります。</returns>
    </member>
    <member name="P:System.Diagnostics.TraceEventCache.DateTime">
      <summary>イベント トレースが発生した日付と時刻を取得します。</summary>
      <returns>世界協定時刻 (UTC) で表される日付と時刻を値として持つ <see cref="T:System.DateTime" /> 構造体。</returns>
    </member>
    <member name="P:System.Diagnostics.TraceEventCache.LogicalOperationStack">
      <summary>スタックに格納された相関データを取得します。</summary>
      <returns>相関データを格納している <see cref="T:System.Collections.Stack" />。</returns>
    </member>
    <member name="P:System.Diagnostics.TraceEventCache.ProcessId">
      <summary>現在のプロセスの一意な識別子を取得します。</summary>
      <returns>システムが生成した、現在のプロセスの一意な識別子。</returns>
    </member>
    <member name="P:System.Diagnostics.TraceEventCache.ThreadId">
      <summary>現在のマネージド スレッドの一意の識別子を取得します。</summary>
      <returns>このマネージド スレッドの一意な整数の識別子を表す文字列。</returns>
    </member>
    <member name="P:System.Diagnostics.TraceEventCache.Timestamp">
      <summary>タイマー機構の現在のタイマー刻み数を取得します。</summary>
      <returns>基になるタイマー機構のタイマー刻みカウンター値。</returns>
    </member>
    <member name="T:System.Diagnostics.TraceEventType">
      <summary>トレースを発生させたイベントの種類を識別します。</summary>
    </member>
    <member name="F:System.Diagnostics.TraceEventType.Critical">
      <summary>致命的なエラーまたはアプリケーションのクラッシュ。</summary>
    </member>
    <member name="F:System.Diagnostics.TraceEventType.Error">
      <summary>回復可能なエラー。</summary>
    </member>
    <member name="F:System.Diagnostics.TraceEventType.Information">
      <summary>情報メッセージです。</summary>
    </member>
    <member name="F:System.Diagnostics.TraceEventType.Resume">
      <summary>論理的な操作の再開。</summary>
    </member>
    <member name="F:System.Diagnostics.TraceEventType.Start">
      <summary>論理的な操作の開始。</summary>
    </member>
    <member name="F:System.Diagnostics.TraceEventType.Stop">
      <summary>論理的な操作の停止。</summary>
    </member>
    <member name="F:System.Diagnostics.TraceEventType.Suspend">
      <summary>論理的な操作の中断。</summary>
    </member>
    <member name="F:System.Diagnostics.TraceEventType.Transfer">
      <summary>相関 ID の変更。</summary>
    </member>
    <member name="F:System.Diagnostics.TraceEventType.Verbose">
      <summary>トレースのデバッグ。</summary>
    </member>
    <member name="F:System.Diagnostics.TraceEventType.Warning">
      <summary>重大ではない問題。</summary>
    </member>
    <member name="T:System.Diagnostics.TraceFilter">
      <summary>トレース フィルター実装の基本クラスを提供します。</summary>
    </member>
    <member name="M:System.Diagnostics.TraceFilter.#ctor">
      <summary>
        <see cref="T:System.Diagnostics.TraceFilter" /> クラスの新しいインスタンスを初期化します。</summary>
    </member>
    <member name="M:System.Diagnostics.TraceFilter.ShouldTrace(System.Diagnostics.TraceEventCache,System.String,System.Diagnostics.TraceEventType,System.Int32,System.String,System.Object[],System.Object,System.Object[])">
      <summary>派生クラスでのオーバーライドの際に、トレース リスナーでイベントをトレースするかどうかを決定します。</summary>
      <param name="cache">トレース イベントの情報を含む <see cref="T:System.Diagnostics.TraceEventCache" />。</param>
      <param name="source">ソースの名前。</param>
      <param name="eventType">トレースを発生させたイベントのタイプを指定する <see cref="T:System.Diagnostics.TraceEventType" /> 値の 1 つ。</param>
      <param name="id">トレース識別子番号。</param>
      <param name="formatOrMessage">
        <paramref name="args" /> パラメーターによって指定された引数の配列を書き込むために使用する書式、または書き込むメッセージ。</param>
      <param name="args">引数オブジェクトの配列。</param>
      <param name="data1">トレース データ オブジェクト。</param>
      <param name="data">トレース データ オブジェクトの配列。</param>
      <returns>指定したイベントをトレースする場合は <see langword="true" />。それ以外の場合は <see langword="false" />。</returns>
    </member>
    <member name="T:System.Diagnostics.TraceLevel">
      <summary>
        <see cref="T:System.Diagnostics.Debug" />、<see cref="T:System.Diagnostics.Trace" />、<see cref="T:System.Diagnostics.TraceSwitch" /> の各クラスでどのメッセージを出力するかを指定します。</summary>
    </member>
    <member name="F:System.Diagnostics.TraceLevel.Error">
      <summary>エラー処理メッセージを出力。</summary>
    </member>
    <member name="F:System.Diagnostics.TraceLevel.Info">
      <summary>情報メッセージ、警告、およびエラー処理メッセージを出力。</summary>
    </member>
    <member name="F:System.Diagnostics.TraceLevel.Off">
      <summary>トレース メッセージおよびデバッグ メッセージを出力しません。</summary>
    </member>
    <member name="F:System.Diagnostics.TraceLevel.Verbose">
      <summary>すべてのデバッグ メッセージおよびトレース メッセージを出力します。</summary>
    </member>
    <member name="F:System.Diagnostics.TraceLevel.Warning">
      <summary>警告およびエラー処理メッセージを出力します。</summary>
    </member>
    <member name="T:System.Diagnostics.TraceListener">
      <summary>トレース出力およびデバッグ出力を監視するリスナーの <see langword="abstract" /> 基本クラスを提供します。</summary>
    </member>
    <member name="M:System.Diagnostics.TraceListener.#ctor">
      <summary>
        <see cref="T:System.Diagnostics.TraceListener" /> クラスの新しいインスタンスを初期化します。</summary>
    </member>
    <member name="M:System.Diagnostics.TraceListener.#ctor(System.String)">
      <summary>指定した名前をリスナーとして使用して、<see cref="T:System.Diagnostics.TraceListener" /> クラスの新しいインスタンスを初期化します。</summary>
      <param name="name">
        <see cref="T:System.Diagnostics.TraceListener" /> の名前。</param>
    </member>
    <member name="M:System.Diagnostics.TraceListener.Close">
      <summary>派生クラスでオーバーライドされた場合、出力ストリームを終了して、トレース出力またはデバッグ出力を受信しないようにします。</summary>
    </member>
    <member name="M:System.Diagnostics.TraceListener.Dispose">
      <summary>
        <see cref="T:System.Diagnostics.TraceListener" /> によって使用されているすべてのリソースを解放します。</summary>
    </member>
    <member name="M:System.Diagnostics.TraceListener.Dispose(System.Boolean)">
      <summary>
        <see cref="T:System.Diagnostics.TraceListener" /> によって使用されているアンマネージド リソースを解放し、オプションでマネージド リソースも解放します。</summary>
      <param name="disposing">マネージド リソースとアンマネージド リソースの両方を解放する場合は <see langword="true" />。アンマネージド リソースだけを解放する場合は <see langword="false" />。</param>
    </member>
    <member name="M:System.Diagnostics.TraceListener.Fail(System.String)">
      <summary>
        <see cref="T:System.Diagnostics.TraceListener" /> クラスを実装した場合、作成したリスナーにエラー メッセージを出力します。</summary>
      <param name="message">出力するメッセージ。</param>
    </member>
    <member name="M:System.Diagnostics.TraceListener.Fail(System.String,System.String)">
      <summary>
        <see cref="T:System.Diagnostics.TraceListener" /> クラスを実装した場合、作成したリスナーにエラー メッセージと詳細エラー メッセージを出力します。</summary>
      <param name="message">出力するメッセージ。</param>
      <param name="detailMessage">出力する詳細メッセージ。</param>
    </member>
    <member name="M:System.Diagnostics.TraceListener.Flush">
      <summary>派生クラスでオーバーライドされた場合、出力バッファーをフラッシュします。</summary>
    </member>
    <member name="M:System.Diagnostics.TraceListener.GetSupportedAttributes">
      <summary>トレース リスナーによってサポートされるカスタム属性を取得します。</summary>
      <returns>トレース リスナーによってサポートされるカスタム属性の名前を付ける文字列配列。カスタム属性がない場合は <see langword="null" />。</returns>
    </member>
    <member name="M:System.Diagnostics.TraceListener.TraceData(System.Diagnostics.TraceEventCache,System.String,System.Diagnostics.TraceEventType,System.Int32,System.Object)">
      <summary>トレース情報、データ オブジェクト、およびイベント情報をリスナー固有の出力に書き込みます。</summary>
      <param name="eventCache">現在のプロセス ID、スレッド ID、およびスタック トレース情報を格納している <see cref="T:System.Diagnostics.TraceEventCache" /> オブジェクト。</param>
      <param name="source">出力を識別するために使用される名前。通常は、トレース イベントを生成したアプリケーションの名前。</param>
      <param name="eventType">トレースを発生させたイベントのタイプを指定する <see cref="T:System.Diagnostics.TraceEventType" /> 値の 1 つ。</param>
      <param name="id">イベントの数値識別子。</param>
      <param name="data">出力するトレース データ。</param>
    </member>
    <member name="M:System.Diagnostics.TraceListener.TraceData(System.Diagnostics.TraceEventCache,System.String,System.Diagnostics.TraceEventType,System.Int32,System.Object[])">
      <summary>トレース情報、データ オブジェクトの配列、およびイベント情報をリスナー固有の出力に書き込みます。</summary>
      <param name="eventCache">現在のプロセス ID、スレッド ID、およびスタック トレース情報を格納している <see cref="T:System.Diagnostics.TraceEventCache" /> オブジェクト。</param>
      <param name="source">出力を識別するために使用される名前。通常は、トレース イベントを生成したアプリケーションの名前。</param>
      <param name="eventType">トレースを発生させたイベントのタイプを指定する <see cref="T:System.Diagnostics.TraceEventType" /> 値の 1 つ。</param>
      <param name="id">イベントの数値識別子。</param>
      <param name="data">データとして出力するオブジェクトの配列。</param>
    </member>
    <member name="M:System.Diagnostics.TraceListener.TraceEvent(System.Diagnostics.TraceEventCache,System.String,System.Diagnostics.TraceEventType,System.Int32)">
      <summary>トレース情報およびイベント情報をリスナー固有の出力に書き込みます。</summary>
      <param name="eventCache">現在のプロセス ID、スレッド ID、およびスタック トレース情報を格納している <see cref="T:System.Diagnostics.TraceEventCache" /> オブジェクト。</param>
      <param name="source">出力を識別するために使用される名前。通常は、トレース イベントを生成したアプリケーションの名前。</param>
      <param name="eventType">トレースを発生させたイベントのタイプを指定する <see cref="T:System.Diagnostics.TraceEventType" /> 値の 1 つ。</param>
      <param name="id">イベントの数値識別子。</param>
    </member>
    <member name="M:System.Diagnostics.TraceListener.TraceEvent(System.Diagnostics.TraceEventCache,System.String,System.Diagnostics.TraceEventType,System.Int32,System.String)">
      <summary>トレース情報、メッセージ、およびイベント情報をリスナー固有の出力に書き込みます。</summary>
      <param name="eventCache">現在のプロセス ID、スレッド ID、およびスタック トレース情報を格納している <see cref="T:System.Diagnostics.TraceEventCache" /> オブジェクト。</param>
      <param name="source">出力を識別するために使用される名前。通常は、トレース イベントを生成したアプリケーションの名前。</param>
      <param name="eventType">トレースを発生させたイベントのタイプを指定する <see cref="T:System.Diagnostics.TraceEventType" /> 値の 1 つ。</param>
      <param name="id">イベントの数値識別子。</param>
      <param name="message">書き込むメッセージ。</param>
    </member>
    <member name="M:System.Diagnostics.TraceListener.TraceEvent(System.Diagnostics.TraceEventCache,System.String,System.Diagnostics.TraceEventType,System.Int32,System.String,System.Object[])">
      <summary>トレース情報、オブジェクトの書式付き配列、およびイベント情報をリスナー固有の出力に書き込みます。</summary>
      <param name="eventCache">現在のプロセス ID、スレッド ID、およびスタック トレース情報を格納している <see cref="T:System.Diagnostics.TraceEventCache" /> オブジェクト。</param>
      <param name="source">出力を識別するために使用される名前。通常は、トレース イベントを生成したアプリケーションの名前。</param>
      <param name="eventType">トレースを発生させたイベントのタイプを指定する <see cref="T:System.Diagnostics.TraceEventType" /> 値の 1 つ。</param>
      <param name="id">イベントの数値識別子。</param>
      <param name="format">0 個以上の書式項目を格納している書式指定文字列。<paramref name="args" /> 配列内のオブジェクトに対応します。</param>
      <param name="args">0 個以上の書式設定対象オブジェクトを含んだ <see langword="object" /> 配列。</param>
    </member>
    <member name="M:System.Diagnostics.TraceListener.TraceTransfer(System.Diagnostics.TraceEventCache,System.String,System.Int32,System.String,System.Guid)">
      <summary>トレース情報、メッセージ、関連するアクティビティ ID、およびイベント情報をリスナー固有の出力に書き込みます。</summary>
      <param name="eventCache">現在のプロセス ID、スレッド ID、およびスタック トレース情報を格納している <see cref="T:System.Diagnostics.TraceEventCache" /> オブジェクト。</param>
      <param name="source">出力を識別するために使用される名前。通常は、トレース イベントを生成したアプリケーションの名前。</param>
      <param name="id">イベントの数値識別子。</param>
      <param name="message">書き込むメッセージ。</param>
      <param name="relatedActivityId">関連するアクティビティを識別する <see cref="T:System.Guid" /> オブジェクト。</param>
    </member>
    <member name="M:System.Diagnostics.TraceListener.Write(System.Object)">
      <summary>オブジェクトの <see cref="M:System.Object.ToString" /> メソッドの値を、<see cref="T:System.Diagnostics.TraceListener" /> クラスを実装した時に作成したリスナーに書き込みます。</summary>
      <param name="o">書き込む完全修飾クラス名をもつ <see cref="T:System.Object" />。</param>
    </member>
    <member name="M:System.Diagnostics.TraceListener.Write(System.Object,System.String)">
      <summary>カテゴリ名と、オブジェクトの <see cref="M:System.Object.ToString" /> メソッドの値を、<see cref="T:System.Diagnostics.TraceListener" /> クラスを実装するときに作成したリスナーに書き込みます。</summary>
      <param name="o">書き込む完全修飾クラス名をもつ <see cref="T:System.Object" />。</param>
      <param name="category">出力を編成するために使用するカテゴリ名。</param>
    </member>
    <member name="M:System.Diagnostics.TraceListener.Write(System.String)">
      <summary>派生クラスでオーバーライドした場合、指定したメッセージを派生クラスで作成したリスナーに書き込みます。</summary>
      <param name="message">書き込むメッセージ。</param>
    </member>
    <member name="M:System.Diagnostics.TraceListener.Write(System.String,System.String)">
      <summary>
        <see cref="T:System.Diagnostics.TraceListener" /> クラスを実装した時に作成したリスナーにカテゴリ名とメッセージを書き込みます。</summary>
      <param name="message">書き込むメッセージ。</param>
      <param name="category">出力を編成するために使用するカテゴリ名。</param>
    </member>
    <member name="M:System.Diagnostics.TraceListener.WriteIndent">
      <summary>このクラスの実装時に作成したリスナーにインデントを書き込み、<see cref="P:System.Diagnostics.TraceListener.NeedIndent" /> プロパティを <see langword="false" /> にリセットします。</summary>
    </member>
    <member name="M:System.Diagnostics.TraceListener.WriteLine(System.Object)">
      <summary>
        <see cref="T:System.Diagnostics.TraceListener" /> クラスの実装時に作成したリスナーにオブジェクトの <see cref="M:System.Object.ToString" /> メソッドの値と行終端記号を書き込みます。</summary>
      <param name="o">書き込む完全修飾クラス名をもつ <see cref="T:System.Object" />。</param>
    </member>
    <member name="M:System.Diagnostics.TraceListener.WriteLine(System.Object,System.String)">
      <summary>
        <see cref="T:System.Diagnostics.TraceListener" /> クラスの実装時に作成したリスナーにカテゴリ名、オブジェクトの <see cref="M:System.Object.ToString" /> メソッドの値、および行終端記号を書き込みます。</summary>
      <param name="o">書き込む完全修飾クラス名をもつ <see cref="T:System.Object" />。</param>
      <param name="category">出力を編成するために使用するカテゴリ名。</param>
    </member>
    <member name="M:System.Diagnostics.TraceListener.WriteLine(System.String)">
      <summary>派生クラスでオーバーライドした場合、派生クラスで作成したリスナーにメッセージと行終端記号を書き込みます。</summary>
      <param name="message">書き込むメッセージ。</param>
    </member>
    <member name="M:System.Diagnostics.TraceListener.WriteLine(System.String,System.String)">
      <summary>
        <see cref="T:System.Diagnostics.TraceListener" /> クラスの実装時に作成したリスナーにカテゴリ名、メッセージ、および行終端記号を書き込みます。</summary>
      <param name="message">書き込むメッセージ。</param>
      <param name="category">出力を編成するために使用するカテゴリ名。</param>
    </member>
    <member name="P:System.Diagnostics.TraceListener.Attributes">
      <summary>アプリケーション構成ファイルに定義されているトレース リスナーのカスタム属性を取得します。</summary>
      <returns>トレース リスナーのカスタム属性を格納している <see cref="T:System.Collections.Specialized.StringDictionary" />。</returns>
    </member>
    <member name="P:System.Diagnostics.TraceListener.Filter">
      <summary>トレース リスナーのトレース フィルターを取得または設定します。</summary>
      <returns>
        <see cref="T:System.Diagnostics.TraceFilter" /> 基本クラスから派生したオブジェクト。</returns>
    </member>
    <member name="P:System.Diagnostics.TraceListener.IndentLevel">
      <summary>インデント レベルを取得または設定します。</summary>
      <returns>インデント レベル。 既定値は 0 です。</returns>
    </member>
    <member name="P:System.Diagnostics.TraceListener.IndentSize">
      <summary>1 つのインデントに含まれるスペースの数を取得または設定します。</summary>
      <exception cref="T:System.ArgumentOutOfRangeException">値が 0 未満のため、設定操作に失敗しました。</exception>
      <returns>インデントに含まれるスペースの数。 既定値は、スペースが 4 つです。</returns>
    </member>
    <member name="P:System.Diagnostics.TraceListener.IsThreadSafe">
      <summary>トレース リスナーがスレッド セーフかどうかを示す値を取得します。</summary>
      <returns>トレース リスナーがスレッド セーフである場合は <see langword="true" />。それ以外の場合は <see langword="false" />。 既定値は、<see langword="false" /> です。</returns>
    </member>
    <member name="P:System.Diagnostics.TraceListener.Name">
      <summary>この <see cref="T:System.Diagnostics.TraceListener" /> の名前を取得または設定します。</summary>
      <returns>この <see cref="T:System.Diagnostics.TraceListener" /> の名前。 既定値は、空の文字列 ("") です。</returns>
    </member>
    <member name="P:System.Diagnostics.TraceListener.NeedIndent">
      <summary>出力にインデントを設定するかどうかを示す値を取得または設定します。</summary>
      <returns>出力にインデントを設定する場合は <see langword="true" />。それ以外の場合は <see langword="false" />。</returns>
    </member>
    <member name="P:System.Diagnostics.TraceListener.TraceOutputOptions">
      <summary>トレース出力オプションを取得または設定します。</summary>
      <exception cref="T:System.ArgumentOutOfRangeException">値が無効なため、設定操作に失敗しました。</exception>
      <returns>列挙値のビットごとの組み合わせ。 既定値は、<see cref="F:System.Diagnostics.TraceOptions.None" /> です。</returns>
    </member>
    <member name="T:System.Diagnostics.TraceListenerCollection">
      <summary>
        <see cref="T:System.Diagnostics.TraceListener" /> オブジェクトのスレッド セーフ リストを提供します。</summary>
    </member>
    <member name="M:System.Diagnostics.TraceListenerCollection.Add(System.Diagnostics.TraceListener)">
      <summary>リストに <see cref="T:System.Diagnostics.TraceListener" /> を追加します。</summary>
      <param name="listener">リストに追加する <see cref="T:System.Diagnostics.TraceListener" />。</param>
      <returns>新しいリスナーが挿入された位置。</returns>
    </member>
    <member name="M:System.Diagnostics.TraceListenerCollection.AddRange(System.Diagnostics.TraceListener[])">
      <summary>リストに <see cref="T:System.Diagnostics.TraceListener" /> オブジェクトの配列を追加します。</summary>
      <param name="value">リストに追加する <see cref="T:System.Diagnostics.TraceListener" /> オブジェクトの配列。</param>
      <exception cref="T:System.ArgumentNullException">
        <paramref name="value" /> が <see langword="null" />です。</exception>
    </member>
    <member name="M:System.Diagnostics.TraceListenerCollection.AddRange(System.Diagnostics.TraceListenerCollection)">
      <summary>リストに別の <see cref="T:System.Diagnostics.TraceListenerCollection" /> の内容を追加します。</summary>
      <param name="value">リストに追加された内容の別の <see cref="T:System.Diagnostics.TraceListenerCollection" />。</param>
      <exception cref="T:System.ArgumentNullException">
        <paramref name="value" /> が <see langword="null" />です。</exception>
    </member>
    <member name="M:System.Diagnostics.TraceListenerCollection.Clear">
      <summary>リストからすべてのリスナーを消去します。</summary>
    </member>
    <member name="M:System.Diagnostics.TraceListenerCollection.Contains(System.Diagnostics.TraceListener)">
      <summary>指定したリスナーがリストに格納されているかどうかを確認します。</summary>
      <param name="listener">リスト内で検索する <see cref="T:System.Diagnostics.TraceListener" />。</param>
      <returns>リストにリスナーが存在する場合は <see langword="true" />。それ以外の場合は <see langword="false" />。</returns>
    </member>
    <member name="M:System.Diagnostics.TraceListenerCollection.CopyTo(System.Diagnostics.TraceListener[],System.Int32)">
      <summary>現在の <see cref="T:System.Diagnostics.TraceListenerCollection" /> リストの 1 つのセクションを、指定した配列内の指定したインデックスの位置にコピーします。</summary>
      <param name="listeners">要素のコピー先である <see cref="T:System.Array" /> 型の配列。</param>
      <param name="index">コピー元である現在のリスト内の開始インデックス番号。</param>
    </member>
    <member name="M:System.Diagnostics.TraceListenerCollection.GetEnumerator">
      <summary>このリストの列挙子を取得します。</summary>
      <returns>
        <see cref="T:System.Collections.IEnumerator" /> 型の列挙子。</returns>
    </member>
    <member name="M:System.Diagnostics.TraceListenerCollection.IndexOf(System.Diagnostics.TraceListener)">
      <summary>指定したリスナーのインデックスを取得します。</summary>
      <param name="listener">リスト内で検索する <see cref="T:System.Diagnostics.TraceListener" />。</param>
      <returns>リスナー内でインデックスが見つかった場合はそのインデックス。見つからなかった場合は -1。</returns>
    </member>
    <member name="M:System.Diagnostics.TraceListenerCollection.Insert(System.Int32,System.Diagnostics.TraceListener)">
      <summary>指定したインデックスの位置にリスナーを挿入します。</summary>
      <param name="index">新しい <see cref="T:System.Diagnostics.TraceListener" /> を挿入するリスト内の位置。</param>
      <param name="listener">リストに挿入する <see cref="T:System.Diagnostics.TraceListener" />。</param>
      <exception cref="T:System.ArgumentOutOfRangeException">
        <paramref name="index" /> がリスト内の有効なインデックスではありません。</exception>
      <exception cref="T:System.ArgumentException">
        <paramref name="listener" /> が <see langword="null" />です。</exception>
    </member>
    <member name="M:System.Diagnostics.TraceListenerCollection.Remove(System.Diagnostics.TraceListener)">
      <summary>指定した <see cref="T:System.Diagnostics.TraceListener" /> をコレクションから削除します。</summary>
      <param name="listener">リストから削除する <see cref="T:System.Diagnostics.TraceListener" />。</param>
    </member>
    <member name="M:System.Diagnostics.TraceListenerCollection.Remove(System.String)">
      <summary>指定した名前の最初の <see cref="T:System.Diagnostics.TraceListener" /> をコレクションから削除します。</summary>
      <param name="name">リストから削除する <see cref="T:System.Diagnostics.TraceListener" /> の名前。</param>
    </member>
    <member name="M:System.Diagnostics.TraceListenerCollection.RemoveAt(System.Int32)">
      <summary>指定したインデックス位置の <see cref="T:System.Diagnostics.TraceListener" /> をコレクションから削除します。</summary>
      <param name="index">リストから削除する <see cref="T:System.Diagnostics.TraceListener" /> の 0 から始まるインデックス。</param>
      <exception cref="T:System.ArgumentOutOfRangeException">
        <paramref name="index" /> がリスト内の有効なインデックスではありません。</exception>
    </member>
    <member name="M:System.Diagnostics.TraceListenerCollection.System#Collections#ICollection#CopyTo(System.Array,System.Int32)">
      <summary>現在の <see cref="T:System.Diagnostics.TraceListenerCollection" /> のセクションを <see cref="T:System.Diagnostics.TraceListener" /> オブジェクトの指定された配列にコピーします。</summary>
      <param name="array">
        <see cref="T:System.Diagnostics.TraceListener" /> からコピーされる要素のコピー先である <see cref="T:System.Diagnostics.TraceListenerCollection" /> オブジェクトの 1 次元配列。 配列には、0 から始まるインデックスが設定されている必要があります。</param>
      <param name="index">コピーの開始位置とする <paramref name="array" /> のインデックス (0 から始まる)。</param>
    </member>
    <member name="M:System.Diagnostics.TraceListenerCollection.System#Collections#IList#Add(System.Object)">
      <summary>トレース リスナーを <see cref="T:System.Diagnostics.TraceListenerCollection" /> に追加します。</summary>
      <param name="value">
        <see cref="T:System.Diagnostics.TraceListenerCollection" /> に追加するオブジェクト。</param>
      <exception cref="T:System.ArgumentException">
        <paramref name="value" /> が <see langword="null" />です。  
  
- または - 
 <paramref name="value" /> が <see cref="T:System.Diagnostics.TraceListener" /> ではありません。</exception>
      <returns>新しいトレース リスナーが挿入された位置。</returns>
    </member>
    <member name="M:System.Diagnostics.TraceListenerCollection.System#Collections#IList#Contains(System.Object)">
      <summary>
        <see cref="T:System.Diagnostics.TraceListenerCollection" /> に特定のオブジェクトが格納されているかどうかを確認します。</summary>
      <param name="value">
        <see cref="T:System.Diagnostics.TraceListenerCollection" /> 内で検索するオブジェクト。</param>
      <returns>
        <see cref="T:System.Object" /> が <see cref="T:System.Diagnostics.TraceListenerCollection" /> に存在する場合は <see langword="true" />。それ以外の場合は <see langword="false" />。</returns>
    </member>
    <member name="M:System.Diagnostics.TraceListenerCollection.System#Collections#IList#IndexOf(System.Object)">
      <summary>
        <see cref="T:System.Diagnostics.TraceListenerCollection" /> 内での指定したオブジェクトのインデックスを調べます。</summary>
      <param name="value">
        <see cref="T:System.Diagnostics.TraceListenerCollection" /> 内で検索するオブジェクト。</param>
      <returns>
        <see cref="T:System.Diagnostics.TraceListenerCollection" /> で見つかった場合は <paramref name="value" /> のインデックス。それ以外の場合は -1。</returns>
    </member>
    <member name="M:System.Diagnostics.TraceListenerCollection.System#Collections#IList#Insert(System.Int32,System.Object)">
      <summary>
        <see cref="T:System.Diagnostics.TraceListener" /> 内の指定した位置に <see cref="T:System.Diagnostics.TraceListenerCollection" /> オブジェクトを挿入します。</summary>
      <param name="index">
        <paramref name="value" /> を挿入する位置の、0 から始まるインデックス。</param>
      <param name="value">
        <see cref="T:System.Diagnostics.TraceListener" /> に挿入する <see cref="T:System.Diagnostics.TraceListenerCollection" /> オブジェクト。</param>
      <exception cref="T:System.ArgumentException">
        <paramref name="value" /> は <see cref="T:System.Diagnostics.TraceListener" /> オブジェクトではありません。</exception>
    </member>
    <member name="M:System.Diagnostics.TraceListenerCollection.System#Collections#IList#Remove(System.Object)">
      <summary>オブジェクトを <see cref="T:System.Diagnostics.TraceListenerCollection" /> から削除します。</summary>
      <param name="value">
        <see cref="T:System.Diagnostics.TraceListenerCollection" /> から削除するオブジェクト。</param>
    </member>
    <member name="P:System.Diagnostics.TraceListenerCollection.Count">
      <summary>リスト内のリスナーの数を取得します。</summary>
      <returns>リスト内のリスナーの数。</returns>
    </member>
    <member name="P:System.Diagnostics.TraceListenerCollection.Item(System.Int32)">
      <summary>指定したインデックス位置にある <see cref="T:System.Diagnostics.TraceListener" /> を取得または設定します。</summary>
      <param name="i">リストから取得する <see cref="T:System.Diagnostics.TraceListener" /> の 0 から始まるインデックス。</param>
      <exception cref="T:System.ArgumentNullException">値が <see langword="null" /> です。</exception>
      <returns>指定したインデックスを持つ <see cref="T:System.Diagnostics.TraceListener" />。</returns>
    </member>
    <member name="P:System.Diagnostics.TraceListenerCollection.Item(System.String)">
      <summary>リストに存在する指定した名前の最初の <see cref="T:System.Diagnostics.TraceListener" /> を取得します。</summary>
      <param name="name">リストから取得する <see cref="T:System.Diagnostics.TraceListener" /> の名前。</param>
      <returns>リストに存在する指定した <see cref="T:System.Diagnostics.TraceListener" /> の最初の <see cref="P:System.Diagnostics.TraceListener.Name" />。 指定した名前の <see cref="T:System.Diagnostics.TraceListener" /> が見つからなかった場合、この項目は <see langword="null" /> を返します。</returns>
    </member>
    <member name="P:System.Diagnostics.TraceListenerCollection.System#Collections#ICollection#IsSynchronized">
      <summary>
        <see cref="T:System.Diagnostics.TraceListenerCollection" /> へのアクセスが同期されている (スレッド セーフである) かどうかを示す値を取得します。</summary>
      <returns>常に <see langword="true" />。</returns>
    </member>
    <member name="P:System.Diagnostics.TraceListenerCollection.System#Collections#ICollection#SyncRoot">
      <summary>
        <see cref="T:System.Diagnostics.TraceListenerCollection" /> へのアクセスを同期するために使用できるオブジェクトを取得します。</summary>
      <returns>現在の <see cref="T:System.Diagnostics.TraceListenerCollection" /> オブジェクト。</returns>
    </member>
    <member name="P:System.Diagnostics.TraceListenerCollection.System#Collections#IList#IsFixedSize">
      <summary>
        <see cref="T:System.Diagnostics.TraceListenerCollection" /> が固定サイズかどうかを示す値を取得します。</summary>
      <returns>常に <see langword="false" />。</returns>
    </member>
    <member name="P:System.Diagnostics.TraceListenerCollection.System#Collections#IList#IsReadOnly">
      <summary>
        <see cref="T:System.Diagnostics.TraceListenerCollection" /> が読み取り専用かどうかを示す値を取得します。</summary>
      <returns>常に <see langword="false" />。</returns>
    </member>
    <member name="P:System.Diagnostics.TraceListenerCollection.System#Collections#IList#Item(System.Int32)">
      <summary>
        <see cref="T:System.Diagnostics.TraceListener" /> の指定したインデックスにある <see cref="T:System.Diagnostics.TraceListenerCollection" /> を取得または設定します。</summary>
      <param name="index">取得する <paramref name="value" /> の 0 から始まるインデックス。</param>
      <returns>指定したインデックスにある <see cref="T:System.Diagnostics.TraceListener" /> です。</returns>
    </member>
    <member name="T:System.Diagnostics.TraceOptions">
      <summary>トレース出力に書き込むトレース データ オプションを指定します。</summary>
    </member>
    <member name="F:System.Diagnostics.TraceOptions.Callstack">
      <summary>
        <see cref="P:System.Environment.StackTrace" /> プロパティの戻り値によって表される呼び出し履歴を書き込みます。</summary>
    </member>
    <member name="F:System.Diagnostics.TraceOptions.DateTime">
      <summary>日付と時刻を書き込みます。</summary>
    </member>
    <member name="F:System.Diagnostics.TraceOptions.LogicalOperationStack">
      <summary>
        <see cref="P:System.Diagnostics.CorrelationManager.LogicalOperationStack" /> プロパティの戻り値によって表される論理的な操作の履歴を書き込みます。</summary>
    </member>
    <member name="F:System.Diagnostics.TraceOptions.None">
      <summary>要素を書き込みません。</summary>
    </member>
    <member name="F:System.Diagnostics.TraceOptions.ProcessId">
      <summary>
        <see cref="P:System.Diagnostics.Process.Id" /> プロパティの戻り値によって表されるプロセス ID を書き込みます。</summary>
    </member>
    <member name="F:System.Diagnostics.TraceOptions.ThreadId">
      <summary>現在のスレッドの <see cref="P:System.Threading.Thread.ManagedThreadId" /> プロパティの戻り値によって表されるスレッド ID を書き込みます。</summary>
    </member>
    <member name="F:System.Diagnostics.TraceOptions.Timestamp">
      <summary>
        <see cref="M:System.Diagnostics.Stopwatch.GetTimestamp" /> メソッドの戻り値によって表されるタイムスタンプを書き込みます。</summary>
    </member>
    <member name="T:System.Diagnostics.TraceSource">
      <summary>アプリケーションでコードの実行をトレースしてトレース メッセージをソースに関連付けることができるようにする、メソッドおよびプロパティのセットを提供します。</summary>
    </member>
    <member name="M:System.Diagnostics.TraceSource.#ctor(System.String)">
      <summary>指定したソースの名前を使用して、<see cref="T:System.Diagnostics.TraceSource" /> クラスの新しいインスタンスを初期化します。</summary>
      <param name="name">ソースの名前 (通常はアプリケーションの名前)。</param>
      <exception cref="T:System.ArgumentNullException">
        <paramref name="name" /> が <see langword="null" />です。</exception>
      <exception cref="T:System.ArgumentException">
        <paramref name="name" /> が空の文字列 ("") です。</exception>
    </member>
    <member name="M:System.Diagnostics.TraceSource.#ctor(System.String,System.Diagnostics.SourceLevels)">
      <summary>ソースの指定された名前、およびトレースが発生する既定のソース レベルを使用して、<see cref="T:System.Diagnostics.TraceSource" /> クラスの新しいインスタンスを初期化します。</summary>
      <param name="name">ソースの名前 (通常はアプリケーションの名前)。</param>
      <param name="defaultLevel">トレースする既定のソース レベルを指定する列挙値のビットごとの組み合わせ。</param>
      <exception cref="T:System.ArgumentNullException">
        <paramref name="name" /> が <see langword="null" />です。</exception>
      <exception cref="T:System.ArgumentException">
        <paramref name="name" /> が空の文字列 ("") です。</exception>
    </member>
    <member name="M:System.Diagnostics.TraceSource.Close">
      <summary>トレース リスナー コレクション内のすべてのトレース リスナーを閉じます。</summary>
    </member>
    <member name="M:System.Diagnostics.TraceSource.Flush">
      <summary>トレース リスナー コレクション内のすべてのトレース リスナーをフラッシュします。</summary>
      <exception cref="T:System.ObjectDisposedException">終了処理時にイベントをトレースしようとしました。</exception>
    </member>
    <member name="M:System.Diagnostics.TraceSource.GetSupportedAttributes">
      <summary>トレース ソースによってサポートされるカスタム属性を取得します。</summary>
      <returns>トレース ソースにサポートされるカスタム属性を指定する文字列配列。カスタム属性がない場合は <see langword="null" />。</returns>
    </member>
    <member name="M:System.Diagnostics.TraceSource.TraceData(System.Diagnostics.TraceEventType,System.Int32,System.Object)">
      <summary>指定されたイベントの種類、イベント識別子、およびトレース データを使用して、トレース データを <see cref="P:System.Diagnostics.TraceSource.Listeners" /> コレクション内のトレース リスナーに書き込みます。</summary>
      <param name="eventType">トレース データのイベントの種類を指定する列挙値の 1 つ。</param>
      <param name="id">イベントの数値識別子。</param>
      <param name="data">トレース データ。</param>
      <exception cref="T:System.ObjectDisposedException">終了処理時にイベントをトレースしようとしました。</exception>
    </member>
    <member name="M:System.Diagnostics.TraceSource.TraceData(System.Diagnostics.TraceEventType,System.Int32,System.Object[])">
      <summary>指定されたイベントの種類、イベント識別子、およびトレース データの配列を使用して、トレース データを <see cref="P:System.Diagnostics.TraceSource.Listeners" /> コレクション内のトレース リスナーに書き込みます。</summary>
      <param name="eventType">トレース データのイベントの種類を指定する列挙値の 1 つ。</param>
      <param name="id">イベントの数値識別子。</param>
      <param name="data">トレース データが格納されているオブジェクト配列。</param>
      <exception cref="T:System.ObjectDisposedException">終了処理時にイベントをトレースしようとしました。</exception>
    </member>
    <member name="M:System.Diagnostics.TraceSource.TraceEvent(System.Diagnostics.TraceEventType,System.Int32)">
      <summary>指定されたイベントの種類およびイベント識別子を使用して、トレース イベント メッセージを <see cref="P:System.Diagnostics.TraceSource.Listeners" /> コレクション内のトレース リスナーに書き込みます。</summary>
      <param name="eventType">トレース データのイベントの種類を指定する列挙値の 1 つ。</param>
      <param name="id">イベントの数値識別子。</param>
      <exception cref="T:System.ObjectDisposedException">終了処理時にイベントをトレースしようとしました。</exception>
    </member>
    <member name="M:System.Diagnostics.TraceSource.TraceEvent(System.Diagnostics.TraceEventType,System.Int32,System.String)">
      <summary>指定されたイベントの種類、イベント識別子、およびメッセージを使用して、トレース イベント メッセージを <see cref="P:System.Diagnostics.TraceSource.Listeners" /> コレクション内のトレース リスナーに書き込みます。</summary>
      <param name="eventType">トレース データのイベントの種類を指定する列挙値の 1 つ。</param>
      <param name="id">イベントの数値識別子。</param>
      <param name="message">書き込むトレース メッセージ。</param>
      <exception cref="T:System.ObjectDisposedException">終了処理時にイベントをトレースしようとしました。</exception>
    </member>
    <member name="M:System.Diagnostics.TraceSource.TraceEvent(System.Diagnostics.TraceEventType,System.Int32,System.String,System.Object[])">
      <summary>指定されたイベントの種類、イベント識別子、および引数配列と書式設定を使用して、トレース イベントを <see cref="P:System.Diagnostics.TraceSource.Listeners" /> コレクション内のトレース リスナーに書き込みます。</summary>
      <param name="eventType">トレース データのイベントの種類を指定する列挙値の 1 つ。</param>
      <param name="id">イベントの数値識別子。</param>
      <param name="format">0 個以上の書式項目が混在したテキストを含む複合書式指定文字列。各書式項目は、<paramref name="args" /> 配列内のオブジェクトに対応します。</param>
      <param name="args">0 個以上の書式設定対象オブジェクトを含んだ <see langword="object" /> 配列。</param>
      <exception cref="T:System.ArgumentNullException">
        <paramref name="format" /> が <see langword="null" />です。</exception>
      <exception cref="T:System.FormatException">
        <paramref name="format" /> が無効です。  
  
- または - 
書式設定する引数を示す数が 0 より小さいか、書式設定する指定されたオブジェクトの数以上です。</exception>
      <exception cref="T:System.ObjectDisposedException">終了処理時にイベントをトレースしようとしました。</exception>
    </member>
    <member name="M:System.Diagnostics.TraceSource.TraceInformation(System.String)">
      <summary>指定されたメッセージを使用して、情報メッセージを <see cref="P:System.Diagnostics.TraceSource.Listeners" /> コレクションのトレース リスナーに書き込みます。</summary>
      <param name="message">書き込む情報メッセージ。</param>
      <exception cref="T:System.ObjectDisposedException">終了処理時にイベントをトレースしようとしました。</exception>
    </member>
    <member name="M:System.Diagnostics.TraceSource.TraceInformation(System.String,System.Object[])">
      <summary>指定されたオブジェクトの配列および書式設定情報を使用して、<see cref="P:System.Diagnostics.TraceSource.Listeners" /> コレクションのトレース リスナーに情報メッセージを書き込みます。</summary>
      <param name="format">0 個以上の書式項目が混在したテキストを含む複合書式指定文字列。各書式項目は、<paramref name="args" /> 配列内のオブジェクトに対応します。</param>
      <param name="args">0 個以上の書式設定対象オブジェクトを含んだ配列。</param>
      <exception cref="T:System.ArgumentNullException">
        <paramref name="format" /> が <see langword="null" />です。</exception>
      <exception cref="T:System.FormatException">
        <paramref name="format" /> が無効です。  
  
- または - 
書式設定する引数を示す数が 0 より小さいか、書式設定する指定されたオブジェクトの数以上です。</exception>
      <exception cref="T:System.ObjectDisposedException">終了処理時にイベントをトレースしようとしました。</exception>
    </member>
    <member name="M:System.Diagnostics.TraceSource.TraceTransfer(System.Int32,System.String,System.Guid)">
      <summary>指定された数値識別子、メッセージ、および関連する動作識別子を使用して、トレース転送メッセージを <see cref="P:System.Diagnostics.TraceSource.Listeners" /> コレクションのトレース リスナーに書き込みます。</summary>
      <param name="id">イベントの数値識別子。</param>
      <param name="message">書き込むトレース メッセージ。</param>
      <param name="relatedActivityId">関連する動作を識別する構造体。</param>
    </member>
    <member name="P:System.Diagnostics.TraceSource.Attributes">
      <summary>アプリケーション構成ファイルに定義されているカスタム スイッチ属性を取得します。</summary>
      <returns>トレース スイッチのカスタム属性を格納している <see cref="T:System.Collections.Specialized.StringDictionary" />。</returns>
    </member>
    <member name="P:System.Diagnostics.TraceSource.Listeners">
      <summary>トレース ソースのトレース リスナーのコレクションを取得します。</summary>
      <returns>ソースに関連付けられたアクティブなトレース リスナーを格納する <see cref="T:System.Diagnostics.TraceListenerCollection" />。</returns>
    </member>
    <member name="P:System.Diagnostics.TraceSource.Name">
      <summary>トレース ソースの名前を取得します。</summary>
      <returns>トレース ソースの名前。</returns>
    </member>
    <member name="P:System.Diagnostics.TraceSource.Switch">
      <summary>ソース スイッチ値を取得または設定します。</summary>
      <exception cref="T:System.ArgumentNullException">
        <see cref="P:System.Diagnostics.TraceSource.Switch" /> が <see langword="null" /> に設定されます。</exception>
      <returns>ソース スイッチ値を表す <see cref="T:System.Diagnostics.SourceSwitch" /> オブジェクト。</returns>
    </member>
    <member name="T:System.Diagnostics.TraceSwitch">
      <summary>コードの再コンパイルなしでトレース出力およびデバッグ出力を制御するための複数レベルのスイッチを提供します。</summary>
    </member>
    <member name="M:System.Diagnostics.TraceSwitch.#ctor(System.String,System.String)">
      <summary>表示名と説明を指定して、<see cref="T:System.Diagnostics.TraceSwitch" /> クラスの新しいインスタンスを初期化します。</summary>
      <param name="displayName">ユーザー インターフェイスに表示される名前。</param>
      <param name="description">スイッチの説明。</param>
    </member>
    <member name="M:System.Diagnostics.TraceSwitch.#ctor(System.String,System.String,System.String)">
      <summary>スイッチの表示名、説明、および既定値を指定して、<see cref="T:System.Diagnostics.TraceSwitch" /> クラスの新しいインスタンスを初期化します。</summary>
      <param name="displayName">ユーザー インターフェイスに表示される名前。</param>
      <param name="description">スイッチの説明。</param>
      <param name="defaultSwitchValue">スイッチの既定値。</param>
    </member>
    <member name="M:System.Diagnostics.TraceSwitch.OnSwitchSettingChanged">
      <summary>このスイッチのレベルを更新して修正します。</summary>
    </member>
    <member name="M:System.Diagnostics.TraceSwitch.OnValueChanged">
      <summary>
        <see cref="P:System.Diagnostics.Switch.SwitchSetting" /> プロパティを <see cref="P:System.Diagnostics.Switch.Value" /> プロパティと等価の整数に設定します。</summary>
    </member>
    <member name="P:System.Diagnostics.TraceSwitch.Level">
      <summary>スイッチが許可するメッセージを決定するトレース レベルを取得または設定します。</summary>
      <exception cref="T:System.ArgumentException">
        <see cref="P:System.Diagnostics.TraceSwitch.Level" /> が、<see cref="T:System.Diagnostics.TraceLevel" /> 値の 1 つではない値に設定されています。</exception>
      <returns>
        <see cref="T:System.Diagnostics.TraceLevel" />スイッチで許可されているメッセージのレベルを指定する値の1つ。</returns>
    </member>
    <member name="P:System.Diagnostics.TraceSwitch.TraceError">
      <summary>スイッチがエラー処理メッセージを許可するかどうかを示す値を取得します。</summary>
      <returns>
        <see cref="P:System.Diagnostics.TraceSwitch.Level" /> プロパティが <see cref="F:System.Diagnostics.TraceLevel.Error" />、<see cref="F:System.Diagnostics.TraceLevel.Warning" />、<see cref="F:System.Diagnostics.TraceLevel.Info" />、または <see cref="F:System.Diagnostics.TraceLevel.Verbose" /> に設定されている場合は、<see langword="true" />。それ以外の場合は <see langword="false" />。</returns>
    </member>
    <member name="P:System.Diagnostics.TraceSwitch.TraceInfo">
      <summary>スイッチが情報メッセージを許可するかどうかを示す値を取得します。</summary>
      <returns>
        <see cref="P:System.Diagnostics.TraceSwitch.Level" /> プロパティが <see cref="F:System.Diagnostics.TraceLevel.Info" /> または <see cref="F:System.Diagnostics.TraceLevel.Verbose" /> に設定されている場合は、<see langword="true" />。それ以外の場合は <see langword="false" />。</returns>
    </member>
    <member name="P:System.Diagnostics.TraceSwitch.TraceVerbose">
      <summary>スイッチがすべてのメッセージを許可するかどうかを示す値を取得します。</summary>
      <returns>
        <see cref="P:System.Diagnostics.TraceSwitch.Level" /> プロパティが <see cref="F:System.Diagnostics.TraceLevel.Verbose" /> に設定されている場合は <see langword="true" />。それ以外の場合は <see langword="false" />。</returns>
    </member>
    <member name="P:System.Diagnostics.TraceSwitch.TraceWarning">
      <summary>スイッチが警告メッセージを許可するかどうかを示す値を取得します。</summary>
      <returns>
        <see cref="P:System.Diagnostics.TraceSwitch.Level" /> プロパティが <see cref="F:System.Diagnostics.TraceLevel.Warning" />、<see cref="F:System.Diagnostics.TraceLevel.Info" />、または <see cref="F:System.Diagnostics.TraceLevel.Verbose" /> に設定されている場合は <see langword="true" />。それ以外の場合は <see langword="false" />。</returns>
    </member>
  </members>
</doc>