<doc>
  <assembly>
    <name>System.Security.Claims</name>
  </assembly>
  <members>
    <member name="T:System.Security.Claims.Claim">
      <summary>クレームを表します。</summary>
    </member>
    <member name="M:System.Security.Claims.Claim.#ctor(System.IO.BinaryReader)">
      <summary>
        <see cref="T:System.IO.BinaryReader" /> を指定して、<see cref="T:System.Security.Claims.Claim" /> のインスタンスを初期化します。</summary>
      <param name="reader">
        <see cref="T:System.Security.Claims.Claim" /> を示す <see cref="T:System.IO.BinaryReader" />。</param>
      <exception cref="T:System.ArgumentNullException">
        <paramref name="reader" /> が <see langword="null" />です。</exception>
    </member>
    <member name="M:System.Security.Claims.Claim.#ctor(System.IO.BinaryReader,System.Security.Claims.ClaimsIdentity)">
      <summary>指定したリーダーとサブジェクトで、<see cref="T:System.Security.Claims.Claim" /> クラスの新しいインスタンスを初期化します。</summary>
      <param name="reader">バイナリ リーダー。</param>
      <param name="subject">この要求が記述する件名。</param>
      <exception cref="T:System.ArgumentNullException">
        <paramref name="reader" /> が <see langword="null" />です。</exception>
    </member>
    <member name="M:System.Security.Claims.Claim.#ctor(System.Security.Claims.Claim)">
      <summary>
        <see cref="T:System.Security.Claims.Claim" /> クラスの新しいインスタンスを初期化します。</summary>
      <param name="other">セキュリティ クレーム。</param>
      <exception cref="T:System.ArgumentNullException">
        <paramref name="other" /> が <see langword="null" />です。</exception>
    </member>
    <member name="M:System.Security.Claims.Claim.#ctor(System.Security.Claims.Claim,System.Security.Claims.ClaimsIdentity)">
      <summary>指定されたセキュリティ要求、および件名により、<see cref="T:System.Security.Claims.Claim" /> クラスの新しいインスタンスを初期化します。</summary>
      <param name="other">セキュリティ クレーム。</param>
      <param name="subject">この要求が記述する件名。</param>
      <exception cref="T:System.ArgumentNullException">
        <paramref name="other" /> が <see langword="null" />です。</exception>
    </member>
    <member name="M:System.Security.Claims.Claim.#ctor(System.String,System.String)">
      <summary>指定した要求の種類および値を使用して、<see cref="T:System.Security.Claims.Claim" /> クラスの新しいインスタンスを初期化します。</summary>
      <param name="type">クレームの種類。</param>
      <param name="value">要求の値。</param>
      <exception cref="T:System.ArgumentNullException">
        <paramref name="type" /> または <paramref name="value" /> が <see langword="null" /> です。</exception>
    </member>
    <member name="M:System.Security.Claims.Claim.#ctor(System.String,System.String,System.String)">
      <summary>指定した要求の種類、値、および値の型を使用して、<see cref="T:System.Security.Claims.Claim" /> クラスの新しいインスタンスを初期化します。</summary>
      <param name="type">クレームの種類。</param>
      <param name="value">要求の値。</param>
      <param name="valueType">要求の値の型。 このパラメーターが <see langword="null" /> の場合、<see cref="F:System.Security.Claims.ClaimValueTypes.String" /> を使用します。</param>
      <exception cref="T:System.ArgumentNullException">
        <paramref name="type" /> または <paramref name="value" /> が <see langword="null" /> です。</exception>
    </member>
    <member name="M:System.Security.Claims.Claim.#ctor(System.String,System.String,System.String,System.String)">
      <summary>指定した要求の種類、値、値の型、および発行者を使用して、<see cref="T:System.Security.Claims.Claim" /> クラスの新しいインスタンスを初期化します。</summary>
      <param name="type">クレームの種類。</param>
      <param name="value">要求の値。</param>
      <param name="valueType">要求の値の型。 このパラメーターが <see langword="null" /> の場合、<see cref="F:System.Security.Claims.ClaimValueTypes.String" /> を使用します。</param>
      <param name="issuer">要求の発行者。 このパラメーターが空または <see langword="null" /> の場合、<see cref="F:System.Security.Claims.ClaimsIdentity.DefaultIssuer" /> を使用します。</param>
      <exception cref="T:System.ArgumentNullException">
        <paramref name="type" /> または <paramref name="value" /> が <see langword="null" /> です。</exception>
    </member>
    <member name="M:System.Security.Claims.Claim.#ctor(System.String,System.String,System.String,System.String,System.String)">
      <summary>指定された要求の種類、値、値の型、発行者、および発行元を使用して、<see cref="T:System.Security.Claims.Claim" /> クラスの新しいインスタンスを初期化します。</summary>
      <param name="type">クレームの種類。</param>
      <param name="value">要求の値。</param>
      <param name="valueType">要求の値の型。 このパラメーターが <see langword="null" /> の場合、<see cref="F:System.Security.Claims.ClaimValueTypes.String" /> を使用します。</param>
      <param name="issuer">要求の発行者。 このパラメーターが空または <see langword="null" /> の場合、<see cref="F:System.Security.Claims.ClaimsIdentity.DefaultIssuer" /> を使用します。</param>
      <param name="originalIssuer">要求の発行元。 このパラメーターが空または <see langword="null" /> の場合、<see cref="P:System.Security.Claims.Claim.OriginalIssuer" /> プロパティを <see cref="P:System.Security.Claims.Claim.Issuer" /> プロパティの値に設定します。</param>
      <exception cref="T:System.ArgumentNullException">
        <paramref name="type" /> または <paramref name="value" /> が <see langword="null" /> です。</exception>
    </member>
    <member name="M:System.Security.Claims.Claim.#ctor(System.String,System.String,System.String,System.String,System.String,System.Security.Claims.ClaimsIdentity)">
      <summary>指定された要求の種類、値、値の型、発行者、発行元、および件名を持つ <see cref="T:System.Security.Claims.Claim" /> クラスの新しいインスタンスを初期化します。</summary>
      <param name="type">クレームの種類。</param>
      <param name="value">要求の値。</param>
      <param name="valueType">要求の値の型。 このパラメーターが <see langword="null" /> の場合、<see cref="F:System.Security.Claims.ClaimValueTypes.String" /> を使用します。</param>
      <param name="issuer">要求の発行者。 このパラメーターが空または <see langword="null" /> の場合、<see cref="F:System.Security.Claims.ClaimsIdentity.DefaultIssuer" /> を使用します。</param>
      <param name="originalIssuer">要求の発行元。 このパラメーターが空または <see langword="null" /> の場合、<see cref="P:System.Security.Claims.Claim.OriginalIssuer" /> プロパティを <see cref="P:System.Security.Claims.Claim.Issuer" /> プロパティの値に設定します。</param>
      <param name="subject">この要求が記述する件名。</param>
      <exception cref="T:System.ArgumentNullException">
        <paramref name="type" /> または <paramref name="value" /> が <see langword="null" /> です。</exception>
    </member>
    <member name="M:System.Security.Claims.Claim.Clone">
      <summary>このオブジェクトからコピーされた新しい <see cref="T:System.Security.Claims.Claim" /> オブジェクトを返します。 新しい要求に件名がありません。</summary>
      <returns>新しい要求オブジェクト。</returns>
    </member>
    <member name="M:System.Security.Claims.Claim.Clone(System.Security.Claims.ClaimsIdentity)">
      <summary>このオブジェクトからコピーされた新しい <see cref="T:System.Security.Claims.Claim" /> オブジェクトを返します。 新しい要求のサブジェクトは、指定した ClaimsIdentity に設定されます。</summary>
      <param name="identity">新しい要求の目的のサブジェクト。</param>
      <returns>新しい要求オブジェクト。</returns>
    </member>
    <member name="M:System.Security.Claims.Claim.ToString">
      <summary>この <see cref="T:System.Security.Claims.Claim" /> オブジェクトの文字列表現を返します。</summary>
      <returns>この <see cref="T:System.Security.Claims.Claim" /> オブジェクトの文字列表現。</returns>
    </member>
    <member name="M:System.Security.Claims.Claim.WriteTo(System.IO.BinaryWriter)">
      <summary>この <see cref="T:System.Security.Claims.Claim" /> をライターに書き込みます。</summary>
      <param name="writer">データ ストレージに使用するライター。</param>
      <exception cref="T:System.ArgumentNullException">
        <paramref name="writer" /> が <see langword="null" />です。</exception>
    </member>
    <member name="M:System.Security.Claims.Claim.WriteTo(System.IO.BinaryWriter,System.Byte[])">
      <summary>この <see cref="T:System.Security.Claims.Claim" /> をライターに書き込みます。</summary>
      <param name="writer">この要求を書き込むライター。</param>
      <param name="userData">要求するユーザー データ。</param>
      <exception cref="T:System.ArgumentNullException">
        <paramref name="writer" /> が <see langword="null" />です。</exception>
    </member>
    <member name="P:System.Security.Claims.Claim.CustomSerializationData">
      <summary>派生型によって提供される追加データが含まれています。</summary>
      <returns>
        <see cref="T:System.Byte" />追加のシリアル化されたデータを表す配列。</returns>
    </member>
    <member name="P:System.Security.Claims.Claim.Issuer">
      <summary>要求の発行元を取得します。</summary>
      <returns>要求の発行元を参照する名前。</returns>
    </member>
    <member name="P:System.Security.Claims.Claim.OriginalIssuer">
      <summary>要求の発行元を取得します。</summary>
      <returns>要求の発行元を指す名前。</returns>
    </member>
    <member name="P:System.Security.Claims.Claim.Properties">
      <summary>この要求に関連付けられている追加のプロパティを格納するディクショナリを取得します。</summary>
      <returns>この要求に関連付けられている追加のプロパティを格納するディクショナリ。 プロパティは、名前と値の組として表されます。</returns>
    </member>
    <member name="P:System.Security.Claims.Claim.Subject">
      <summary>クレームの件名を取得します。</summary>
      <returns>クレームの件名。</returns>
    </member>
    <member name="P:System.Security.Claims.Claim.Type">
      <summary>要求の種類を取得します。</summary>
      <returns>クレームの種類。</returns>
    </member>
    <member name="P:System.Security.Claims.Claim.Value">
      <summary>要求の値を取得します。</summary>
      <returns>要求の値。</returns>
    </member>
    <member name="P:System.Security.Claims.Claim.ValueType">
      <summary>要求の値の型を取得します。</summary>
      <returns>要求の値の型。</returns>
    </member>
    <member name="T:System.Security.Claims.ClaimsIdentity">
      <summary>クレーム ベースの ID を表します。</summary>
    </member>
    <member name="F:System.Security.Claims.ClaimsIdentity.DefaultIssuer">
      <summary>既定の発行者 “LOCAL AUTHORITY”。</summary>
    </member>
    <member name="F:System.Security.Claims.ClaimsIdentity.DefaultNameClaimType">
      <summary>既定の名前クレームの種類、<see cref="F:System.Security.Claims.ClaimTypes.Name" />。</summary>
    </member>
    <member name="F:System.Security.Claims.ClaimsIdentity.DefaultRoleClaimType">
      <summary>既定のロール クレームの種類、<see cref="F:System.Security.Claims.ClaimTypes.Role" />。</summary>
    </member>
    <member name="M:System.Security.Claims.ClaimsIdentity.#ctor">
      <summary>空のクレーム コレクションを使用して、<see cref="T:System.Security.Claims.ClaimsIdentity" /> クラスの新しいインスタンスを初期化します。</summary>
    </member>
    <member name="M:System.Security.Claims.ClaimsIdentity.#ctor(System.Collections.Generic.IEnumerable{System.Security.Claims.Claim})">
      <summary>
        <see cref="T:System.Security.Claims.ClaimsIdentity" /> オブジェクトの列挙された配列を使用して、<see cref="T:System.Security.Claims.Claim" /> クラスの新しいインスタンスを初期化します。</summary>
      <param name="claims">クレーム ID の設定に使用するクレーム。</param>
    </member>
    <member name="M:System.Security.Claims.ClaimsIdentity.#ctor(System.Collections.Generic.IEnumerable{System.Security.Claims.Claim},System.String)">
      <summary>指定したクレームと認証の種類を使用して <see cref="T:System.Security.Claims.ClaimsIdentity" /> クラスの新しいインスタンスを初期化します。</summary>
      <param name="claims">クレーム ID の設定に使用するクレーム。</param>
      <param name="authenticationType">使用されている認証の種類。</param>
    </member>
    <member name="M:System.Security.Claims.ClaimsIdentity.#ctor(System.Collections.Generic.IEnumerable{System.Security.Claims.Claim},System.String,System.String,System.String)">
      <summary>指定したクレーム、認証の種類、名前クレームの種類、およびロール クレームの種類を使用して、<see cref="T:System.Security.Claims.ClaimsIdentity" /> クラスの新しいインスタンスを初期化します。</summary>
      <param name="claims">クレーム ID の設定に使用するクレーム。</param>
      <param name="authenticationType">使用されている認証の種類。</param>
      <param name="nameType">名前のクレームに使用するクレームの種類。</param>
      <param name="roleType">ロールのクレームに使用するクレームの種類。</param>
    </member>
    <member name="M:System.Security.Claims.ClaimsIdentity.#ctor(System.IO.BinaryReader)">
      <summary>
        <see cref="T:System.IO.BinaryReader" /> を指定して、<see cref="T:System.Security.Claims.ClaimsIdentity" /> のインスタンスを初期化します。</summary>
      <param name="reader">
        <see cref="T:System.Security.Claims.ClaimsIdentity" /> を示す <see cref="T:System.IO.BinaryReader" />。</param>
      <exception cref="T:System.ArgumentNullException">
        <paramref name="reader" /> が <see langword="null" />です。</exception>
    </member>
    <member name="M:System.Security.Claims.ClaimsIdentity.#ctor(System.Runtime.Serialization.SerializationInfo)">
      <summary>
        <see cref="T:System.Runtime.Serialization.ISerializable" /> を使用して作成されたシリアル化ストリームから、<see cref="T:System.Security.Claims.ClaimsIdentity" /> クラスの新しいインスタンスを初期化します。</summary>
      <param name="info">シリアル化データ。</param>
      <exception cref="T:System.ArgumentNullException">
        <paramref name="info" /> が <see langword="null" />です。</exception>
    </member>
    <member name="M:System.Security.Claims.ClaimsIdentity.#ctor(System.Runtime.Serialization.SerializationInfo,System.Runtime.Serialization.StreamingContext)">
      <summary>
        <see cref="T:System.Runtime.Serialization.ISerializable" /> を使用して作成されたシリアル化ストリームから、<see cref="T:System.Security.Claims.ClaimsIdentity" /> クラスの新しいインスタンスを初期化します。</summary>
      <param name="info">シリアル化データ。</param>
      <param name="context">シリアル化のコンテキスト。</param>
      <exception cref="T:System.ArgumentNullException">
        <paramref name="info" /> が <see langword="null" />です。</exception>
    </member>
    <member name="M:System.Security.Claims.ClaimsIdentity.#ctor(System.Security.Claims.ClaimsIdentity)">
      <summary>既存の <see cref="T:System.Security.Claims.ClaimsIdentity" /> インスタンスを使用して <see cref="T:System.Security.Claims.ClaimsIdentity" /> クラスの新しいインスタンスを初期化します。</summary>
      <param name="other">コピーする <see cref="T:System.Security.Claims.ClaimsIdentity" />。</param>
      <exception cref="T:System.ArgumentNullException">
        <paramref name="other" /> が <see langword="null" />です。</exception>
    </member>
    <member name="M:System.Security.Claims.ClaimsIdentity.#ctor(System.Security.Principal.IIdentity)">
      <summary>指定した <see cref="T:System.Security.Claims.ClaimsIdentity" /> の名前と認証の種類を使用して <see cref="T:System.Security.Principal.IIdentity" /> クラスの新しいインスタンスを初期化します。</summary>
      <param name="identity">新しいクレーム ID の基となる ID。</param>
    </member>
    <member name="M:System.Security.Claims.ClaimsIdentity.#ctor(System.Security.Principal.IIdentity,System.Collections.Generic.IEnumerable{System.Security.Claims.Claim})">
      <summary>指定したクレームと指定した <see cref="T:System.Security.Claims.ClaimsIdentity" /> を使用して <see cref="T:System.Security.Principal.IIdentity" /> クラスの新しいインスタンスを初期化します。</summary>
      <param name="identity">新しいクレーム ID の基となる ID。</param>
      <param name="claims">クレーム ID の設定に使用するクレーム。</param>
    </member>
    <member name="M:System.Security.Claims.ClaimsIdentity.#ctor(System.Security.Principal.IIdentity,System.Collections.Generic.IEnumerable{System.Security.Claims.Claim},System.String,System.String,System.String)">
      <summary>指定したクレーム、認証の種類、名前クレームの種類、およびロール クレームの種類を使用して、指定した <see cref="T:System.Security.Claims.ClaimsIdentity" /> から <see cref="T:System.Security.Principal.IIdentity" /> クラスの新しいインスタンスを初期化します。</summary>
      <param name="identity">新しいクレーム ID の基となる ID。</param>
      <param name="claims">新規クレーム ID を設定するクレーム。</param>
      <param name="authenticationType">使用されている認証の種類。</param>
      <param name="nameType">名前のクレームに使用するクレームの種類。</param>
      <param name="roleType">ロールのクレームに使用するクレームの種類。</param>
      <exception cref="T:System.InvalidOperationException">
        <paramref name="identity" /> は <see cref="T:System.Security.Claims.ClaimsIdentity" /> であり、<see cref="P:System.Security.Claims.ClaimsIdentity.Actor" /> の結果は <see langword="this" /> への循環参照になります。</exception>
    </member>
    <member name="M:System.Security.Claims.ClaimsIdentity.#ctor(System.String)">
      <summary>空のクレームのコレクションと指定した認証の種類で <see cref="T:System.Security.Claims.ClaimsIdentity" /> クラスの新しいインスタンスを初期化します。</summary>
      <param name="authenticationType">使用されている認証の種類。</param>
    </member>
    <member name="M:System.Security.Claims.ClaimsIdentity.#ctor(System.String,System.String,System.String)">
      <summary>指定した認証の種類、名前クレームの種類、およびロール クレームの種類を使用して、<see cref="T:System.Security.Claims.ClaimsIdentity" /> クラスの新しいインスタンスを初期化します。</summary>
      <param name="authenticationType">使用されている認証の種類。</param>
      <param name="nameType">名前のクレームに使用するクレームの種類。</param>
      <param name="roleType">ロールのクレームに使用するクレームの種類。</param>
    </member>
    <member name="M:System.Security.Claims.ClaimsIdentity.AddClaim(System.Security.Claims.Claim)">
      <summary>このクレーム ID に単一のクレームを追加します。</summary>
      <param name="claim">追加するクレーム。</param>
      <exception cref="T:System.ArgumentNullException">
        <paramref name="claim" /> が <see langword="null" />です。</exception>
    </member>
    <member name="M:System.Security.Claims.ClaimsIdentity.AddClaims(System.Collections.Generic.IEnumerable{System.Security.Claims.Claim})">
      <summary>このクレーム ID にクレームの一覧を追加します。</summary>
      <param name="claims">追加するクレーム。</param>
      <exception cref="T:System.ArgumentNullException">
        <paramref name="claims" /> が <see langword="null" />です。</exception>
    </member>
    <member name="M:System.Security.Claims.ClaimsIdentity.Clone">
      <summary>このクレーム ID からコピーした新しい <see cref="T:System.Security.Claims.ClaimsIdentity" /> を返します。</summary>
      <returns>現在のインスタンスのコピー。</returns>
    </member>
    <member name="M:System.Security.Claims.ClaimsIdentity.CreateClaim(System.IO.BinaryReader)">
      <summary>カスタム <see cref="T:System.Security.Claims.Claim" /> を作成する拡張ポイントを派生型に提供します。</summary>
      <param name="reader">クレームを指す <see cref="T:System.IO.BinaryReader" />。</param>
      <exception cref="T:System.ArgumentNullException">
        <paramref name="reader" /> が <see langword="null" />です。</exception>
      <returns>新しい <see cref="T:System.Security.Claims.Claim" />。</returns>
    </member>
    <member name="M:System.Security.Claims.ClaimsIdentity.FindAll(System.Predicate{System.Security.Claims.Claim})">
      <summary>指定した述語に一致するすべてのクレームを取得します。</summary>
      <param name="match">一致ロジックを実行する関数。</param>
      <exception cref="T:System.ArgumentNullException">
        <paramref name="match" /> が <see langword="null" />です。</exception>
      <returns>一致する要求。 リストは読み取り専用です。</returns>
    </member>
    <member name="M:System.Security.Claims.ClaimsIdentity.FindAll(System.String)">
      <summary>指定されたクレーム型のすべてのクレームを取得します。</summary>
      <param name="type">要求の照合対象となる要求の種類。</param>
      <exception cref="T:System.ArgumentNullException">
        <paramref name="type" /> が <see langword="null" />です。</exception>
      <returns>一致する要求。 リストは読み取り専用です。</returns>
    </member>
    <member name="M:System.Security.Claims.ClaimsIdentity.FindFirst(System.Predicate{System.Security.Claims.Claim})">
      <summary>指定した述語に一致する最初のクレームを取得します。</summary>
      <param name="match">一致ロジックを実行する関数。</param>
      <exception cref="T:System.ArgumentNullException">
        <paramref name="match" /> が <see langword="null" />です。</exception>
      <returns>一致が検出されない場合は、最初に一致する要求または <see langword="null" />。</returns>
    </member>
    <member name="M:System.Security.Claims.ClaimsIdentity.FindFirst(System.String)">
      <summary>指定したクレームの種類の最初のクレームを取得します。</summary>
      <param name="type">一致する要求の種類。</param>
      <exception cref="T:System.ArgumentNullException">
        <paramref name="type" /> が <see langword="null" />です。</exception>
      <returns>一致が検出されない場合は、最初に一致する要求または <see langword="null" />。</returns>
    </member>
    <member name="M:System.Security.Claims.ClaimsIdentity.GetObjectData(System.Runtime.Serialization.SerializationInfo,System.Runtime.Serialization.StreamingContext)">
      <summary>
        <see cref="T:System.Runtime.Serialization.SerializationInfo" /> オブジェクトに、現在の <see cref="T:System.Security.Claims.ClaimsIdentity" /> オブジェクトをシリアル化するために必要なデータを格納します。</summary>
      <param name="info">データを読み込む先のオブジェクト。</param>
      <param name="context">このシリアル化のシリアル化先。 <see langword="null" /> の可能性があります。</param>
      <exception cref="T:System.ArgumentNullException">
        <paramref name="info" /> が <see langword="null" />です。</exception>
    </member>
    <member name="M:System.Security.Claims.ClaimsIdentity.HasClaim(System.Predicate{System.Security.Claims.Claim})">
      <summary>指定した述語に一致するクレーム ID がこのクレーム ID に含まれるかどうかを判断します。</summary>
      <param name="match">一致ロジックを実行する関数。</param>
      <exception cref="T:System.ArgumentNullException">
        <paramref name="match" /> が <see langword="null" />です。</exception>
      <returns>一致する要求が存在する場合は <see langword="true" />。それ以外の場合は <see langword="false" />。</returns>
    </member>
    <member name="M:System.Security.Claims.ClaimsIdentity.HasClaim(System.String,System.String)">
      <summary>指定したクレームの種類と値を持つクレームがこのクレーム ID に含まれるかどうかを判断します。</summary>
      <param name="type">一致する要求の種類。</param>
      <param name="value">一致させるクレームの値。</param>
      <exception cref="T:System.ArgumentNullException">
        <paramref name="type" /> または <paramref name="value" /> が <see langword="null" /> です。</exception>
      <returns>一致が見つかった場合は <see langword="true" />、それ以外の場合は <see langword="false" />。</returns>
    </member>
    <member name="M:System.Security.Claims.ClaimsIdentity.RemoveClaim(System.Security.Claims.Claim)">
      <summary>クレーム ID からクレームを削除します。</summary>
      <param name="claim">削除するクレーム。</param>
      <exception cref="T:System.InvalidOperationException">クレームを削除できません。</exception>
    </member>
    <member name="M:System.Security.Claims.ClaimsIdentity.TryRemoveClaim(System.Security.Claims.Claim)">
      <summary>クレーム ID からクレームを削除します。</summary>
      <param name="claim">削除するクレーム。</param>
      <returns>クレームが正常に削除された場合は <see langword="true" />。それ以外の場合は <see langword="false" />。</returns>
    </member>
    <member name="M:System.Security.Claims.ClaimsIdentity.WriteTo(System.IO.BinaryWriter)">
      <summary>
        <see cref="T:System.IO.BinaryWriter" /> を使用してシリアル化します。</summary>
      <param name="writer">データ ストレージに使用するライター。</param>
      <exception cref="T:System.ArgumentNullException">
        <paramref name="writer" /> が <see langword="null" />です。</exception>
    </member>
    <member name="M:System.Security.Claims.ClaimsIdentity.WriteTo(System.IO.BinaryWriter,System.Byte[])">
      <summary>
        <see cref="T:System.IO.BinaryWriter" /> を使用してシリアル化します。</summary>
      <param name="writer">データ ストレージに使用するライター。</param>
      <param name="userData">派生型によって提供される追加データ。</param>
      <exception cref="T:System.ArgumentNullException">
        <paramref name="writer" /> が <see langword="null" />です。</exception>
    </member>
    <member name="P:System.Security.Claims.ClaimsIdentity.Actor">
      <summary>デリゲート権限が付与された呼び出しパーティの ID を取得または設定します。</summary>
      <exception cref="T:System.InvalidOperationException">プロパティを現在のインスタンスに設定することを試みました。

- または -

<see langword="value" /> の結果は <see langword="this" /> への循環参照になります。</exception>
      <returns>デリゲートする権限を付与された呼び出しパーティ。</returns>
    </member>
    <member name="P:System.Security.Claims.ClaimsIdentity.AuthenticationType">
      <summary>認証の種類を取得します。</summary>
      <returns>認証の種類。</returns>
    </member>
    <member name="P:System.Security.Claims.ClaimsIdentity.BootstrapContext">
      <summary>このクレーム ID を作成するために使用されたトークンを取得または設定します。</summary>
      <returns>ブートストラップのコンテキスト。</returns>
    </member>
    <member name="P:System.Security.Claims.ClaimsIdentity.Claims">
      <summary>このクレーム ID に関連付けられているクレームを取得します。</summary>
      <returns>このクレーム ID に関連付けられたクレームのコレクション。</returns>
    </member>
    <member name="P:System.Security.Claims.ClaimsIdentity.CustomSerializationData">
      <summary>派生型によって提供される追加データが含まれています。 通常、<see cref="M:System.Security.Claims.ClaimsIdentity.WriteTo(System.IO.BinaryWriter,System.Byte[])" /> の呼び出し時に設定されます。</summary>
      <returns>
        <see cref="T:System.Byte" />追加のシリアル化されたデータを表す配列。</returns>
    </member>
    <member name="P:System.Security.Claims.ClaimsIdentity.IsAuthenticated">
      <summary>ID が認証されているかどうかを示す値を取得します。</summary>
      <returns>
        <see langword="true" /> id が認証されている場合は。それ以外の場合は <see langword="false" /> 。</returns>
    </member>
    <member name="P:System.Security.Claims.ClaimsIdentity.Label">
      <summary>このクレーム識別子のラベルを取得または設定します。</summary>
      <returns>ラベル。</returns>
    </member>
    <member name="P:System.Security.Claims.ClaimsIdentity.Name">
      <summary>このクレーム ID の名前を取得します。</summary>
      <returns>名前または <see langword="null" />。</returns>
    </member>
    <member name="P:System.Security.Claims.ClaimsIdentity.NameClaimType">
      <summary>このクレーム ID の <see cref="P:System.Security.Claims.ClaimsIdentity.Name" /> プロパティにどのクレームが値を提供するかを判断するために使用されるクレームの種類を取得します。</summary>
      <returns>名前クレームの種類。</returns>
    </member>
    <member name="P:System.Security.Claims.ClaimsIdentity.RoleClaimType">
      <summary>このクレーム ID のクレームのうちで .NET Framework のロールとして解釈されるクレームの種類を取得します。</summary>
      <returns>ロール クレームの種類。</returns>
    </member>
    <member name="T:System.Security.Claims.ClaimsPrincipal">
      <summary>複数の要求ベース ID をサポートする <see cref="T:System.Security.Principal.IPrincipal" /> 実装。</summary>
    </member>
    <member name="M:System.Security.Claims.ClaimsPrincipal.#ctor">
      <summary>
        <see cref="T:System.Security.Claims.ClaimsPrincipal" /> クラスの新しいインスタンスを初期化します。</summary>
    </member>
    <member name="M:System.Security.Claims.ClaimsPrincipal.#ctor(System.Collections.Generic.IEnumerable{System.Security.Claims.ClaimsIdentity})">
      <summary>指定した要求 ID を使用して、<see cref="T:System.Security.Claims.ClaimsPrincipal" /> クラスの新しいインスタンスを初期化します。</summary>
      <param name="identities">新しい要求プリンシパルの初期化元 ID。</param>
      <exception cref="T:System.ArgumentNullException">
        <paramref name="identities" /> が <see langword="null" />です。</exception>
    </member>
    <member name="M:System.Security.Claims.ClaimsPrincipal.#ctor(System.IO.BinaryReader)">
      <summary>
        <see cref="T:System.IO.BinaryReader" /> を指定して、<see cref="T:System.Security.Claims.ClaimsPrincipal" /> のインスタンスを初期化します。</summary>
      <param name="reader">
        <see cref="T:System.Security.Claims.ClaimsPrincipal" /> を示す <see cref="T:System.IO.BinaryReader" />。</param>
      <exception cref="T:System.ArgumentNullException">
        <paramref name="reader" /> が <see langword="null" />です。</exception>
    </member>
    <member name="M:System.Security.Claims.ClaimsPrincipal.#ctor(System.Runtime.Serialization.SerializationInfo,System.Runtime.Serialization.StreamingContext)">
      <summary>
        <see cref="T:System.Runtime.Serialization.ISerializable" /> を使用して作成されたシリアル化ストリームから、<see cref="T:System.Security.Claims.ClaimsPrincipal" /> クラスの新しいインスタンスを初期化します。</summary>
      <param name="info">シリアル化データ。</param>
      <param name="context">シリアル化のコンテキスト。</param>
      <exception cref="T:System.ArgumentNullException">
        <paramref name="info" /> が null です。</exception>
    </member>
    <member name="M:System.Security.Claims.ClaimsPrincipal.#ctor(System.Security.Principal.IIdentity)">
      <summary>指定された ID から <see cref="T:System.Security.Claims.ClaimsPrincipal" /> クラスの新しいインスタンスを初期化します。</summary>
      <param name="identity">新しい要求プリンシパルの初期化元 ID。</param>
      <exception cref="T:System.ArgumentNullException">
        <paramref name="identity" /> が <see langword="null" />です。</exception>
    </member>
    <member name="M:System.Security.Claims.ClaimsPrincipal.#ctor(System.Security.Principal.IPrincipal)">
      <summary>指定されたプリンシパルから <see cref="T:System.Security.Claims.ClaimsPrincipal" /> クラスの新しいインスタンスを初期化します。</summary>
      <param name="principal">新しい要求プリンシパルの初期化元となるプリンシパル。</param>
      <exception cref="T:System.ArgumentNullException">
        <paramref name="principal" /> が <see langword="null" />です。</exception>
    </member>
    <member name="M:System.Security.Claims.ClaimsPrincipal.AddIdentities(System.Collections.Generic.IEnumerable{System.Security.Claims.ClaimsIdentity})">
      <summary>指定された要求 ID をこの要求プリンシパルに追加します。</summary>
      <param name="identities">追加する要求 ID。</param>
      <exception cref="T:System.ArgumentNullException">
        <paramref name="identities" /> が <see langword="null" />です。</exception>
    </member>
    <member name="M:System.Security.Claims.ClaimsPrincipal.AddIdentity(System.Security.Claims.ClaimsIdentity)">
      <summary>指定された要求 ID をこの要求プリンシパルに追加します。</summary>
      <param name="identity">追加する要求 ID。</param>
      <exception cref="T:System.ArgumentNullException">
        <paramref name="identity" /> が <see langword="null" />です。</exception>
    </member>
    <member name="M:System.Security.Claims.ClaimsPrincipal.Clone">
      <summary>このインスタンスの新しいコピーを作成します。</summary>
      <returns>
        <see cref="T:System.Security.Claims.ClaimsPrincipal" /> オブジェクトの新しいコピーです。</returns>
    </member>
    <member name="M:System.Security.Claims.ClaimsPrincipal.CreateClaimsIdentity(System.IO.BinaryReader)">
      <summary>新しい要求の ID を作成します。</summary>
      <param name="reader">バイナリ リーダー。</param>
      <exception cref="T:System.ArgumentNullException">
        <paramref name="reader" /> が <see langword="null" />です。</exception>
      <returns>作成された要求 ID。</returns>
    </member>
    <member name="M:System.Security.Claims.ClaimsPrincipal.FindAll(System.Predicate{System.Security.Claims.Claim})">
      <summary>指定した述語に一致するすべてのクレームを取得します。</summary>
      <param name="match">一致ロジックを実行する関数。</param>
      <exception cref="T:System.ArgumentNullException">
        <paramref name="match" /> が <see langword="null" />です。</exception>
      <returns>一致する要求。</returns>
    </member>
    <member name="M:System.Security.Claims.ClaimsPrincipal.FindAll(System.String)">
      <summary>すべての要求、または指定された要求の種類を持つ要求を取得します。</summary>
      <param name="type">要求の照合対象となる要求の種類。</param>
      <exception cref="T:System.ArgumentNullException">
        <paramref name="type" /> が <see langword="null" />です。</exception>
      <returns>一致する要求。</returns>
    </member>
    <member name="M:System.Security.Claims.ClaimsPrincipal.FindFirst(System.Predicate{System.Security.Claims.Claim})">
      <summary>指定した述語に一致する最初のクレームを取得します。</summary>
      <param name="match">一致ロジックを実行する関数。</param>
      <exception cref="T:System.ArgumentNullException">
        <paramref name="match" /> が <see langword="null" />です。</exception>
      <returns>一致が検出されない場合は、最初に一致する要求または <see langword="null" />。</returns>
    </member>
    <member name="M:System.Security.Claims.ClaimsPrincipal.FindFirst(System.String)">
      <summary>指定したクレームの種類の最初のクレームを取得します。</summary>
      <param name="type">一致する要求の種類。</param>
      <exception cref="T:System.ArgumentNullException">
        <paramref name="type" /> が <see langword="null" />です。</exception>
      <returns>一致が検出されない場合は、最初に一致する要求または <see langword="null" />。</returns>
    </member>
    <member name="M:System.Security.Claims.ClaimsPrincipal.GetObjectData(System.Runtime.Serialization.SerializationInfo,System.Runtime.Serialization.StreamingContext)">
      <summary>
        <see cref="T:System.Runtime.Serialization.SerializationInfo" /> オブジェクトに、現在の <see cref="T:System.Security.Claims.ClaimsPrincipal" /> オブジェクトをシリアル化するために必要なデータを格納します。</summary>
      <param name="info">データを読み込む先のオブジェクト。</param>
      <param name="context">このシリアル化のシリアル化先。 <see langword="null" /> の可能性があります。</param>
      <exception cref="T:System.ArgumentNullException">
        <paramref name="info" /> が <see langword="null" />です。</exception>
    </member>
    <member name="M:System.Security.Claims.ClaimsPrincipal.HasClaim(System.Predicate{System.Security.Claims.Claim})">
      <summary>この要求プリンシパルに関連付けられている要求 ID のいずれかに、指定された述語と一致する要求が含まれているかどうかを判断します。</summary>
      <param name="match">一致ロジックを実行する関数。</param>
      <exception cref="T:System.ArgumentNullException">
        <paramref name="match" /> が <see langword="null" />です。</exception>
      <returns>一致する要求が存在する場合は <see langword="true" />。それ以外の場合は <see langword="false" />。</returns>
    </member>
    <member name="M:System.Security.Claims.ClaimsPrincipal.HasClaim(System.String,System.String)">
      <summary>この要求プリンシパルに関連付けられているクレーム ID のいずれかに、指定された要求の種類と値を持つ要求が含まれているかどうかを判断します。</summary>
      <param name="type">一致する要求の種類。</param>
      <param name="value">一致させるクレームの値。</param>
      <exception cref="T:System.ArgumentNullException">
        <paramref name="type" /> または <paramref name="value" /> が <see langword="null" /> です。</exception>
      <returns>一致する要求が存在する場合は <see langword="true" />。それ以外の場合は <see langword="false" />。</returns>
    </member>
    <member name="M:System.Security.Claims.ClaimsPrincipal.IsInRole(System.String)">
      <summary>この要求プリンシパルが表すエンティティ (ユーザー) が、指定したロールにあるかどうかを示す値を返します。</summary>
      <param name="role">確認するロール。</param>
      <returns>要求プリンシパルが指定したロールにある場合は <see langword="true" />。それ以外の場合は <see langword="false" />。</returns>
    </member>
    <member name="M:System.Security.Claims.ClaimsPrincipal.WriteTo(System.IO.BinaryWriter)">
      <summary>
        <see cref="T:System.IO.BinaryWriter" /> を使用してシリアル化します。</summary>
      <param name="writer">データ ストレージに使用するライター。</param>
      <exception cref="T:System.ArgumentNullException">
        <paramref name="writer" /> が <see langword="null" />です。</exception>
    </member>
    <member name="M:System.Security.Claims.ClaimsPrincipal.WriteTo(System.IO.BinaryWriter,System.Byte[])">
      <summary>
        <see cref="T:System.IO.BinaryWriter" /> を使用してシリアル化します。</summary>
      <param name="writer">データ ストレージに使用するライター。</param>
      <param name="userData">派生型によって提供される追加データ。</param>
      <exception cref="T:System.ArgumentNullException">
        <paramref name="writer" /> が <see langword="null" />です。</exception>
    </member>
    <member name="P:System.Security.Claims.ClaimsPrincipal.Claims">
      <summary>この要求プリンシパルと関連付けられているすべての要求 ID のすべての要求を含むコレクションを取得します。</summary>
      <returns>このプリンシパルに関連付けられた要求。</returns>
    </member>
    <member name="P:System.Security.Claims.ClaimsPrincipal.ClaimsPrincipalSelector">
      <summary>
        <see cref="P:System.Security.Claims.ClaimsPrincipal.Current" /> プロパティによって返される要求プリンシパルを選択するために使用するデリゲートを取得または設定します。</summary>
      <returns>デリゲート。 既定値は、<see langword="null" /> です。</returns>
    </member>
    <member name="P:System.Security.Claims.ClaimsPrincipal.Current">
      <summary>現在の要求プリンシパルを取得します。</summary>
      <returns>現在の要求プリンシパル。</returns>
    </member>
    <member name="P:System.Security.Claims.ClaimsPrincipal.CustomSerializationData">
      <summary>派生型によって提供される追加データが含まれています。 通常、<see cref="M:System.Security.Claims.ClaimsIdentity.WriteTo(System.IO.BinaryWriter,System.Byte[])" /> の呼び出し時に設定されます。</summary>
      <returns>
        <see cref="T:System.Byte" />追加のシリアル化されたデータを表す配列。</returns>
    </member>
    <member name="P:System.Security.Claims.ClaimsPrincipal.Identities">
      <summary>このクレーム プリンシパルと関連付けられているクレーム ID をすべて含むコレクションを取得します。</summary>
      <returns>クレーム ID のコレクション。</returns>
    </member>
    <member name="P:System.Security.Claims.ClaimsPrincipal.Identity">
      <summary>この要求プリンシパルに関連付けられたプライマリ要求 ID を取得します。</summary>
      <returns>この要求プリンシパルに関連付けられたプライマリ要求 ID。</returns>
    </member>
    <member name="P:System.Security.Claims.ClaimsPrincipal.PrimaryIdentitySelector">
      <summary>
        <see cref="P:System.Security.Claims.ClaimsPrincipal.Identity" /> プロパティによって返されるクレーム ID を選択するために使用するデリゲートを取得または設定します。</summary>
      <returns>デリゲート。 既定値は、<see langword="null" /> です。</returns>
    </member>
    <member name="T:System.Security.Claims.ClaimTypes">
      <summary>サブジェクトに割り当てることができる既知のクレーム タイプの定数を定義します。 このクラスは継承できません。</summary>
    </member>
    <member name="F:System.Security.Claims.ClaimTypes.Actor">
      <summary>アクターを指定するクレームの URI (<c>http://schemas.xmlsoap.org/ws/2009/09/identity/claims/actor</c>)。</summary>
    </member>
    <member name="F:System.Security.Claims.ClaimTypes.Anonymous">
      <summary>匿名ユーザーを指定するクレームの URI (<c>http://schemas.xmlsoap.org/ws/2005/05/identity/claims/anonymous</c>)。</summary>
    </member>
    <member name="F:System.Security.Claims.ClaimTypes.Authentication">
      <summary>ID が認証されたかどうかに関する詳細を指定するクレームの URI (<c>http://schemas.xmlsoap.org/ws/2005/05/identity/claims/authenticated</c>)。</summary>
    </member>
    <member name="F:System.Security.Claims.ClaimTypes.AuthenticationInstant">
      <summary>エンティティが認証された瞬間を指定するクレームの URI (<c>http://schemas.microsoft.com/ws/2008/06/identity/claims/authenticationinstant</c>)。</summary>
    </member>
    <member name="F:System.Security.Claims.ClaimTypes.AuthenticationMethod">
      <summary>エンティティが認証されたメソッドを指定するクレームの URI (<c>http://schemas.microsoft.com/ws/2008/06/identity/claims/authenticationmethod</c>)。</summary>
    </member>
    <member name="F:System.Security.Claims.ClaimTypes.AuthorizationDecision">
      <summary>エンティティに対する承認決定を指定するクレームの URI (<c>http://schemas.xmlsoap.org/ws/2005/05/identity/claims/authorizationdecision</c>)。</summary>
    </member>
    <member name="F:System.Security.Claims.ClaimTypes.CookiePath">
      <summary>cookie パスを指定するクレームの URI (<c>http://schemas.microsoft.com/ws/2008/06/identity/claims/cookiepath</c>)。</summary>
    </member>
    <member name="F:System.Security.Claims.ClaimTypes.Country">
      <summary>エンティティが存在する国/地域を指定するクレームの URI (<c>http://schemas.xmlsoap.org/ws/2005/05/identity/claims/country</c>)。</summary>
    </member>
    <member name="F:System.Security.Claims.ClaimTypes.DateOfBirth">
      <summary>エンティティの生年月日を指定するクレームの URI (<c>http://schemas.xmlsoap.org/ws/2005/05/identity/claims/dateofbirth</c>)。</summary>
    </member>
    <member name="F:System.Security.Claims.ClaimTypes.DenyOnlyPrimaryGroupSid">
      <summary>エンティティの拒否専用プライマリ グループ SID を指定するクレームの URI (<c>http://schemas.microsoft.com/ws/2008/06/identity/claims/denyonlyprimarygroupsid</c>)。 拒否専用 SID は、セキュリティで保護できるオブジェクトに対して指定されたエンティティを拒否します。</summary>
    </member>
    <member name="F:System.Security.Claims.ClaimTypes.DenyOnlyPrimarySid">
      <summary>エンティティの拒否専用プライマリ SID を指定するクレームの URI (<c>http://schemas.microsoft.com/ws/2008/06/identity/claims/denyonlyprimarysid</c>)。 拒否専用 SID は、セキュリティで保護できるオブジェクトに対して指定されたエンティティを拒否します。</summary>
    </member>
    <member name="F:System.Security.Claims.ClaimTypes.DenyOnlySid">
      <summary>エンティティの拒否専用のセキュリティ識別子 (SID) を指定するクレームの URI (<c>http://schemas.xmlsoap.org/ws/2005/05/identity/claims/denyonlysid</c>)。 拒否専用 SID は、セキュリティで保護できるオブジェクトに対して指定されたエンティティを拒否します。</summary>
    </member>
    <member name="F:System.Security.Claims.ClaimTypes.DenyOnlyWindowsDeviceGroup">
      <summary>デバイスの Windows 拒否専用グループ SID を指定するクレームの URI (<c>http://schemas.microsoft.com/ws/2008/06/identity/claims/denyonlywindowsdevicegroup</c>)。</summary>
    </member>
    <member name="F:System.Security.Claims.ClaimTypes.Dns">
      <summary>X.509 証明書のサブジェクトまたは発行者のコンピューター名または代替名と関連付けられた DNS 名を指定するクレームの URI (<c>http://schemas.xmlsoap.org/ws/2005/05/identity/claims/dns</c>)。</summary>
    </member>
    <member name="F:System.Security.Claims.ClaimTypes.Dsa">
      <summary>
        <c>http://schemas.microsoft.com/ws/2008/06/identity/claims/dsa</c>。</summary>
    </member>
    <member name="F:System.Security.Claims.ClaimTypes.Email">
      <summary>エンティティの電子メール アドレスを指定するクレームの URI (<c>http://schemas.xmlsoap.org/ws/2005/05/identity/claims/emailaddress</c>)。</summary>
    </member>
    <member name="F:System.Security.Claims.ClaimTypes.Expiration">
      <summary>
        <c>http://schemas.microsoft.com/ws/2008/06/identity/claims/expiration</c>。</summary>
    </member>
    <member name="F:System.Security.Claims.ClaimTypes.Expired">
      <summary>
        <c>http://schemas.microsoft.com/ws/2008/06/identity/claims/expired</c>。</summary>
    </member>
    <member name="F:System.Security.Claims.ClaimTypes.Gender">
      <summary>エンティティの性別を指定するクレームの URI (<c>http://schemas.xmlsoap.org/ws/2005/05/identity/claims/gender</c>)。</summary>
    </member>
    <member name="F:System.Security.Claims.ClaimTypes.GivenName">
      <summary>エンティティの名を指定するクレームの URI (<c>http://schemas.xmlsoap.org/ws/2005/05/identity/claims/givenname</c>)。</summary>
    </member>
    <member name="F:System.Security.Claims.ClaimTypes.GroupSid">
      <summary>エンティティのグループの SID を指定するクレームの URI (<c>http://schemas.microsoft.com/ws/2008/06/identity/claims/groupsid</c>)。</summary>
    </member>
    <member name="F:System.Security.Claims.ClaimTypes.Hash">
      <summary>ハッシュ値を指定するクレームの URI (<c>http://schemas.xmlsoap.org/ws/2005/05/identity/claims/hash</c>)。</summary>
    </member>
    <member name="F:System.Security.Claims.ClaimTypes.HomePhone">
      <summary>エンティティの自宅電話番号を指定するクレームの URI (<c>http://schemas.xmlsoap.org/ws/2005/05/identity/claims/homephone</c>)。</summary>
    </member>
    <member name="F:System.Security.Claims.ClaimTypes.IsPersistent">
      <summary>
        <c>http://schemas.microsoft.com/ws/2008/06/identity/claims/ispersistent</c>。</summary>
    </member>
    <member name="F:System.Security.Claims.ClaimTypes.Locality">
      <summary>エンティティが存在するロケールを指定するクレームの URI (<c>http://schemas.xmlsoap.org/ws/2005/05/identity/claims/locality</c>)。</summary>
    </member>
    <member name="F:System.Security.Claims.ClaimTypes.MobilePhone">
      <summary>エンティティの携帯電話番号を指定するクレームの URI (<c>http://schemas.xmlsoap.org/ws/2005/05/identity/claims/mobilephone</c>)。</summary>
    </member>
    <member name="F:System.Security.Claims.ClaimTypes.Name">
      <summary>エンティティの名前を指定するクレームの URI (<c>http://schemas.xmlsoap.org/ws/2005/05/identity/claims/name</c>)。</summary>
    </member>
    <member name="F:System.Security.Claims.ClaimTypes.NameIdentifier">
      <summary>エンティティの名前を指定するクレームの URI (<c>http://schemas.xmlsoap.org/ws/2005/05/identity/claims/nameidentifier</c>)。</summary>
    </member>
    <member name="F:System.Security.Claims.ClaimTypes.OtherPhone">
      <summary>エンティティの代替電話番号を指定するクレームの URI (<c>http://schemas.xmlsoap.org/ws/2005/05/identity/claims/otherphone</c>)。</summary>
    </member>
    <member name="F:System.Security.Claims.ClaimTypes.PostalCode">
      <summary>エンティティの郵便番号を指定するクレームの URI (<c>http://schemas.xmlsoap.org/ws/2005/05/identity/claims/postalcode</c>)。</summary>
    </member>
    <member name="F:System.Security.Claims.ClaimTypes.PrimaryGroupSid">
      <summary>エンティティのプライマリ グループ SID を指定するクレームの URI (<c>http://schemas.microsoft.com/ws/2008/06/identity/claims/primarygroupsid</c>)。</summary>
    </member>
    <member name="F:System.Security.Claims.ClaimTypes.PrimarySid">
      <summary>エンティティのプライマリ SID を指定するクレームの URI (<c>http://schemas.microsoft.com/ws/2008/06/identity/claims/primarysid</c>)。</summary>
    </member>
    <member name="F:System.Security.Claims.ClaimTypes.Role">
      <summary>エンティティのロールを指定するクレームの URI (<c>http://schemas.microsoft.com/ws/2008/06/identity/claims/role</c>)。</summary>
    </member>
    <member name="F:System.Security.Claims.ClaimTypes.Rsa">
      <summary>RSA キーを指定するクレームの URI (<c>http://schemas.xmlsoap.org/ws/2005/05/identity/claims/rsa</c>)。</summary>
    </member>
    <member name="F:System.Security.Claims.ClaimTypes.SerialNumber">
      <summary>シリアル番号を指定するクレームの URI (<c>http://schemas.microsoft.com/ws/2008/06/identity/claims/serialnumber</c>)。</summary>
    </member>
    <member name="F:System.Security.Claims.ClaimTypes.Sid">
      <summary>セキュリティ識別子 (SID) を指定するクレームの URI (<c>http://schemas.xmlsoap.org/ws/2005/05/identity/claims/sid</c>)。</summary>
    </member>
    <member name="F:System.Security.Claims.ClaimTypes.Spn">
      <summary>サービス プリンシパル名 (SPN) クレームを指定するクレームの URI (<c>http://schemas.xmlsoap.org/ws/2005/05/identity/claims/spn</c>)。</summary>
    </member>
    <member name="F:System.Security.Claims.ClaimTypes.StateOrProvince">
      <summary>エンティティが存在する都道府県を指定するクレームの URI (<c>http://schemas.xmlsoap.org/ws/2005/05/identity/claims/stateorprovince</c>)。</summary>
    </member>
    <member name="F:System.Security.Claims.ClaimTypes.StreetAddress">
      <summary>エンティティの番地を指定するクレームの URI (<c>http://schemas.xmlsoap.org/ws/2005/05/identity/claims/streetaddress</c>)。</summary>
    </member>
    <member name="F:System.Security.Claims.ClaimTypes.Surname">
      <summary>エンティティの姓を指定するクレームの URI (<c>http://schemas.xmlsoap.org/ws/2005/05/identity/claims/surname</c>)。</summary>
    </member>
    <member name="F:System.Security.Claims.ClaimTypes.System">
      <summary>システム エンティティを示すクレームの URI (<c>http://schemas.xmlsoap.org/ws/2005/05/identity/claims/system</c>)。</summary>
    </member>
    <member name="F:System.Security.Claims.ClaimTypes.Thumbprint">
      <summary>拇印を指定するクレームの URI (<c>http://schemas.xmlsoap.org/ws/2005/05/identity/claims/thumbprint</c>)。 拇印は、X.509 証明書のグローバルに一意な SHA-1 ハッシュです。</summary>
    </member>
    <member name="F:System.Security.Claims.ClaimTypes.Upn">
      <summary>ユーザー プリンシパル名 (UPN) を指定するクレームの URI (<c>http://schemas.xmlsoap.org/ws/2005/05/identity/claims/upn</c>)。</summary>
    </member>
    <member name="F:System.Security.Claims.ClaimTypes.Uri">
      <summary>URI を指定するクレームの URI (<c>http://schemas.xmlsoap.org/ws/2005/05/identity/claims/uri</c>)。</summary>
    </member>
    <member name="F:System.Security.Claims.ClaimTypes.UserData">
      <summary>ユーザー データを指定するクレームの URI (<c>http://schemas.microsoft.com/ws/2008/06/identity/claims/userdata</c>)。</summary>
    </member>
    <member name="F:System.Security.Claims.ClaimTypes.Version">
      <summary>バージョンを指定するクレームの URI (<c>http://schemas.microsoft.com/ws/2008/06/identity/claims/version</c>)。</summary>
    </member>
    <member name="F:System.Security.Claims.ClaimTypes.Webpage">
      <summary>エンティティの Web ページを指定するクレームの URI (<c>http://schemas.xmlsoap.org/ws/2005/05/identity/claims/webpage</c>)。</summary>
    </member>
    <member name="F:System.Security.Claims.ClaimTypes.WindowsAccountName">
      <summary>エンティティの Windows ドメイン アカウント名を指定するクレームの URI (<c>http://schemas.microsoft.com/ws/2008/06/identity/claims/windowsaccountname</c>)。</summary>
    </member>
    <member name="F:System.Security.Claims.ClaimTypes.WindowsDeviceClaim">
      <summary>
        <c>http://schemas.microsoft.com/ws/2008/06/identity/claims/windowsdeviceclaim</c>。</summary>
    </member>
    <member name="F:System.Security.Claims.ClaimTypes.WindowsDeviceGroup">
      <summary>デバイスの Windows グループ SID を指定するクレームの URI (<c>http://schemas.microsoft.com/ws/2008/06/identity/claims/windowsdevicegroup</c>)。</summary>
    </member>
    <member name="F:System.Security.Claims.ClaimTypes.WindowsFqbnVersion">
      <summary>
        <c>http://schemas.microsoft.com/ws/2008/06/identity/claims/windowsfqbnversion</c>。</summary>
    </member>
    <member name="F:System.Security.Claims.ClaimTypes.WindowsSubAuthority">
      <summary>
        <c>http://schemas.microsoft.com/ws/2008/06/identity/claims/windowssubauthority</c>。</summary>
    </member>
    <member name="F:System.Security.Claims.ClaimTypes.WindowsUserClaim">
      <summary>
        <c>http://schemas.microsoft.com/ws/2008/06/identity/claims/windowsuserclaim</c>。</summary>
    </member>
    <member name="F:System.Security.Claims.ClaimTypes.X500DistinguishedName">
      <summary>X.509 公開鍵証明書のサブジェクトまたはディレクトリ サービス Directory Information Tree (ディレクトリ情報ツリー) のエンティティ識別子など、X.500 識別名クレームの URI (<c>http://schemas.xmlsoap.org/ws/2005/05/identity/claims/x500distinguishedname</c>)。</summary>
    </member>
    <member name="T:System.Security.Claims.ClaimValueTypes">
      <summary>W3C および OASIS で定義されているタイプ URI に応じて、クレーム値のタイプを定義します。 このクラスは継承できません。</summary>
    </member>
    <member name="F:System.Security.Claims.ClaimValueTypes.Base64Binary">
      <summary>
        <see langword="base64Binary" /> XML データ型を表す URI。</summary>
    </member>
    <member name="F:System.Security.Claims.ClaimValueTypes.Base64Octet">
      <summary>
        <see langword="base64Octet" /> XML データ型を表す URI。</summary>
    </member>
    <member name="F:System.Security.Claims.ClaimValueTypes.Boolean">
      <summary>
        <see langword="boolean" /> XML データ型を表す URI。</summary>
    </member>
    <member name="F:System.Security.Claims.ClaimValueTypes.Date">
      <summary>
        <see langword="date" /> XML データ型を表す URI。</summary>
    </member>
    <member name="F:System.Security.Claims.ClaimValueTypes.DateTime">
      <summary>
        <see langword="dateTime" /> XML データ型を表す URI。</summary>
    </member>
    <member name="F:System.Security.Claims.ClaimValueTypes.DaytimeDuration">
      <summary>
        <see langword="daytimeDuration" /> XQuery データ型を表す URI。</summary>
    </member>
    <member name="F:System.Security.Claims.ClaimValueTypes.DnsName">
      <summary>
        <see langword="dns" /> SOAP データ型を表す URI。</summary>
    </member>
    <member name="F:System.Security.Claims.ClaimValueTypes.Double">
      <summary>
        <see langword="double" /> XML データ型を表す URI。</summary>
    </member>
    <member name="F:System.Security.Claims.ClaimValueTypes.DsaKeyValue">
      <summary>
        <see langword="DSAKeyValue" /> XML Signature データ型を表す URI。</summary>
    </member>
    <member name="F:System.Security.Claims.ClaimValueTypes.Email">
      <summary>
        <see langword="emailaddress" /> SOAP データ型を表す URI。</summary>
    </member>
    <member name="F:System.Security.Claims.ClaimValueTypes.Fqbn">
      <summary>
        <see langword="fqbn" /> XML データ型を表す URI。</summary>
    </member>
    <member name="F:System.Security.Claims.ClaimValueTypes.HexBinary">
      <summary>
        <see langword="hexBinary" /> XML データ型を表す URI。</summary>
    </member>
    <member name="F:System.Security.Claims.ClaimValueTypes.Integer">
      <summary>
        <see langword="integer" /> XML データ型を表す URI。</summary>
    </member>
    <member name="F:System.Security.Claims.ClaimValueTypes.Integer32">
      <summary>
        <see langword="integer32" /> XML データ型を表す URI。</summary>
    </member>
    <member name="F:System.Security.Claims.ClaimValueTypes.Integer64">
      <summary>
        <see langword="integer64" /> XML データ型を表す URI。</summary>
    </member>
    <member name="F:System.Security.Claims.ClaimValueTypes.KeyInfo">
      <summary>
        <see langword="KeyInfo" /> XML Signature データ型を表す URI。</summary>
    </member>
    <member name="F:System.Security.Claims.ClaimValueTypes.Rfc822Name">
      <summary>
        <see langword="rfc822Name" /> XACML 1.0 データ型を表す URI。</summary>
    </member>
    <member name="F:System.Security.Claims.ClaimValueTypes.Rsa">
      <summary>
        <see langword="rsa" /> SOAP データ型を表す URI。</summary>
    </member>
    <member name="F:System.Security.Claims.ClaimValueTypes.RsaKeyValue">
      <summary>
        <see langword="RSAKeyValue" /> XML Signature データ型を表す URI。</summary>
    </member>
    <member name="F:System.Security.Claims.ClaimValueTypes.Sid">
      <summary>
        <see langword="sid" /> XML データ型を表す URI。</summary>
    </member>
    <member name="F:System.Security.Claims.ClaimValueTypes.String">
      <summary>
        <see langword="string" /> XML データ型を表す URI。</summary>
    </member>
    <member name="F:System.Security.Claims.ClaimValueTypes.Time">
      <summary>
        <see langword="time" /> XML データ型を表す URI。</summary>
    </member>
    <member name="F:System.Security.Claims.ClaimValueTypes.UInteger32">
      <summary>
        <see langword="uinteger32" /> XML データ型を表す URI。</summary>
    </member>
    <member name="F:System.Security.Claims.ClaimValueTypes.UInteger64">
      <summary>
        <see langword="uinteger64" /> XML データ型を表す URI。</summary>
    </member>
    <member name="F:System.Security.Claims.ClaimValueTypes.UpnName">
      <summary>
        <see langword="UPN" /> SOAP データ型を表す URI。</summary>
    </member>
    <member name="F:System.Security.Claims.ClaimValueTypes.X500Name">
      <summary>
        <see langword="x500Name" /> XACML 1.0 データ型を表す URI。</summary>
    </member>
    <member name="F:System.Security.Claims.ClaimValueTypes.YearMonthDuration">
      <summary>
        <see langword="yearMonthDuration" /> XQuery データ型を表す URI。</summary>
    </member>
    <member name="T:System.Security.Principal.GenericIdentity">
      <summary>ジェネリック ユーザーを表します。</summary>
    </member>
    <member name="M:System.Security.Principal.GenericIdentity.#ctor(System.Security.Principal.GenericIdentity)">
      <summary>指定した <see cref="T:System.Security.Principal.GenericIdentity" /> オブジェクトを使用して、<see cref="T:System.Security.Principal.GenericIdentity" /> クラスの新しいインスタンスを初期化します。</summary>
      <param name="identity">
        <see cref="T:System.Security.Principal.GenericIdentity" /> の新しいインスタンスの生成元となるオブジェクト。</param>
    </member>
    <member name="M:System.Security.Principal.GenericIdentity.#ctor(System.String)">
      <summary>指定した名前のユーザーを表す <see cref="T:System.Security.Principal.GenericIdentity" /> クラスの新しいインスタンスを初期化します。</summary>
      <param name="name">コードが実行されている対象ユーザーの名前。</param>
      <exception cref="T:System.ArgumentNullException">
        <paramref name="name" /> パラメーターが <see langword="null" /> です。</exception>
    </member>
    <member name="M:System.Security.Principal.GenericIdentity.#ctor(System.String,System.String)">
      <summary>名前および認証の種類を指定して、ユーザーを表す <see cref="T:System.Security.Principal.GenericIdentity" /> クラスの新しいインスタンスを初期化します。</summary>
      <param name="name">コードが実行されている対象ユーザーの名前。</param>
      <param name="type">ユーザーを識別するために使用する認証の種類。</param>
      <exception cref="T:System.ArgumentNullException">
        <paramref name="name" /> パラメーターが <see langword="null" /> です。  
  
- または - 
<paramref name="type" /> パラメーターが <see langword="null" /> です。</exception>
    </member>
    <member name="M:System.Security.Principal.GenericIdentity.Clone">
      <summary>現在のインスタンスのコピーである新しいオブジェクトを作成します。</summary>
      <returns>現在のインスタンスのコピー。</returns>
    </member>
    <member name="P:System.Security.Principal.GenericIdentity.AuthenticationType">
      <summary>ユーザーを識別するために使用する認証の種類を取得します。</summary>
      <returns>ユーザーを識別するために使用する認証の種類。</returns>
    </member>
    <member name="P:System.Security.Principal.GenericIdentity.Claims">
      <summary>この汎用 ID によって表されるユーザーのすべてのクレームを取得します。</summary>
      <returns>この <see cref="T:System.Security.Principal.GenericIdentity" /> オブジェクトに対するクレームのコレクション。</returns>
    </member>
    <member name="P:System.Security.Principal.GenericIdentity.IsAuthenticated">
      <summary>ユーザーが認証されているかどうかを示す値を取得します。</summary>
      <returns>ユーザーが認証されている場合は <see langword="true" />。それ以外の場合は <see langword="false" />。</returns>
    </member>
    <member name="P:System.Security.Principal.GenericIdentity.Name">
      <summary>ユーザーの名前を取得します。</summary>
      <returns>コードが実行されている対象ユーザーの名前。</returns>
    </member>
    <member name="T:System.Security.Principal.GenericPrincipal">
      <summary>ジェネリック プリンシパルを表します。</summary>
    </member>
    <member name="M:System.Security.Principal.GenericPrincipal.#ctor(System.Security.Principal.IIdentity,System.String[])">
      <summary>ユーザー ID と、その ID によって表されるユーザーが所属するロール名の配列から、<see cref="T:System.Security.Principal.GenericPrincipal" /> クラスの新しいインスタンスを初期化します。</summary>
      <param name="identity">あらゆるユーザーを表す <see cref="T:System.Security.Principal.IIdentity" /> の基本的な実装。</param>
      <param name="roles">
        <paramref name="identity" /> パラメーターで表されるユーザーが所属するロール名の配列。</param>
      <exception cref="T:System.ArgumentNullException">
        <paramref name="identity" /> パラメーターが <see langword="null" /> です。</exception>
    </member>
    <member name="M:System.Security.Principal.GenericPrincipal.IsInRole(System.String)">
      <summary>現在の <see cref="T:System.Security.Principal.GenericPrincipal" /> が、指定したロールに属しているかどうかを確認します。</summary>
      <param name="role">メンバーシップを確認する対象のロールの名前。</param>
      <returns>現在の <see cref="T:System.Security.Principal.GenericPrincipal" /> が、指定したロールのメンバーの場合は <see langword="true" />。それ以外の場合は <see langword="false" />。</returns>
    </member>
    <member name="P:System.Security.Principal.GenericPrincipal.Identity">
      <summary>現在の <see cref="T:System.Security.Principal.GenericIdentity" /> によって表されるユーザーの <see cref="T:System.Security.Principal.GenericPrincipal" /> を取得します。</summary>
      <returns>
        <see cref="T:System.Security.Principal.GenericIdentity" /> によって表されるユーザーの <see cref="T:System.Security.Principal.GenericPrincipal" />。</returns>
    </member>
  </members>
</doc>