<doc>
  <assembly>
    <name>System.IO.Compression.ZipFile</name>
  </assembly>
  <members>
    <member name="T:System.IO.Compression.ZipFile">
      <summary>zip アーカイブの作成、抽出、および解凍の静的メソッドを提供します。</summary>
    </member>
    <member name="M:System.IO.Compression.ZipFile.CreateFromDirectory(System.String,System.String)">
      <summary>指定したディレクトリのファイルおよびディレクトリを含む zip アーカイブを作成します。</summary>
      <param name="sourceDirectoryName">アーカイブするディレクトリのパス。相対パスまたは絶対パスとして指定します。 相対パスは、現在の作業ディレクトリに対して相対的に解釈されます。</param>
      <param name="destinationArchiveFileName">作成するアーカイブのパス。相対パスまたは絶対パスとして指定します。 相対パスは、現在の作業ディレクトリに対して相対的に解釈されます。</param>
      <exception cref="T:System.ArgumentException">
        <paramref name="sourceDirectoryName" /> または <paramref name="destinationArchiveFileName" /> が <see cref="F:System.String.Empty" /> であるか、空白文字のみが含まれているか、無効な文字が少なくとも 1 つ含まれています。</exception>
      <exception cref="T:System.ArgumentNullException">
        <paramref name="sourceDirectoryName" /> または <paramref name="destinationArchiveFileName" /> が <see langword="null" /> です。</exception>
      <exception cref="T:System.IO.PathTooLongException">
        <paramref name="sourceDirectoryName" /> または <paramref name="destinationArchiveFileName" /> で、指定したパス、ファイル名、またはその両方がシステム定義の最大長を超えています。</exception>
      <exception cref="T:System.IO.DirectoryNotFoundException">
        <paramref name="sourceDirectoryName" /> が無効または存在しません (割り当てられていないドライブであるなど)。</exception>
      <exception cref="T:System.IO.IOException">
        <paramref name="destinationArchiveFileName" /> が既に存在します。  
  
- または - 
指定したディレクトリのファイルが開きませんでした。

- または -

アーカイブするファイルを開いているときに I/O エラーが発生しました。</exception>
      <exception cref="T:System.UnauthorizedAccessException">
        <paramref name="destinationArchiveFileName" /> がディレクトリを指定しています。  
  
- または - 
呼び出し元に <paramref name="sourceDirectoryName" /> で指定されたディレクトリまたは <paramref name="destinationArchiveFileName" /> で指定されたファイルにアクセスするために必要なアクセス許可がありません。</exception>
      <exception cref="T:System.NotSupportedException">
        <paramref name="sourceDirectoryName" /> または <paramref name="destinationArchiveFileName" /> に無効な書式が含まれています。  
  
- または - 
zip アーカイブは書き込みをサポートしません。</exception>
    </member>
    <member name="M:System.IO.Compression.ZipFile.CreateFromDirectory(System.String,System.String,System.IO.Compression.CompressionLevel,System.Boolean)">
      <summary>指定したディレクトリのファイルおよびディレクトリを含む zip アーカイブを作成し、指定した圧縮レベルを使用し、オプションでベース ディレクトリを含みます。</summary>
      <param name="sourceDirectoryName">アーカイブするディレクトリのパス。相対パスまたは絶対パスとして指定します。 相対パスは、現在の作業ディレクトリに対して相対的に解釈されます。</param>
      <param name="destinationArchiveFileName">作成するアーカイブのパス。相対パスまたは絶対パスとして指定します。 相対パスは、現在の作業ディレクトリに対して相対的に解釈されます。</param>
      <param name="compressionLevel">エントリの作成時に速度または圧縮の有効性を強調するかどうかを示す列挙値の 1 つ。</param>
      <param name="includeBaseDirectory">アーカイブのルートにある <paramref name="sourceDirectoryName" /> からのディレクトリ名を含める場合は <see langword="true" />。ディレクトリの内容のみを含める場合は <see langword="false" />。</param>
      <exception cref="T:System.ArgumentException">
        <paramref name="sourceDirectoryName" /> または <paramref name="destinationArchiveFileName" /> が <see cref="F:System.String.Empty" /> であるか、空白文字のみが含まれているか、無効な文字が少なくとも 1 つ含まれています。</exception>
      <exception cref="T:System.ArgumentNullException">
        <paramref name="sourceDirectoryName" /> または <paramref name="destinationArchiveFileName" /> が <see langword="null" /> です。</exception>
      <exception cref="T:System.IO.PathTooLongException">
        <paramref name="sourceDirectoryName" /> または <paramref name="destinationArchiveFileName" /> で、指定したパス、ファイル名、またはその両方がシステム定義の最大長を超えています。</exception>
      <exception cref="T:System.IO.DirectoryNotFoundException">
        <paramref name="sourceDirectoryName" /> が無効または存在しません (割り当てられていないドライブであるなど)。</exception>
      <exception cref="T:System.IO.IOException">
        <paramref name="destinationArchiveFileName" /> が既に存在します。  
  
- または - 
指定したディレクトリのファイルが開きませんでした。

- または -

アーカイブするファイルを開いているときに I/O エラーが発生しました。</exception>
      <exception cref="T:System.UnauthorizedAccessException">
        <paramref name="destinationArchiveFileName" /> がディレクトリを指定しています。  
  
- または - 
呼び出し元に <paramref name="sourceDirectoryName" /> で指定されたディレクトリまたは <paramref name="destinationArchiveFileName" /> で指定されたファイルにアクセスするために必要なアクセス許可がありません。</exception>
      <exception cref="T:System.NotSupportedException">
        <paramref name="sourceDirectoryName" /> または <paramref name="destinationArchiveFileName" /> に無効な書式が含まれています。  
  
- または - 
zip アーカイブは書き込みをサポートしません。</exception>
    </member>
    <member name="M:System.IO.Compression.ZipFile.CreateFromDirectory(System.String,System.String,System.IO.Compression.CompressionLevel,System.Boolean,System.Text.Encoding)">
      <summary>指定したディレクトリのファイルおよびディレクトリを含む zip アーカイブを作成し、指定した圧縮レベルとエントリ名の文字エンコーディングを使用し、オプションでベース ディレクトリを含みます。</summary>
      <param name="sourceDirectoryName">アーカイブするディレクトリのパス。相対パスまたは絶対パスとして指定します。 相対パスは、現在の作業ディレクトリに対して相対的に解釈されます。</param>
      <param name="destinationArchiveFileName">作成するアーカイブのパス。相対パスまたは絶対パスとして指定します。 相対パスは、現在の作業ディレクトリに対して相対的に解釈されます。</param>
      <param name="compressionLevel">エントリの作成時に速度または圧縮の有効性を強調するかどうかを示す列挙値の 1 つ。</param>
      <param name="includeBaseDirectory">アーカイブのルートにある <paramref name="sourceDirectoryName" /> からのディレクトリ名を含める場合は <see langword="true" />。ディレクトリの内容のみを含める場合は <see langword="false" />。</param>
      <param name="entryNameEncoding">このアーカイブのエントリ名の読み取りまたは書き込み時に使用するエンコード。 エントリ名の UTF-8 エンコードをサポートしない zip アーカイブ ツールとライブラリとの相互運用性のためにエンコードが必要な場合にのみ、このパラメーターの値を指定してください。</param>
      <exception cref="T:System.ArgumentException">
        <paramref name="sourceDirectoryName" /> または <paramref name="destinationArchiveFileName" /> が <see cref="F:System.String.Empty" /> であるか、空白文字のみが含まれているか、無効な文字が少なくとも 1 つ含まれています。  
  
- または - 
 <paramref name="entryNameEncoding" /> は UTF-8 以外の Unicode エンコーディングに設定されています。</exception>
      <exception cref="T:System.ArgumentNullException">
        <paramref name="sourceDirectoryName" /> または <paramref name="destinationArchiveFileName" /> が <see langword="null" /> です。</exception>
      <exception cref="T:System.IO.PathTooLongException">
        <paramref name="sourceDirectoryName" /> または <paramref name="destinationArchiveFileName" /> で、指定したパス、ファイル名、またはその両方がシステム定義の最大長を超えています。</exception>
      <exception cref="T:System.IO.DirectoryNotFoundException">
        <paramref name="sourceDirectoryName" /> が無効または存在しません (割り当てられていないドライブであるなど)。</exception>
      <exception cref="T:System.IO.IOException">
        <paramref name="destinationArchiveFileName" /> が既に存在します。  
  
- または - 
指定したディレクトリのファイルが開きませんでした。

- または -

アーカイブするファイルを開いているときに I/O エラーが発生しました。</exception>
      <exception cref="T:System.UnauthorizedAccessException">
        <paramref name="destinationArchiveFileName" /> がディレクトリを指定しています。  
  
- または - 
呼び出し元に <paramref name="sourceDirectoryName" /> で指定されたディレクトリまたは <paramref name="destinationArchiveFileName" /> で指定されたファイルにアクセスするために必要なアクセス許可がありません。</exception>
      <exception cref="T:System.NotSupportedException">
        <paramref name="sourceDirectoryName" /> または <paramref name="destinationArchiveFileName" /> に無効な書式が含まれています。  
  
- または - 
zip アーカイブは書き込みをサポートしません。</exception>
    </member>
    <member name="M:System.IO.Compression.ZipFile.ExtractToDirectory(System.String,System.String)">
      <summary>指定した zip アーカイブのすべてのファイルをファイル システムのディレクトリに抽出します。</summary>
      <param name="sourceArchiveFileName">抽出するアーカイブのパス。</param>
      <param name="destinationDirectoryName">抽出ファイルを置くディレクトリのパス。相対パスまたは絶対パスとして指定します。 相対パスは、現在の作業ディレクトリに対して相対的に解釈されます。</param>
      <exception cref="T:System.ArgumentException">
        <paramref name="destinationDirectoryName" /> または <paramref name="sourceArchiveFileName" /> が <see cref="F:System.String.Empty" /> であるか、空白文字のみが含まれているか、無効な文字が少なくとも 1 つ含まれています。</exception>
      <exception cref="T:System.ArgumentNullException">
        <paramref name="destinationDirectoryName" /> または <paramref name="sourceArchiveFileName" /> が <see langword="null" /> です。</exception>
      <exception cref="T:System.IO.PathTooLongException">
        <paramref name="destinationDirectoryName" /> または <paramref name="sourceArchiveFileName" /> の指定されたパスがシステムで定義されている最大長を超えています。</exception>
      <exception cref="T:System.IO.DirectoryNotFoundException">指定されたパスが正しくありません (たとえば、マップされていないドライブにあるなど)。</exception>
      <exception cref="T:System.IO.IOException">
        <paramref name="destinationDirectoryName" /> で指定されたディレクトリは既に存在します。  
  
- または - 
アーカイブ内のエントリの名前が <see cref="F:System.String.Empty" /> であるか、名前に空白だけが含まれているか、無効な文字が少なくとも 1 つ含まれています。  
  
- または - 
アーカイブ エントリを抽出すると、<paramref name="destinationDirectoryName" /> で指定されているディレクトリの外部にファイルが作成されます。 (たとえば、エントリ名に親ディレクトリのアクセサーが含まれている場合に発生する可能性があります。) 
- または - 
抽出するアーカイブ エントリの名前が、同じアーカイブから既に抽出したエントリと同じです。</exception>
      <exception cref="T:System.UnauthorizedAccessException">呼び出し元に、アーカイブまたは目的のディレクトリにアクセスするために必要な許可がありません。</exception>
      <exception cref="T:System.NotSupportedException">
        <paramref name="destinationDirectoryName" /> または <paramref name="sourceArchiveFileName" /> に無効な書式が含まれています。</exception>
      <exception cref="T:System.IO.FileNotFoundException">
        <paramref name="sourceArchiveFileName" /> が見つかりませんでした。</exception>
      <exception cref="T:System.IO.InvalidDataException">
        <paramref name="sourceArchiveFileName" /> で指定されたアーカイブが有効な zip アーカイブではありません。  
  
- または - 
アーカイブ エントリが見つからないか、破損しています。  
  
- または - 
アーカイブ エントリがサポートされていない圧縮方式を使用して圧縮されました。</exception>
    </member>
    <member name="M:System.IO.Compression.ZipFile.ExtractToDirectory(System.String,System.String,System.Boolean)">
      <summary>指定したアーカイブのすべてのファイルをファイル システムのディレクトリに抽出します。</summary>
      <param name="sourceArchiveFileName">抽出されるアーカイブへのファイル システム上のパス。</param>
      <param name="destinationDirectoryName">ファイル システム上のコピー先ディレクトリへのパス。 指定されたディレクトリは存在する必要がありませんが、含まれるディレクトリは存在する必要があります。</param>
      <param name="overwriteFiles">ファイルを上書きする場合は <see langword="true" />。それ以外の場合は <see langword="false" />。</param>
      <exception cref="T:System.ArgumentException">
        <paramref name="sourceArchiveFileName" /> または <paramref name="destinationDirectoryName" /> は長さ 0 の文字列で、空白のみが含まれるか、または <see cref="F:System.IO.Path.InvalidPathChars" /> で定義される 1 つまたは複数の無効な文字が含まれます。</exception>
      <exception cref="T:System.ArgumentNullException">
        <paramref name="sourceArchiveFileName" /> または <paramref name="destinationDirectoryName" /> が <see langword="null" /> です。</exception>
      <exception cref="T:System.IO.PathTooLongException">
        <paramref name="sourceArchiveFileName" /> または <paramref name="destinationDirectoryName" /> で、システム定義の最大長を超えるパス、ファイル名、またはその両方を指定します。</exception>
      <exception cref="T:System.IO.DirectoryNotFoundException">
        <paramref name="sourceArchiveFileName" /> または <paramref name="destinationDirectoryName" /> で指定されたパスが正しくありません (マップされていないドライブ上にあるなど)。</exception>
      <exception cref="T:System.IO.IOException">
        <paramref name="destinationDirectoryName" /> で指定されたディレクトリは既に存在します。

- または -

I/O エラーが発生しました。

- または -

<see cref="T:System.IO.Compression.ZipArchiveEntry" /> の名前は長さ 0 の文字列で、空白のみが含まれるか、または <see cref="F:System.IO.Path.InvalidPathChars" /> で定義される 1 つまたは複数の無効な文字が含まれます。

- または -

<see cref="T:System.IO.Compression.ZipArchiveEntry" /> を抽出すると、(親ディレクトリのアクセサーによってなど) コピー先のディレクトリの外部にあるターゲット ファイルが生成されます。

- または -

<see cref="T:System.IO.Compression.ZipArchiveEntry" /> には、同じアーカイブから既に抽出されたエントリと同じ名前が付けられています。</exception>
      <exception cref="T:System.UnauthorizedAccessException">呼び出し元に、必要なアクセス許可がありません。</exception>
      <exception cref="T:System.NotSupportedException">
        <paramref name="sourceArchiveFileName" /> または <paramref name="destinationDirectoryName" /> の形式が正しくありません。</exception>
      <exception cref="T:System.IO.FileNotFoundException">
        <paramref name="sourceArchiveFileName" /> が見つかりませんでした。</exception>
      <exception cref="T:System.IO.InvalidDataException">
        <paramref name="sourceArchiveFileName" /> で指定されたアーカイブが有効な <see cref="T:System.IO.Compression.ZipArchive" /> ではありません。

- または -

<see cref="T:System.IO.Compression.ZipArchiveEntry" /> が見つからないか、破損しています。

- または -

<see cref="T:System.IO.Compression.ZipArchiveEntry" /> は、サポートされていない圧縮方法を使用して圧縮されています。</exception>
    </member>
    <member name="M:System.IO.Compression.ZipFile.ExtractToDirectory(System.String,System.String,System.Text.Encoding)">
      <summary>指定した zip アーカイブのすべてのファイルをファイル システムのディレクトリに抽出し、エントリ名に指定した文字エンコーディングを使用します。</summary>
      <param name="sourceArchiveFileName">抽出するアーカイブのパス。</param>
      <param name="destinationDirectoryName">抽出ファイルを置くディレクトリのパス。相対パスまたは絶対パスとして指定します。 相対パスは、現在の作業ディレクトリに対して相対的に解釈されます。</param>
      <param name="entryNameEncoding">このアーカイブのエントリ名の読み取りまたは書き込み時に使用するエンコード。 エントリ名の UTF-8 エンコードをサポートしない zip アーカイブ ツールとライブラリとの相互運用性のためにエンコードが必要な場合にのみ、このパラメーターの値を指定してください。</param>
      <exception cref="T:System.ArgumentException">
        <paramref name="destinationDirectoryName" /> または <paramref name="sourceArchiveFileName" /> が <see cref="F:System.String.Empty" /> であるか、空白文字のみが含まれているか、無効な文字が少なくとも 1 つ含まれています。  
  
- または - 
 <paramref name="entryNameEncoding" /> は UTF-8 以外の Unicode エンコーディングに設定されています。</exception>
      <exception cref="T:System.ArgumentNullException">
        <paramref name="destinationDirectoryName" /> または <paramref name="sourceArchiveFileName" /> が <see langword="null" /> です。</exception>
      <exception cref="T:System.IO.PathTooLongException">
        <paramref name="destinationDirectoryName" /> または <paramref name="sourceArchiveFileName" /> の指定されたパスがシステムで定義されている最大長を超えています。</exception>
      <exception cref="T:System.IO.DirectoryNotFoundException">指定されたパスが正しくありません (たとえば、マップされていないドライブにあるなど)。</exception>
      <exception cref="T:System.IO.IOException">
        <paramref name="destinationDirectoryName" /> で指定されたディレクトリは既に存在します。  
  
- または - 
アーカイブ内のエントリの名前が <see cref="F:System.String.Empty" /> であるか、名前に空白だけが含まれているか、無効な文字が少なくとも 1 つ含まれています。  
  
- または - 
アーカイブ エントリを抽出すると、<paramref name="destinationDirectoryName" /> で指定されているディレクトリの外部にファイルが作成されます。 (たとえば、エントリ名に親ディレクトリのアクセサーが含まれている場合に発生する可能性があります。) 
- または - 
抽出するアーカイブ エントリの名前が、同じアーカイブから既に抽出したエントリと同じです。</exception>
      <exception cref="T:System.UnauthorizedAccessException">呼び出し元に、アーカイブまたは目的のディレクトリにアクセスするために必要な許可がありません。</exception>
      <exception cref="T:System.NotSupportedException">
        <paramref name="destinationDirectoryName" /> または <paramref name="sourceArchiveFileName" /> に無効な書式が含まれています。</exception>
      <exception cref="T:System.IO.FileNotFoundException">
        <paramref name="sourceArchiveFileName" /> が見つかりませんでした。</exception>
      <exception cref="T:System.IO.InvalidDataException">
        <paramref name="sourceArchiveFileName" /> で指定されたアーカイブが有効な zip アーカイブではありません。  
  
- または - 
アーカイブ エントリが見つからないか、破損しています。  
  
- または - 
アーカイブ エントリがサポートされていない圧縮方式を使用して圧縮されました。</exception>
    </member>
    <member name="M:System.IO.Compression.ZipFile.ExtractToDirectory(System.String,System.String,System.Text.Encoding,System.Boolean)">
      <summary>指定したアーカイブのすべてのファイルをファイル システムのディレクトリに抽出します。</summary>
      <param name="sourceArchiveFileName">抽出されるアーカイブへのファイル システム上のパス。</param>
      <param name="destinationDirectoryName">ファイル システム上のコピー先ディレクトリへのパス。 指定されたディレクトリは存在する必要がありませんが、含まれるディレクトリは存在する必要があります。</param>
      <param name="entryNameEncoding">この <see cref="T:System.IO.Compression.ZipArchive" /> のエントリ名の読み取り時に使用するエンコード。</param>
      <param name="overwriteFiles">ファイルを上書きする場合は <see langword="true" />。それ以外の場合は <see langword="false" />。</param>
      <exception cref="T:System.ArgumentException">
        <paramref name="sourceArchiveFileName" /> または <paramref name="destinationDirectoryName" /> は長さ 0 の文字列で、空白のみが含まれるか、または <see cref="F:System.IO.Path.InvalidPathChars" /> で定義される 1 つまたは複数の無効な文字が含まれます。
 
- または - 
 <paramref name="entryNameEncoding" /> は UTF-8 以外の Unicode エンコーディングに設定されています。</exception>
      <exception cref="T:System.ArgumentNullException">
        <paramref name="sourceArchiveFileName" /> または <paramref name="destinationDirectoryName" /> が <see langword="null" /> です。</exception>
      <exception cref="T:System.IO.PathTooLongException">
        <paramref name="sourceArchiveFileName" /> または <paramref name="destinationDirectoryName" /> で、システム定義の最大長を超えるパス、ファイル名、またはその両方を指定します。</exception>
      <exception cref="T:System.IO.DirectoryNotFoundException">
        <paramref name="sourceArchiveFileName" /> または <paramref name="destinationDirectoryName" /> で指定されたパスが正しくありません (マップされていないドライブ上にあるなど)。</exception>
      <exception cref="T:System.IO.IOException">
        <paramref name="destinationDirectoryName" /> で指定されたディレクトリは既に存在します。

- または -

I/O エラーが発生しました。

- または -

<see cref="T:System.IO.Compression.ZipArchiveEntry" /> の名前は長さ 0 の文字列で、空白のみが含まれるか、または <see cref="F:System.IO.Path.InvalidPathChars" /> で定義される 1 つまたは複数の無効な文字が含まれます。

- または -

<see cref="T:System.IO.Compression.ZipArchiveEntry" /> を抽出すると、(親ディレクトリのアクセサーによってなど) コピー先のディレクトリの外部にあるターゲット ファイルが生成されます。

- または -

<see cref="T:System.IO.Compression.ZipArchiveEntry" /> には、同じアーカイブから既に抽出されたエントリと同じ名前が付けられています。</exception>
      <exception cref="T:System.UnauthorizedAccessException">呼び出し元に、必要なアクセス許可がありません。</exception>
      <exception cref="T:System.NotSupportedException">
        <paramref name="sourceArchiveFileName" /> または <paramref name="destinationDirectoryName" /> の形式が正しくありません。</exception>
      <exception cref="T:System.IO.FileNotFoundException">
        <paramref name="sourceArchiveFileName" /> が見つかりませんでした。</exception>
      <exception cref="T:System.IO.InvalidDataException">
        <paramref name="sourceArchiveFileName" /> で指定されたアーカイブが有効な <see cref="T:System.IO.Compression.ZipArchive" /> ではありません。

- または -

アーカイブ エントリが見つからないか、破損しています。

- または -

サポートされていない圧縮方式を使用して、アーカイブ エントリが圧縮されています。</exception>
    </member>
    <member name="M:System.IO.Compression.ZipFile.Open(System.String,System.IO.Compression.ZipArchiveMode)">
      <summary>指定したパスとモードで zip アーカイブを開きます。</summary>
      <param name="archiveFileName">開くアーカイブのパス。相対パスまたは絶対パスとして指定します。 相対パスは、現在の作業ディレクトリに対して相対的に解釈されます。</param>
      <param name="mode">開いているアーカイブのエントリで許可されている操作を指定する列挙値の 1 つ。</param>
      <exception cref="T:System.ArgumentException">
        <paramref name="archiveFileName" /> が <see cref="F:System.String.Empty" /> か、空白のみが含まれているか、無効な文字が少なくとも 1 つ含まれています。</exception>
      <exception cref="T:System.ArgumentNullException">
        <paramref name="archiveFileName" /> が <see langword="null" />です。</exception>
      <exception cref="T:System.IO.PathTooLongException">
        <paramref name="archiveFileName" /> で、指定したパス、ファイル名、またはその両方がシステム定義の最大長を超えています。</exception>
      <exception cref="T:System.IO.DirectoryNotFoundException">
        <paramref name="archiveFileName" /> が無効または存在しません (割り当てられていないドライブであるなど)。</exception>
      <exception cref="T:System.IO.IOException">
        <paramref name="archiveFileName" /> を開けませんでした。  
  
- または - 
 <paramref name="mode" /> が <see cref="F:System.IO.Compression.ZipArchiveMode.Create" /> に設定されていますが、<paramref name="archiveFileName" /> に指定されたファイルが既に存在します。

- または -

ファイルを開くときに、指定されていない I/O エラーが発生しました。</exception>
      <exception cref="T:System.UnauthorizedAccessException">
        <paramref name="archiveFileName" /> がディレクトリを指定しています。  
  
- または - 
<paramref name="archiveFileName" /> で指定されたファイルにアクセスするために必要なアクセス許可が呼び出し元にありません。</exception>
      <exception cref="T:System.ArgumentOutOfRangeException">
        <paramref name="mode" /> に無効な値が指定されています。</exception>
      <exception cref="T:System.IO.FileNotFoundException">
        <paramref name="mode" /> が <see cref="F:System.IO.Compression.ZipArchiveMode.Read" /> に設定されていますが、<paramref name="archiveFileName" /> に指定されたファイルが見つかりません。</exception>
      <exception cref="T:System.NotSupportedException">
        <paramref name="archiveFileName" /> に無効な書式指定が格納されています。</exception>
      <exception cref="T:System.IO.InvalidDataException">
        <paramref name="archiveFileName" /> は zip アーカイブとして解釈できませんでした。  
  
- または - 
 <paramref name="mode" /> が <see cref="F:System.IO.Compression.ZipArchiveMode.Update" /> ですが、エントリが見つからないか、または破損していて読み取ることができません。  
  
- または - 
 <paramref name="mode" /> が <see cref="F:System.IO.Compression.ZipArchiveMode.Update" /> ですが、エントリが大きすぎてメモリに収まりません。</exception>
      <returns>開いている zip アーカイブ。</returns>
    </member>
    <member name="M:System.IO.Compression.ZipFile.Open(System.String,System.IO.Compression.ZipArchiveMode,System.Text.Encoding)">
      <summary>指定されたモードで、エントリ名に指定された文字エンコーディングを使用して指定されたパスの zip のアーカイブを開きます。</summary>
      <param name="archiveFileName">開くアーカイブのパス。相対パスまたは絶対パスとして指定します。 相対パスは、現在の作業ディレクトリに対して相対的に解釈されます。</param>
      <param name="mode">開いているアーカイブのエントリで許可されている操作を指定する列挙値の 1 つ。</param>
      <param name="entryNameEncoding">このアーカイブのエントリ名の読み取りまたは書き込み時に使用するエンコード。 エントリ名の UTF-8 エンコードをサポートしない zip アーカイブ ツールとライブラリとの相互運用性のためにエンコードが必要な場合にのみ、このパラメーターの値を指定してください。</param>
      <exception cref="T:System.ArgumentException">
        <paramref name="archiveFileName" /> が <see cref="F:System.String.Empty" /> か、空白のみが含まれているか、無効な文字が少なくとも 1 つ含まれています。  
  
- または - 
 <paramref name="entryNameEncoding" /> は UTF-8 以外の Unicode エンコーディングに設定されています。</exception>
      <exception cref="T:System.ArgumentNullException">
        <paramref name="archiveFileName" /> が <see langword="null" />です。</exception>
      <exception cref="T:System.IO.PathTooLongException">
        <paramref name="archiveFileName" /> で、指定したパス、ファイル名、またはその両方がシステム定義の最大長を超えています。</exception>
      <exception cref="T:System.IO.DirectoryNotFoundException">
        <paramref name="archiveFileName" /> が無効または存在しません (割り当てられていないドライブであるなど)。</exception>
      <exception cref="T:System.IO.IOException">
        <paramref name="archiveFileName" /> を開けませんでした。  
  
- または - 
 <paramref name="mode" /> が <see cref="F:System.IO.Compression.ZipArchiveMode.Create" /> に設定されていますが、<paramref name="archiveFileName" /> に指定されたファイルが既に存在します。

- または -

ファイルを開くときに、指定されていない I/O エラーが発生しました。</exception>
      <exception cref="T:System.UnauthorizedAccessException">
        <paramref name="archiveFileName" /> がディレクトリを指定しています。  
  
- または - 
<paramref name="archiveFileName" /> で指定されたファイルにアクセスするために必要なアクセス許可が呼び出し元にありません。</exception>
      <exception cref="T:System.ArgumentOutOfRangeException">
        <paramref name="mode" /> に無効な値が指定されています。</exception>
      <exception cref="T:System.IO.FileNotFoundException">
        <paramref name="mode" /> が <see cref="F:System.IO.Compression.ZipArchiveMode.Read" /> に設定されていますが、<paramref name="archiveFileName" /> に指定されたファイルが見つかりません。</exception>
      <exception cref="T:System.NotSupportedException">
        <paramref name="archiveFileName" /> に無効な書式指定が格納されています。</exception>
      <exception cref="T:System.IO.InvalidDataException">
        <paramref name="archiveFileName" /> は zip アーカイブとして解釈できませんでした。  
  
- または - 
 <paramref name="mode" /> が <see cref="F:System.IO.Compression.ZipArchiveMode.Update" /> ですが、エントリが見つからないか、または破損していて読み取ることができません。  
  
- または - 
 <paramref name="mode" /> が <see cref="F:System.IO.Compression.ZipArchiveMode.Update" /> ですが、エントリが大きすぎてメモリに収まりません。</exception>
      <returns>開いている zip アーカイブ。</returns>
    </member>
    <member name="M:System.IO.Compression.ZipFile.OpenRead(System.String)">
      <summary>指定されたパスで読み取りのための zip のアーカイブを開きます。</summary>
      <param name="archiveFileName">開くアーカイブのパス。相対パスまたは絶対パスとして指定します。 相対パスは、現在の作業ディレクトリに対して相対的に解釈されます。</param>
      <exception cref="T:System.ArgumentException">
        <paramref name="archiveFileName" /> が <see cref="F:System.String.Empty" /> か、空白のみが含まれているか、無効な文字が少なくとも 1 つ含まれています。</exception>
      <exception cref="T:System.ArgumentNullException">
        <paramref name="archiveFileName" /> が <see langword="null" />です。</exception>
      <exception cref="T:System.IO.PathTooLongException">
        <paramref name="archiveFileName" /> で、指定したパス、ファイル名、またはその両方がシステム定義の最大長を超えています。</exception>
      <exception cref="T:System.IO.DirectoryNotFoundException">
        <paramref name="archiveFileName" /> が無効または存在しません (割り当てられていないドライブであるなど)。</exception>
      <exception cref="T:System.IO.IOException">
        <paramref name="archiveFileName" /> を開けませんでした。

- または -

ファイルを開くときに、指定されていない I/O エラーが発生しました。</exception>
      <exception cref="T:System.UnauthorizedAccessException">
        <paramref name="archiveFileName" /> がディレクトリを指定しています。  
  
- または - 
<paramref name="archiveFileName" /> で指定されたファイルにアクセスするために必要なアクセス許可が呼び出し元にありません。</exception>
      <exception cref="T:System.IO.FileNotFoundException">
        <paramref name="archiveFileName" /> で指定されたファイルが見つかりません。</exception>
      <exception cref="T:System.NotSupportedException">
        <paramref name="archiveFileName" /> に無効な書式指定が格納されています。</exception>
      <exception cref="T:System.IO.InvalidDataException">
        <paramref name="archiveFileName" /> は zip アーカイブとして解釈できませんでした。</exception>
      <returns>開いている zip アーカイブ。</returns>
    </member>
    <member name="T:System.IO.Compression.ZipFileExtensions">
      <summary>
        <see cref="T:System.IO.Compression.ZipArchive" /> と <see cref="T:System.IO.Compression.ZipArchiveEntry" /> のクラスの拡張メソッドを提供します。</summary>
    </member>
    <member name="M:System.IO.Compression.ZipFileExtensions.CreateEntryFromFile(System.IO.Compression.ZipArchive,System.String,System.String)">
      <summary>圧縮し、zip アーカイブに追加することでファイルをアーカイブします。</summary>
      <param name="destination">ファイルに追加するzip アーカイブ。</param>
      <param name="sourceFileName">アーカイブするファイルへのパス。 相対パスと絶対パスのどちらかを指定することができます。 相対パスは、現在の作業ディレクトリに対して相対的に解釈されます。</param>
      <param name="entryName">zip アーカイブ内に作成するエントリの名前。</param>
      <exception cref="T:System.ArgumentException">
        <paramref name="sourceFileName" /> が <see cref="F:System.String.Empty" /> か、空白のみが含まれているか、無効な文字が少なくとも 1 つ含まれています。  
  
- または - 
 <paramref name="entryName" /> が <see cref="F:System.String.Empty" />です。</exception>
      <exception cref="T:System.ArgumentNullException">
        <paramref name="sourceFileName" /> または <paramref name="entryName" /> が <see langword="null" /> です。</exception>
      <exception cref="T:System.IO.PathTooLongException">
        <paramref name="sourceFileName" /> で、指定したパス、ファイル名、またはその両方がシステム定義の最大長を超えています。</exception>
      <exception cref="T:System.IO.DirectoryNotFoundException">
        <paramref name="sourceFileName" /> が有効ではありません (たとえば、マップされていないドライブにあるなど)。</exception>
      <exception cref="T:System.IO.IOException">
        <paramref name="sourceFileName" /> によって指定されたファイルは、開くことができないか、または大きすぎて更新できません (現在の制限は <see cref="F:System.Int32.MaxValue" />)。</exception>
      <exception cref="T:System.UnauthorizedAccessException">
        <paramref name="sourceFileName" /> がディレクトリを指定しています。  
  
- または - 
<paramref name="sourceFileName" /> によって指定されたファイルにアクセスするために必要なアクセス許可が呼び出し元にありません。</exception>
      <exception cref="T:System.IO.FileNotFoundException">
        <paramref name="sourceFileName" /> で指定されたファイルが見つかりません。</exception>
      <exception cref="T:System.NotSupportedException">
        <paramref name="sourceFileName" /> パラメーターの形式が正しくありません。  
  
- または - 
zip アーカイブは書き込みをサポートしません。</exception>
      <exception cref="T:System.ObjectDisposedException">zip アーカイブが破棄されました。</exception>
      <returns>zip アーカイブ内の新しいエントリのラッパー。</returns>
    </member>
    <member name="M:System.IO.Compression.ZipFileExtensions.CreateEntryFromFile(System.IO.Compression.ZipArchive,System.String,System.String,System.IO.Compression.CompressionLevel)">
      <summary>指定した圧縮レベルで圧縮し、zip アーカイブに追加することでファイルをアーカイブします。</summary>
      <param name="destination">ファイルに追加するzip アーカイブ。</param>
      <param name="sourceFileName">アーカイブするファイルへのパス。 相対パスと絶対パスのどちらかを指定することができます。 相対パスは、現在の作業ディレクトリに対して相対的に解釈されます。</param>
      <param name="entryName">zip アーカイブ内に作成するエントリの名前。</param>
      <param name="compressionLevel">エントリの作成時に速度または圧縮の有効性を強調するかどうかを示す列挙値の 1 つ。</param>
      <exception cref="T:System.ArgumentException">
        <paramref name="sourceFileName" /> が <see cref="F:System.String.Empty" /> か、空白のみが含まれているか、無効な文字が少なくとも 1 つ含まれています。  
  
- または - 
 <paramref name="entryName" /> が <see cref="F:System.String.Empty" />です。</exception>
      <exception cref="T:System.ArgumentNullException">
        <paramref name="sourceFileName" /> または <paramref name="entryName" /> が <see langword="null" /> です。</exception>
      <exception cref="T:System.IO.DirectoryNotFoundException">
        <paramref name="sourceFileName" /> が有効ではありません (たとえば、マップされていないドライブにあるなど)。</exception>
      <exception cref="T:System.IO.PathTooLongException">
        <paramref name="sourceFileName" /> で、指定したパス、ファイル名、またはその両方がシステム定義の最大長を超えています。</exception>
      <exception cref="T:System.IO.IOException">
        <paramref name="sourceFileName" /> によって指定されたファイルは、開くことができないか、または大きすぎて更新できません (現在の制限は <see cref="F:System.Int32.MaxValue" />)。</exception>
      <exception cref="T:System.UnauthorizedAccessException">
        <paramref name="sourceFileName" /> がディレクトリを指定しています。  
  
- または - 
<paramref name="sourceFileName" /> によって指定されたファイルにアクセスするために必要なアクセス許可が呼び出し元にありません。</exception>
      <exception cref="T:System.IO.FileNotFoundException">
        <paramref name="sourceFileName" /> で指定されたファイルが見つかりません。</exception>
      <exception cref="T:System.NotSupportedException">
        <paramref name="sourceFileName" /> パラメーターの形式が正しくありません。  
  
- または - 
zip アーカイブは書き込みをサポートしません。</exception>
      <exception cref="T:System.ObjectDisposedException">zip アーカイブが破棄されました。</exception>
      <returns>zip アーカイブ内の新しいエントリのラッパー。</returns>
    </member>
    <member name="M:System.IO.Compression.ZipFileExtensions.ExtractToDirectory(System.IO.Compression.ZipArchive,System.String)">
      <summary>zip アーカイブのすべてのファイルをファイル システムのディレクトリに抽出します。</summary>
      <param name="source">ファイルの抽出元である zip アーカイブ。</param>
      <param name="destinationDirectoryName">抽出ファイルを置くディレクトリのパス。 相対パスと絶対パスのどちらかを指定することができます。 相対パスは、現在の作業ディレクトリに対して相対的に解釈されます。</param>
      <exception cref="T:System.ArgumentException">
        <paramref name="destinationDirectoryName" /> が <see cref="F:System.String.Empty" /> か、空白のみが含まれているか、無効な文字が少なくとも 1 つ含まれています。</exception>
      <exception cref="T:System.ArgumentNullException">
        <paramref name="destinationDirectoryName" /> が <see langword="null" />です。</exception>
      <exception cref="T:System.IO.PathTooLongException">指定したパスがシステムで定義されている最大長を超えています。</exception>
      <exception cref="T:System.IO.DirectoryNotFoundException">指定されたパスが正しくありません (たとえば、マップされていないドライブにあるなど)。</exception>
      <exception cref="T:System.IO.IOException">
        <paramref name="destinationDirectoryName" /> で指定されたディレクトリは既に存在します。  
  
- または - 
アーカイブ内のエントリの名前が <see cref="F:System.String.Empty" /> であるか、名前に空白だけが含まれているか、無効な文字が少なくとも 1 つ含まれています。  
  
- または - 
アーカイブからエントリを抽出すると、<paramref name="destinationDirectoryName" /> で指定されているディレクトリの外部にファイルが作成されます。 (たとえば、エントリ名に親ディレクトリのアクセサーが含まれている場合に発生する可能性があります。) 
- または - 
アーカイブの 2 つ以上のエントリの名前が同じです。</exception>
      <exception cref="T:System.UnauthorizedAccessException">呼び出し元に、目的のディレクトリに書き込みするために必要な許可がありません。</exception>
      <exception cref="T:System.NotSupportedException">
        <paramref name="destinationDirectoryName" /> に無効な書式指定が格納されています。</exception>
      <exception cref="T:System.IO.InvalidDataException">アーカイブ エントリが見つからないか、破損しています。  
  
 - または -  
  
 アーカイブ エントリがサポートされていない圧縮方式を使用して圧縮されました。</exception>
    </member>
    <member name="M:System.IO.Compression.ZipFileExtensions.ExtractToDirectory(System.IO.Compression.ZipArchive,System.String,System.Boolean)">
      <summary>アーカイブのすべてのファイルをファイル システムのディレクトリに抽出します。</summary>
      <param name="source">抽出される <see cref="T:System.IO.Compression.ZipArchive" />。</param>
      <param name="destinationDirectoryName">ファイル システム上のコピー先ディレクトリへのパス。 相対パスと絶対パスのどちらでも構いません。 相対パスは、現在の作業ディレクトリに対して相対的に解釈されます。</param>
      <param name="overwriteFiles">既存のファイルが上書きされることを示す場合は <see langword="true" />。それ以外の場合は <see langword="false" />。</param>
      <exception cref="T:System.ArgumentException">
        <paramref name="destinationArchiveFileName" /> は長さ 0 の文字列で、空白のみが含まれるか、または <see cref="F:System.IO.Path.InvalidPathChars" /> で定義される 1 つまたは複数の無効な文字が含まれます。</exception>
      <exception cref="T:System.ArgumentNullException">
        <paramref name="destinationArchiveFileName" /> が <see langword="null" />です。</exception>
      <exception cref="T:System.IO.PathTooLongException">指定したパス、ファイル名、またはその両方がシステム定義の最大長を超えています。</exception>
      <exception cref="T:System.IO.DirectoryNotFoundException">指定されたパスが無効です (たとえば、マップされていないドライブにあるなど)。</exception>
      <exception cref="T:System.IO.IOException">
        <see cref="T:System.IO.Compression.ZipArchiveEntry" /> の名前は長さ 0 の文字列で、空白のみが含まれるか、または <see cref="F:System.IO.Path.InvalidPathChars" /> で定義される 1 つまたは複数の無効な文字が含まれます。

- または -

<see cref="T:System.IO.Compression.ZipArchiveEntry" /> を抽出すると、<paramref name="destinationArchiveFileName" /> の外部にあるターゲット ファイルが生成されます (たとえば、エントリ名に親ディレクトリのアクセサーが含まれている場合)。

- または -

<see cref="T:System.IO.Compression.ZipArchiveEntry" /> には、同じアーカイブから既に抽出されたエントリと同じ名前が付けられています。</exception>
      <exception cref="T:System.UnauthorizedAccessException">呼び出し元に、必要なアクセス許可がありません。</exception>
      <exception cref="T:System.NotSupportedException">
        <paramref name="destinationArchiveFileName" /> の形式が正しくありません。</exception>
      <exception cref="T:System.IO.InvalidDataException">
        <see cref="T:System.IO.Compression.ZipArchiveEntry" /> が見つからないか、破損しています。

- または -

<see cref="T:System.IO.Compression.ZipArchiveEntry" /> は、サポートされていない圧縮方法を使用して圧縮されています。</exception>
    </member>
    <member name="M:System.IO.Compression.ZipFileExtensions.ExtractToFile(System.IO.Compression.ZipArchiveEntry,System.String)">
      <summary>zip アーカイブのエントリをファイルに抽出します。</summary>
      <param name="source">ファイルを抽出する zip アーカイブ エントリ。</param>
      <param name="destinationFileName">エントリの内容から作成するファイルのパス。 相対パスまたは絶対パスを指定できます。 相対パスは、現在の作業ディレクトリに対して相対的に解釈されます。</param>
      <exception cref="T:System.ArgumentException">
        <paramref name="destinationFileName" /> は長さ 0 の文字列か、空白のみで構成されるか、または <see cref="F:System.IO.Path.InvalidPathChars" />で定義される 1 つ以上の正しくない文字を含んでいます。  
  
- または - 
 <paramref name="destinationFileName" /> がディレクトリを指定しています。</exception>
      <exception cref="T:System.ArgumentNullException">
        <paramref name="destinationFileName" /> が <see langword="null" />です。</exception>
      <exception cref="T:System.IO.PathTooLongException">指定したパス、ファイル名、またはその両方がシステム定義の最大長を超えています。</exception>
      <exception cref="T:System.IO.DirectoryNotFoundException">指定されたパスが正しくありません (たとえば、マップされていないドライブにあるなど)。</exception>
      <exception cref="T:System.IO.IOException">
        <paramref name="destinationFileName" /> が既に存在します。  
  
- または - 
I/O エラーが発生しました。  
  
- または - 
エントリは現在書き込み用に開かれています  
  
- または - 
エントリはアーカイブから削除されました。</exception>
      <exception cref="T:System.UnauthorizedAccessException">呼び出し元に、新しいファイルの作成に必要なアクセス許可がありません。</exception>
      <exception cref="T:System.IO.InvalidDataException">エントリがアーカイブにないか、または破損していて読み取ることができません。  
  
 - または -  
  
 サポートされていない圧縮方式を使用してエントリが圧縮されています。</exception>
      <exception cref="T:System.ObjectDisposedException">このエントリが属している zip アーカイブが破棄されました。</exception>
      <exception cref="T:System.NotSupportedException">
        <paramref name="destinationFileName" /> の形式が正しくありません。  
  
- または - 
このエントリの zip アーカイブが <see cref="F:System.IO.Compression.ZipArchiveMode.Create" /> モードで開かれています。このモードでは、エントリの取得が許可されません。</exception>
    </member>
    <member name="M:System.IO.Compression.ZipFileExtensions.ExtractToFile(System.IO.Compression.ZipArchiveEntry,System.String,System.Boolean)">
      <summary>zip アーカイブ内のエントリをファイルに抽出して、必要に応じて、同じ名前を持つ既存のファイルを上書きします。</summary>
      <param name="source">ファイルを抽出する zip アーカイブ エントリ。</param>
      <param name="destinationFileName">エントリの内容から作成するファイルのパス。 相対パスと絶対パスのどちらかを指定することができます。 相対パスは、現在の作業ディレクトリに対して相対的に解釈されます。</param>
      <param name="overwrite">宛先ファイルと同じ名前の既存のファイルを上書きする場合は <see langword="true" />。それ以外の場合は <see langword="false" />。</param>
      <exception cref="T:System.ArgumentException">
        <paramref name="destinationFileName" /> は長さ 0 の文字列か、空白のみで構成されるか、または <see cref="F:System.IO.Path.InvalidPathChars" />で定義される 1 つ以上の正しくない文字を含んでいます。  
  
- または - 
 <paramref name="destinationFileName" /> がディレクトリを指定しています。</exception>
      <exception cref="T:System.ArgumentNullException">
        <paramref name="destinationFileName" /> が <see langword="null" />です。</exception>
      <exception cref="T:System.IO.PathTooLongException">指定したパス、ファイル名、またはその両方がシステム定義の最大長を超えています。</exception>
      <exception cref="T:System.IO.DirectoryNotFoundException">指定されたパスが正しくありません (たとえば、マップされていないドライブにあるなど)。</exception>
      <exception cref="T:System.IO.IOException">
        <paramref name="destinationFileName" /> が既に存在し、<paramref name="overwrite" /> は <see langword="false" /> です。  
  
- または - 
I/O エラーが発生しました。  
  
- または - 
エントリは現在書き込み用に開かれています  
  
- または - 
エントリはアーカイブから削除されました。</exception>
      <exception cref="T:System.UnauthorizedAccessException">呼び出し元に、新しいファイルの作成に必要なアクセス許可がありません。</exception>
      <exception cref="T:System.IO.InvalidDataException">エントリがアーカイブにないか、破損して読み取ることができません。  
  
 - または -  
  
 サポートされていない圧縮方式を使用してエントリが圧縮されています。</exception>
      <exception cref="T:System.ObjectDisposedException">このエントリが属している zip アーカイブが破棄されました。</exception>
      <exception cref="T:System.NotSupportedException">
        <paramref name="destinationFileName" /> の形式が正しくありません。  
  
- または - 
このエントリの zip アーカイブが <see cref="F:System.IO.Compression.ZipArchiveMode.Create" /> モードで開かれています。このモードでは、エントリの取得が許可されません。</exception>
    </member>
  </members>
</doc>