<doc>
  <assembly>
    <name>System.Reflection.Emit.ILGeneration</name>
  </assembly>
  <members>
    <member name="T:System.Reflection.Emit.CustomAttributeBuilder">
      <summary>カスタム属性の構築を支援します。</summary>
    </member>
    <member name="M:System.Reflection.Emit.CustomAttributeBuilder.#ctor(System.Reflection.ConstructorInfo,System.Object[])">
      <summary>カスタム属性のコンストラクター、およびコンストラクターに渡す引数を指定して、<see langword="CustomAttributeBuilder" /> クラスのインスタンスを初期化します。</summary>
      <param name="con">カスタム属性のコンストラクター。</param>
      <param name="constructorArgs">カスタム属性のコンストラクターに渡す引数。</param>
      <exception cref="T:System.ArgumentException">
        <paramref name="con" /> が静的またはプライベートです。  
  
- または - 
指定した引数の数が、コンストラクターの呼び出し規約で求められるコンストラクターのパラメーターの数と一致しません。  
  
- または - 
指定した引数の型は、コンストラクターで宣言されているパラメーターの型と一致しません。  
  
- または - 
指定された引数が <see cref="T:System.String" /> または <see cref="T:System.Type" /> 以外の参照型です。</exception>
      <exception cref="T:System.ArgumentNullException">
        <paramref name="con" /> または <paramref name="constructorArgs" /> が <see langword="null" /> です。</exception>
    </member>
    <member name="M:System.Reflection.Emit.CustomAttributeBuilder.#ctor(System.Reflection.ConstructorInfo,System.Object[],System.Reflection.FieldInfo[],System.Object[])">
      <summary>カスタム属性のコンストラクター、そのコンストラクターの引数、および名前付きフィールドと値のペアのセットを指定して、<see langword="CustomAttributeBuilder" /> クラスのインスタンスを初期化します。</summary>
      <param name="con">カスタム属性のコンストラクター。</param>
      <param name="constructorArgs">カスタム属性のコンストラクターに渡す引数。</param>
      <param name="namedFields">カスタム属性の名前付きフィールド。</param>
      <param name="fieldValues">カスタム属性の名前付きフィールドの値。</param>
      <exception cref="T:System.ArgumentException">
        <paramref name="namedFields" /> 配列と <paramref name="fieldValues" /> 配列の長さが違います。  
  
- または - 
 <paramref name="con" /> が静的またはプライベートです。  
  
- または - 
指定した引数の数が、コンストラクターの呼び出し規約で求められるコンストラクターのパラメーターの数と一致しません。  
  
- または - 
指定した引数の型は、コンストラクターで宣言されているパラメーターの型と一致しません。  
  
- または - 
フィールド値の型が名前付きフィールドの型と一致しません。  
  
- または - 
フィールドが、コンストラクターと同じクラスまたは基本クラスに属していません。  
  
- または - 
指定された引数または名前付きフィールドが <see cref="T:System.String" /> または <see cref="T:System.Type" /> 以外の参照型です。</exception>
      <exception cref="T:System.ArgumentNullException">パラメーターの 1 つが <see langword="null" /> です。</exception>
    </member>
    <member name="M:System.Reflection.Emit.CustomAttributeBuilder.#ctor(System.Reflection.ConstructorInfo,System.Object[],System.Reflection.PropertyInfo[],System.Object[])">
      <summary>カスタム属性のコンストラクター、そのコンストラクターの引数、および名前付きプロパティまたは値のペアのセットを指定して、<see langword="CustomAttributeBuilder" /> クラスのインスタンスを初期化します。</summary>
      <param name="con">カスタム属性のコンストラクター。</param>
      <param name="constructorArgs">カスタム属性のコンストラクターに渡す引数。</param>
      <param name="namedProperties">カスタム属性の名前付きプロパティ。</param>
      <param name="propertyValues">カスタム属性の名前付きプロパティの値。</param>
      <exception cref="T:System.ArgumentException">
        <paramref name="namedProperties" /> 配列と <paramref name="propertyValues" /> 配列の長さが違います。  
  
- または - 
 <paramref name="con" /> が静的またはプライベートです。  
  
- または - 
指定した引数の数が、コンストラクターの呼び出し規約で求められるコンストラクターのパラメーターの数と一致しません。  
  
- または - 
指定した引数の型は、コンストラクターで宣言されているパラメーターの型と一致しません。  
  
- または - 
プロパティ値の型が名前付きプロパティの型と一致しません。  
  
- または - 
プロパティにセッター メソッドがありません。  
  
- または - 
プロパティが、コンストラクターと同じクラスまたは基本クラスに属していません。  
  
- または - 
指定された引数または名前付きプロパティが <see cref="T:System.String" /> または <see cref="T:System.Type" /> 以外の参照型です。</exception>
      <exception cref="T:System.ArgumentNullException">パラメーターの 1 つが <see langword="null" /> です。</exception>
    </member>
    <member name="M:System.Reflection.Emit.CustomAttributeBuilder.#ctor(System.Reflection.ConstructorInfo,System.Object[],System.Reflection.PropertyInfo[],System.Object[],System.Reflection.FieldInfo[],System.Object[])">
      <summary>カスタム属性のコンストラクター、そのコンストラクターの引数、名前付きプロパティまたは値のペアのセット、および名前付きフィールドまたは値のペアのセットを指定して、<see langword="CustomAttributeBuilder" /> クラスのインスタンスを初期化します。</summary>
      <param name="con">カスタム属性のコンストラクター。</param>
      <param name="constructorArgs">カスタム属性のコンストラクターに渡す引数。</param>
      <param name="namedProperties">カスタム属性の名前付きプロパティ。</param>
      <param name="propertyValues">カスタム属性の名前付きプロパティの値。</param>
      <param name="namedFields">カスタム属性の名前付きフィールド。</param>
      <param name="fieldValues">カスタム属性の名前付きフィールドの値。</param>
      <exception cref="T:System.ArgumentException">
        <paramref name="namedProperties" /> 配列と <paramref name="propertyValues" /> 配列の長さが違います。  
  
- または - 
<paramref name="namedFields" /> 配列と <paramref name="fieldValues" /> 配列の長さが違います。  
  
- または - 
 <paramref name="con" /> が静的またはプライベートです。  
  
- または - 
指定した引数の数が、コンストラクターの呼び出し規約で求められるコンストラクターのパラメーターの数と一致しません。  
  
- または - 
指定した引数の型は、コンストラクターで宣言されているパラメーターの型と一致しません。  
  
- または - 
プロパティ値の型が名前付きプロパティの型と一致しません。  
  
- または - 
フィールド値の型が、対応するフィールド型の型と一致しません。  
  
- または - 
プロパティにセッター メソッドがありません。  
  
- または - 
プロパティまたはフィールドが、コンストラクターと同じクラスまたは基本クラスに属していません。  
  
- または - 
指定された引数、名前付きプロパティ、または名前付きフィールドが <see cref="T:System.String" /> または <see cref="T:System.Type" /> 以外の参照型です。</exception>
      <exception cref="T:System.ArgumentNullException">パラメーターの 1 つが <see langword="null" /> です。</exception>
    </member>
    <member name="T:System.Reflection.Emit.ILGenerator">
      <summary>MSIL (Microsoft Intermediate Language) 命令を生成します。</summary>
    </member>
    <member name="M:System.Reflection.Emit.ILGenerator.BeginCatchBlock(System.Type)">
      <summary>Catch ブロックを開始します。</summary>
      <param name="exceptionType">例外を表す <see cref="T:System.Type" /> オブジェクト。</param>
      <exception cref="T:System.ArgumentException">catch ブロックは、フィルター処理された例外の内側にあります。</exception>
      <exception cref="T:System.ArgumentNullException">
        <paramref name="exceptionType" /> は <see langword="null" /> で、例外フィルター ブロックは、この catch ブロックが出現するまで finally ブロックが実行されることを示す値を返していません。</exception>
      <exception cref="T:System.NotSupportedException">生成されている MSIL (Microsoft intermediate language) は、現在例外ブロックに含まれていません。</exception>
    </member>
    <member name="M:System.Reflection.Emit.ILGenerator.BeginExceptFilterBlock">
      <summary>フィルター処理された例外の例外ブロックを開始します。</summary>
      <exception cref="T:System.NotSupportedException">生成されている MSIL (Microsoft intermediate language) は、現在例外ブロックに含まれていません。  
  
- または - 
この <see cref="T:System.Reflection.Emit.ILGenerator" /> は <see cref="T:System.Reflection.Emit.DynamicMethod" /> に属しています。</exception>
    </member>
    <member name="M:System.Reflection.Emit.ILGenerator.BeginExceptionBlock">
      <summary>フィルター処理されない例外の例外ブロックを開始します。</summary>
      <returns>ブロックの終了のラベル。 finally ブロックを実行する正しい位置、または試行を終了する正しい位置です。</returns>
    </member>
    <member name="M:System.Reflection.Emit.ILGenerator.BeginFaultBlock">
      <summary>MSIL (Microsoft Intermediate Language) ストリームで例外フォールト ブロックを開始します。</summary>
      <exception cref="T:System.NotSupportedException">生成されている MSIL (Microsoft Intermediate Language) は、現在例外ブロックに含まれていません。  
  
- または - 
この <see cref="T:System.Reflection.Emit.ILGenerator" /> は <see cref="T:System.Reflection.Emit.DynamicMethod" /> に属しています。</exception>
    </member>
    <member name="M:System.Reflection.Emit.ILGenerator.BeginFinallyBlock">
      <summary>MSIL (Microsoft Intermediate Language) 命令ストリームで finally ブロックを開始します。</summary>
      <exception cref="T:System.NotSupportedException">生成されている MSIL (Microsoft Intermediate Language) は、現在例外ブロックに含まれていません。</exception>
    </member>
    <member name="M:System.Reflection.Emit.ILGenerator.BeginScope">
      <summary>構文のスコープを開始します。</summary>
      <exception cref="T:System.NotSupportedException">この <see cref="T:System.Reflection.Emit.ILGenerator" /> は <see cref="T:System.Reflection.Emit.DynamicMethod" /> に属しています。</exception>
    </member>
    <member name="M:System.Reflection.Emit.ILGenerator.DeclareLocal(System.Type)">
      <summary>指定した型のローカル変数を宣言します。</summary>
      <param name="localType">ローカル変数の型を表す <see cref="T:System.Type" /> オブジェクト。</param>
      <exception cref="T:System.ArgumentNullException">
        <paramref name="localType" /> が <see langword="null" />です。</exception>
      <exception cref="T:System.InvalidOperationException">外側の型が <see cref="M:System.Reflection.Emit.TypeBuilder.CreateType" /> メソッドで作成されています。</exception>
      <returns>宣言されたローカル変数。</returns>
    </member>
    <member name="M:System.Reflection.Emit.ILGenerator.DeclareLocal(System.Type,System.Boolean)">
      <summary>指定した型のローカル変数を宣言し、オプションでその変数が参照するオブジェクトを固定します。</summary>
      <param name="localType">ローカル変数の型を表す <see cref="T:System.Type" /> オブジェクト。</param>
      <param name="pinned">メモリ内でオブジェクトを固定する場合は <see langword="true" />。それ以外の場合は <see langword="false" />。</param>
      <exception cref="T:System.ArgumentNullException">
        <paramref name="localType" /> が <see langword="null" />です。</exception>
      <exception cref="T:System.InvalidOperationException">外側の型が <see cref="M:System.Reflection.Emit.TypeBuilder.CreateType" /> メソッドで作成されています。  
  
- または - 
外側のメソッドのメソッド本体が <see cref="M:System.Reflection.Emit.MethodBuilder.CreateMethodBody(System.Byte[],System.Int32)" /> メソッドによって作成されています。</exception>
      <exception cref="T:System.NotSupportedException">この <see cref="T:System.Reflection.Emit.ILGenerator" /> が関連付けられているメソッドが、<see cref="T:System.Reflection.Emit.MethodBuilder" /> で表されていません。</exception>
      <returns>ローカル変数を表す <see cref="T:System.Reflection.Emit.LocalBuilder" /> オブジェクト。</returns>
    </member>
    <member name="M:System.Reflection.Emit.ILGenerator.DefineLabel">
      <summary>新しいラベルを宣言します。</summary>
      <returns>分岐のトークンとして使用できる新しいラベル。</returns>
    </member>
    <member name="M:System.Reflection.Emit.ILGenerator.Emit(System.Reflection.Emit.OpCode)">
      <summary>指定された命令を命令のストリームに書き込みます。</summary>
      <param name="opcode">ストリームに書き込む MSIL (Microsoft Intermediate Language) 命令。</param>
    </member>
    <member name="M:System.Reflection.Emit.ILGenerator.Emit(System.Reflection.Emit.OpCode,System.Byte)">
      <summary>命令の MSIL (Microsoft Intermediate Language) ストリームに、指定した命令と文字引数を書き込みます。</summary>
      <param name="opcode">ストリームに書き込む MSIL 命令。</param>
      <param name="arg">命令の直後にストリームに書き込む文字引数。</param>
    </member>
    <member name="M:System.Reflection.Emit.ILGenerator.Emit(System.Reflection.Emit.OpCode,System.Double)">
      <summary>命令の MSIL (Microsoft Intermediate Language) ストリームに、指定した命令と数値引数を書き込みます。</summary>
      <param name="opcode">ストリームに書き込む MSIL 命令。 <see langword="OpCodes" /> 列挙体で定義されます。</param>
      <param name="arg">命令の直後のストリームに書き込まれる数値引数。</param>
    </member>
    <member name="M:System.Reflection.Emit.ILGenerator.Emit(System.Reflection.Emit.OpCode,System.Int16)">
      <summary>命令の MSIL (Microsoft Intermediate Language) ストリームに、指定した命令と数値引数を書き込みます。</summary>
      <param name="opcode">ストリームに生成する MSIL 命令。</param>
      <param name="arg">命令の直後にストリームに格納する <see langword="Int" /> 引数。</param>
    </member>
    <member name="M:System.Reflection.Emit.ILGenerator.Emit(System.Reflection.Emit.OpCode,System.Int32)">
      <summary>命令の MSIL (Microsoft Intermediate Language) ストリームに、指定した命令と数値引数を書き込みます。</summary>
      <param name="opcode">ストリームに書き込む MSIL 命令。</param>
      <param name="arg">命令の直後のストリームに書き込まれる数値引数。</param>
    </member>
    <member name="M:System.Reflection.Emit.ILGenerator.Emit(System.Reflection.Emit.OpCode,System.Int64)">
      <summary>命令の MSIL (Microsoft Intermediate Language) ストリームに、指定した命令と数値引数を書き込みます。</summary>
      <param name="opcode">ストリームに書き込む MSIL 命令。</param>
      <param name="arg">命令の直後のストリームに書き込まれる数値引数。</param>
    </member>
    <member name="M:System.Reflection.Emit.ILGenerator.Emit(System.Reflection.Emit.OpCode,System.Reflection.ConstructorInfo)">
      <summary>命令の MSIL (Microsoft Intermediate Language) ストリームに、指定したコンストラクターの指定した命令とメタデータ トークンを書き込みます。</summary>
      <param name="opcode">ストリームに生成する MSIL 命令。</param>
      <param name="con">コンストラクターを表す <see langword="ConstructorInfo" />。</param>
      <exception cref="T:System.ArgumentNullException">
        <paramref name="con" /> が <see langword="null" />です。 この例外は、.NET Framework 4 の新しい例外です。</exception>
    </member>
    <member name="M:System.Reflection.Emit.ILGenerator.Emit(System.Reflection.Emit.OpCode,System.Reflection.Emit.Label)">
      <summary>指定された命令を MSIL (Microsoft Intermediate Language) ストリームに書き込み、位置を確定した後でラベルを格納する領域を残します。</summary>
      <param name="opcode">ストリームに生成する MSIL 命令。</param>
      <param name="label">この位置から分岐するラベル。</param>
    </member>
    <member name="M:System.Reflection.Emit.ILGenerator.Emit(System.Reflection.Emit.OpCode,System.Reflection.Emit.Label[])">
      <summary>指定された命令を MSIL (Microsoft Intermediate Language) ストリームに書き込み、位置を確定した後でラベルを格納する領域を残します。</summary>
      <param name="opcode">ストリームに生成する MSIL 命令。</param>
      <param name="labels">この位置から分岐するラベル オブジェクトの配列。 すべてのラベルが使用されます。</param>
      <exception cref="T:System.ArgumentNullException">
        <paramref name="con" /> が <see langword="null" />です。 この例外は、.NET Framework 4 の新しい例外です。</exception>
    </member>
    <member name="M:System.Reflection.Emit.ILGenerator.Emit(System.Reflection.Emit.OpCode,System.Reflection.Emit.LocalBuilder)">
      <summary>指定された命令を MSIL (Microsoft Intermediate Language) ストリームに書き込み、その後ろに指定されたローカル変数のインデックスを書き込みます。</summary>
      <param name="opcode">ストリームに生成する MSIL 命令。</param>
      <param name="local">ローカル変数。</param>
      <exception cref="T:System.ArgumentException">
        <paramref name="local" /> パラメーターの親メソッドが、この <see cref="T:System.Reflection.Emit.ILGenerator" /> に関連付けられたメソッドと一致しません。</exception>
      <exception cref="T:System.ArgumentNullException">
        <paramref name="local" /> が <see langword="null" />です。</exception>
      <exception cref="T:System.InvalidOperationException">
        <paramref name="opcode" /> は 1 バイトの命令で、<paramref name="local" /> は <see langword="Byte.MaxValue" /> を超えるインデックスのローカル変数を表します。</exception>
    </member>
    <member name="M:System.Reflection.Emit.ILGenerator.Emit(System.Reflection.Emit.OpCode,System.Reflection.Emit.SignatureHelper)">
      <summary>命令の MSIL (Microsoft Intermediate Language) ストリームに、指定した命令とシグネチャ トークンを書き込みます。</summary>
      <param name="opcode">ストリームに生成する MSIL 命令。</param>
      <param name="signature">シグネチャ トークンを構築するヘルパー。</param>
      <exception cref="T:System.ArgumentNullException">
        <paramref name="signature" /> が <see langword="null" />です。</exception>
    </member>
    <member name="M:System.Reflection.Emit.ILGenerator.Emit(System.Reflection.Emit.OpCode,System.Reflection.FieldInfo)">
      <summary>命令の MSIL (Microsoft Intermediate Language) ストリームに、指定したフィールドの指定した命令とメタデータ トークンを書き込みます。</summary>
      <param name="opcode">ストリームに生成する MSIL 命令。</param>
      <param name="field">フィールドを表す <see langword="FieldInfo" />。</param>
    </member>
    <member name="M:System.Reflection.Emit.ILGenerator.Emit(System.Reflection.Emit.OpCode,System.Reflection.MethodInfo)">
      <summary>指定された命令を MSIL ストリームに書き込み、その後ろに指定されたメソッドのメタデータ トークンを書き込みます。</summary>
      <param name="opcode">ストリームに生成する MSIL 命令。</param>
      <param name="meth">メソッドを表す <see langword="MethodInfo" />。</param>
      <exception cref="T:System.ArgumentNullException">
        <paramref name="meth" /> が <see langword="null" />です。</exception>
      <exception cref="T:System.NotSupportedException">
        <paramref name="meth" /> は、<see cref="P:System.Reflection.MethodBase.IsGenericMethodDefinition" /> プロパティが <see langword="false" /> のジェネリック メソッドです。</exception>
    </member>
    <member name="M:System.Reflection.Emit.ILGenerator.Emit(System.Reflection.Emit.OpCode,System.SByte)">
      <summary>命令の MSIL (Microsoft Intermediate Language) ストリームに、指定した命令と文字引数を書き込みます。</summary>
      <param name="opcode">ストリームに書き込む MSIL 命令。</param>
      <param name="arg">命令の直後にストリームに書き込む文字引数。</param>
    </member>
    <member name="M:System.Reflection.Emit.ILGenerator.Emit(System.Reflection.Emit.OpCode,System.Single)">
      <summary>命令の MSIL (Microsoft Intermediate Language) ストリームに、指定した命令と数値引数を書き込みます。</summary>
      <param name="opcode">ストリームに書き込む MSIL 命令。</param>
      <param name="arg">命令の直後にストリームに格納する <see cref="T:System.Single" /> 引数。</param>
    </member>
    <member name="M:System.Reflection.Emit.ILGenerator.Emit(System.Reflection.Emit.OpCode,System.String)">
      <summary>指定された命令を MSIL ストリームに書き込み、その後ろに指定された文字列のメタデータ トークンを書き込みます。</summary>
      <param name="opcode">ストリームに生成する MSIL 命令。</param>
      <param name="str">生成する <see langword="String" />。</param>
    </member>
    <member name="M:System.Reflection.Emit.ILGenerator.Emit(System.Reflection.Emit.OpCode,System.Type)">
      <summary>指定された命令を MSIL ストリームに書き込み、その後ろに指定された型のメタデータ トークンを書き込みます。</summary>
      <param name="opcode">ストリームに書き込む MSIL 命令。</param>
      <param name="cls">
        <see langword="Type" />。</param>
      <exception cref="T:System.ArgumentNullException">
        <paramref name="cls" /> が <see langword="null" />です。</exception>
    </member>
    <member name="M:System.Reflection.Emit.ILGenerator.EmitCall(System.Reflection.Emit.OpCode,System.Reflection.MethodInfo,System.Type[])">
      <summary>Microsoft intermediate language (MSIL) ストリームに、<see langword="varargs" /> メソッドを呼び出す <see langword="call" /> または <see langword="callvirt" /> 命令を配置します。</summary>
      <param name="opcode">ストリームに生成する MSIL 命令。 <see cref="F:System.Reflection.Emit.OpCodes.Call" />、<see cref="F:System.Reflection.Emit.OpCodes.Callvirt" />、または <see cref="F:System.Reflection.Emit.OpCodes.Newobj" /> にする必要があります。</param>
      <param name="methodInfo">呼び出される <see langword="varargs" /> メソッド。</param>
      <param name="optionalParameterTypes">メソッドが <see langword="varargs" /> メソッドの場合は、省略可能な引数の型。それ以外の場合は <see langword="null" />。</param>
      <exception cref="T:System.ArgumentException">
        <paramref name="opcode" /> はメソッド呼び出しを指定していません。</exception>
      <exception cref="T:System.ArgumentNullException">
        <paramref name="methodInfo" /> が <see langword="null" />です。</exception>
      <exception cref="T:System.InvalidOperationException">メソッドの呼び出し規約が <see langword="varargs" /> ではなく、省略可能なパラメーター型が使用されています。 .NET Framework バージョン 1.0 およびバージョン 1.1 では、この例外がスローされます。それ以降のバージョンでは、例外はスローされません。</exception>
    </member>
    <member name="M:System.Reflection.Emit.ILGenerator.EmitCalli(System.Reflection.Emit.OpCode,System.Reflection.CallingConventions,System.Type,System.Type[],System.Type[])">
      <summary>間接的な呼び出しにマネージド呼び出し規約を指定して、MSIL (Microsoft Intermediate Language) ストリームに <see cref="F:System.Reflection.Emit.OpCodes.Calli" /> 命令を書き込みます。</summary>
      <param name="opcode">ストリームに生成する MSIL 命令。 <see cref="F:System.Reflection.Emit.OpCodes.Calli" />である必要があります。</param>
      <param name="callingConvention">使用するマネージド呼び出し規則。</param>
      <param name="returnType">結果の <see cref="T:System.Type" />。</param>
      <param name="parameterTypes">命令に必要な引数の型。</param>
      <param name="optionalParameterTypes">
        <see langword="varargs" /> 呼び出しの省略可能な引数の型。</param>
      <exception cref="T:System.InvalidOperationException">
        <paramref name="optionalParameterTypes" /> が <see langword="null" /> でないにもかかわらず、<paramref name="callingConvention" /> に <see cref="F:System.Reflection.CallingConventions.VarArgs" /> フラグが含まれていません。</exception>
    </member>
    <member name="M:System.Reflection.Emit.ILGenerator.EmitCalli(System.Reflection.Emit.OpCode,System.Runtime.InteropServices.CallingConvention,System.Type,System.Type[])">
      <summary>間接的な呼び出しにアンマネージ呼び出し規約を指定して、MSIL (Microsoft Intermediate Language) ストリームに <see cref="F:System.Reflection.Emit.OpCodes.Calli" /> 命令を書き込みます。</summary>
      <param name="opcode">ストリームに生成する MSIL 命令。 <see cref="F:System.Reflection.Emit.OpCodes.Calli" />である必要があります。</param>
      <param name="unmanagedCallConv">使用するアンマネージ呼び出し規約。</param>
      <param name="returnType">結果の <see cref="T:System.Type" />。</param>
      <param name="parameterTypes">命令に必要な引数の型。</param>
    </member>
    <member name="M:System.Reflection.Emit.ILGenerator.EmitWriteLine(System.Reflection.Emit.LocalBuilder)">
      <summary>指定されたローカル変数で <see cref="Overload:System.Console.WriteLine" /> を呼び出すのに必要な Microsoft Intermediate Language (MSIL) を生成します。</summary>
      <param name="localBuilder">コンソールに値が書き込まれるローカル変数。</param>
      <exception cref="T:System.ArgumentException">
        <paramref name="localBuilder" /> の型は <see cref="T:System.Reflection.Emit.TypeBuilder" /> または <see cref="T:System.Reflection.Emit.EnumBuilder" /> で、これらはサポートされていません。  
  
- または - 
<paramref name="localBuilder" />の型を受け入れる <see cref="Overload:System.Console.WriteLine" /> のオーバーロードがありません。</exception>
      <exception cref="T:System.ArgumentNullException">
        <paramref name="localBuilder" /> が <see langword="null" />です。</exception>
    </member>
    <member name="M:System.Reflection.Emit.ILGenerator.EmitWriteLine(System.Reflection.FieldInfo)">
      <summary>指定したフィールドを使用して <see cref="Overload:System.Console.WriteLine" /> を呼び出すために必要な MSIL を生成します。</summary>
      <param name="fld">値がコンソールに書き込まれるフィールド。</param>
      <exception cref="T:System.ArgumentException">指定されたフィールドの型を受け取る <see cref="Overload:System.Console.WriteLine" /> メソッドのオーバーロードがありません。</exception>
      <exception cref="T:System.ArgumentNullException">
        <paramref name="fld" /> が <see langword="null" />です。</exception>
      <exception cref="T:System.NotSupportedException">フィールドの型が <see cref="T:System.Reflection.Emit.TypeBuilder" /> であるか、またはサポートされていない <see cref="T:System.Reflection.Emit.EnumBuilder" /> です。</exception>
    </member>
    <member name="M:System.Reflection.Emit.ILGenerator.EmitWriteLine(System.String)">
      <summary>文字列を使用して <see cref="Overload:System.Console.WriteLine" /> を呼び出す MSIL を生成します。</summary>
      <param name="value">出力する文字列。</param>
    </member>
    <member name="M:System.Reflection.Emit.ILGenerator.EndExceptionBlock">
      <summary>例外ブロックを終了します。</summary>
      <exception cref="T:System.InvalidOperationException">コード ストリームの予期しない場所で例外ブロックの終了が発生しました。</exception>
      <exception cref="T:System.NotSupportedException">生成されている MSIL (Microsoft intermediate language) は、現在例外ブロックに含まれていません。</exception>
    </member>
    <member name="M:System.Reflection.Emit.ILGenerator.EndScope">
      <summary>構文のスコープを終了します。</summary>
      <exception cref="T:System.NotSupportedException">この <see cref="T:System.Reflection.Emit.ILGenerator" /> は <see cref="T:System.Reflection.Emit.DynamicMethod" /> に属しています。</exception>
    </member>
    <member name="M:System.Reflection.Emit.ILGenerator.MarkLabel(System.Reflection.Emit.Label)">
      <summary>指定したラベルを使用して、MSIL (Microsoft Intermediate Language) ストリームの現在の位置をマークします。</summary>
      <param name="loc">インデックスを設定するラベル。</param>
      <exception cref="T:System.ArgumentException">
        <paramref name="loc" /> がラベル配列の無効なインデックスを表しています。  
  
- または - 
<paramref name="loc" /> のインデックスが既に定義されています。</exception>
    </member>
    <member name="M:System.Reflection.Emit.ILGenerator.ThrowException(System.Type)">
      <summary>例外をスローする命令を生成します。</summary>
      <param name="excType">スローする例外の型のクラス。</param>
      <exception cref="T:System.ArgumentException">
        <paramref name="excType" /> が <see cref="T:System.Exception" /> クラスではないか、または <see cref="T:System.Exception" /> の派生クラスではありません。  
  
- または - 
この型には、パラメーターなしのコンストラクターがありません。</exception>
      <exception cref="T:System.ArgumentNullException">
        <paramref name="excType" /> が <see langword="null" />です。</exception>
    </member>
    <member name="M:System.Reflection.Emit.ILGenerator.UsingNamespace(System.String)">
      <summary>現在のアクティブな構文のスコープのローカルとウォッチの評価で使用する名前空間を指定します。</summary>
      <param name="usingNamespace">現在のアクティブな構文のスコープのローカルとウォッチの評価で使用する名前空間。</param>
      <exception cref="T:System.ArgumentException">
        <paramref name="usingNamespace" /> の長さが 0 です。</exception>
      <exception cref="T:System.ArgumentNullException">
        <paramref name="usingNamespace" /> が <see langword="null" />です。</exception>
      <exception cref="T:System.NotSupportedException">この <see cref="T:System.Reflection.Emit.ILGenerator" /> は <see cref="T:System.Reflection.Emit.DynamicMethod" /> に属しています。</exception>
    </member>
    <member name="P:System.Reflection.Emit.ILGenerator.ILOffset">
      <summary>
        <see cref="T:System.Reflection.Emit.ILGenerator" /> によって生成されている MSIL (Microsoft Intermediate Language) ストリーム内の現在のオフセットをバイト単位で取得します。</summary>
      <returns>次の命令が出力される MSIL ストリーム内のオフセット。</returns>
    </member>
    <member name="T:System.Reflection.Emit.Label">
      <summary>命令ストリームのラベルを表します。 <see langword="Label" /> インターフェイスは、<see cref="T:System.Reflection.Emit.ILGenerator" /> クラスと組み合わせて使用します。</summary>
    </member>
    <member name="M:System.Reflection.Emit.Label.Equals(System.Object)">
      <summary>指定されたオブジェクトが <see langword="Label" /> のインスタンスで、このインスタンスと等しいかどうかを確認します。</summary>
      <param name="obj">この <see langword="Label" /> インスタンスと比較するオブジェクト。</param>
      <returns>
        <paramref name="obj" /> が <see langword="Label" /> のインスタンスで、このオブジェクトと等しい場合は <see langword="true" />。それ以外の場合は <see langword="false" />。</returns>
    </member>
    <member name="M:System.Reflection.Emit.Label.Equals(System.Reflection.Emit.Label)">
      <summary>現在のインスタンスが指定した <see cref="T:System.Reflection.Emit.Label" /> と等しいかどうかを示します。</summary>
      <param name="obj">現在のインスタンスと比較する対象の <see cref="T:System.Reflection.Emit.Label" />。</param>
      <returns>
        <paramref name="obj" /> の値が現在のインスタンスの値に等しい場合は <see langword="true" />。それ以外の場合は <see langword="false" />。</returns>
    </member>
    <member name="M:System.Reflection.Emit.Label.GetHashCode">
      <summary>このインスタンスのハッシュ コードを生成します。</summary>
      <returns>このインスタンスのハッシュ コード。</returns>
    </member>
    <member name="M:System.Reflection.Emit.Label.op_Equality(System.Reflection.Emit.Label,System.Reflection.Emit.Label)">
      <summary>2 つの <see cref="T:System.Reflection.Emit.Label" /> 構造体が等しいかどうかを示します。</summary>
      <param name="a">
        <paramref name="b" /> と比較する <see cref="T:System.Reflection.Emit.Label" />。</param>
      <param name="b">
        <paramref name="a" /> と比較する <see cref="T:System.Reflection.Emit.Label" />。</param>
      <returns>
        <see langword="true" /> が <paramref name="a" /> に等しい場合は <paramref name="b" />。それ以外の場合は <see langword="false" />。</returns>
    </member>
    <member name="M:System.Reflection.Emit.Label.op_Inequality(System.Reflection.Emit.Label,System.Reflection.Emit.Label)">
      <summary>2 つの <see cref="T:System.Reflection.Emit.Label" /> 構造体が等しくないかどうかを示します。</summary>
      <param name="a">
        <paramref name="b" /> と比較する <see cref="T:System.Reflection.Emit.Label" />。</param>
      <param name="b">
        <paramref name="a" /> と比較する <see cref="T:System.Reflection.Emit.Label" />。</param>
      <returns>
        <see langword="true" /> が <paramref name="a" /> と等しくない場合は <paramref name="b" />。それ以外の場合は <see langword="false" />。</returns>
    </member>
    <member name="T:System.Reflection.Emit.LocalBuilder">
      <summary>メソッドまたはコンストラクターのローカル変数を表します。</summary>
    </member>
    <member name="P:System.Reflection.Emit.LocalBuilder.IsPinned">
      <summary>ローカル変数によって参照されるオブジェクトがメモリに固定されているかどうかを示す値を取得します。</summary>
      <returns>ローカル変数によって参照されるオブジェクトがメモリに固定されている場合は <see langword="true" />。それ以外の場合は <see langword="false" />。</returns>
    </member>
    <member name="P:System.Reflection.Emit.LocalBuilder.LocalIndex">
      <summary>メソッド本体内のローカル変数の、0 から始まるインデックスを取得します。</summary>
      <returns>メソッド本体内のローカル変数の宣言順序を表す整数値。</returns>
    </member>
    <member name="P:System.Reflection.Emit.LocalBuilder.LocalType">
      <summary>ローカル変数の型を取得します。</summary>
      <returns>ローカル変数の <see cref="T:System.Type" />。</returns>
    </member>
    <member name="T:System.Reflection.Emit.ParameterBuilder">
      <summary>パラメーター情報の作成または関連付けを行います。</summary>
    </member>
    <member name="M:System.Reflection.Emit.ParameterBuilder.SetConstant(System.Object)">
      <summary>パラメーターの既定値を設定します。</summary>
      <param name="defaultValue">このパラメーターの既定値。</param>
      <exception cref="T:System.ArgumentException">パラメーターが、サポートされている型のいずれでもありません。  
  
- または - 
<paramref name="defaultValue" /> の型がパラメーターの型と一致しません。  
  
- または - 
パラメーターが <see cref="T:System.Object" /> 型または他の参照型であり、<paramref name="defaultValue" /> が <see langword="null" /> ではなく、値を参照型に割り当てることができません。</exception>
    </member>
    <member name="M:System.Reflection.Emit.ParameterBuilder.SetCustomAttribute(System.Reflection.ConstructorInfo,System.Byte[])">
      <summary>指定されたカスタム属性の blob を使用して、カスタム属性を設定します。</summary>
      <param name="con">カスタム属性のコンストラクター。</param>
      <param name="binaryAttribute">属性を表すバイト blob。</param>
      <exception cref="T:System.ArgumentNullException">
        <paramref name="con" /> または <paramref name="binaryAttribute" /> が <see langword="null" /> です。</exception>
    </member>
    <member name="M:System.Reflection.Emit.ParameterBuilder.SetCustomAttribute(System.Reflection.Emit.CustomAttributeBuilder)">
      <summary>カスタム属性ビルダーを使用して、カスタム属性を設定します。</summary>
      <param name="customBuilder">カスタム属性を定義するヘルパー クラスのインスタンス。</param>
      <exception cref="T:System.ArgumentNullException">
        <paramref name="con" /> が <see langword="null" />です。</exception>
    </member>
    <member name="P:System.Reflection.Emit.ParameterBuilder.Attributes">
      <summary>このパラメーターの属性を取得します。</summary>
      <returns>読み取り専用です。 このパラメーターの属性を取得します。</returns>
    </member>
    <member name="P:System.Reflection.Emit.ParameterBuilder.IsIn">
      <summary>入力パラメーターかどうかを取得します。</summary>
      <returns>読み取り専用です。 入力パラメーターかどうかを取得します。</returns>
    </member>
    <member name="P:System.Reflection.Emit.ParameterBuilder.IsOptional">
      <summary>パラメーターが省略可能かどうかを取得します。</summary>
      <returns>読み取り専用です。 パラメーターが省略可能かどうかを指定します。</returns>
    </member>
    <member name="P:System.Reflection.Emit.ParameterBuilder.IsOut">
      <summary>このパラメーターが出力パラメーターかどうかを取得します。</summary>
      <returns>読み取り専用です。 このパラメーターが出力パラメーターかどうかを取得します。</returns>
    </member>
    <member name="P:System.Reflection.Emit.ParameterBuilder.Name">
      <summary>このパラメーターの名前を取得します。</summary>
      <returns>読み取り専用です。 このパラメーターの名前を取得します。</returns>
    </member>
    <member name="P:System.Reflection.Emit.ParameterBuilder.Position">
      <summary>このパラメーターのシグネチャ位置を取得します。</summary>
      <returns>読み取り専用です。 このパラメーターのシグネチャ位置を取得します。</returns>
    </member>
    <member name="T:System.Reflection.Emit.SignatureHelper">
      <summary>シグネチャを構築するメソッドを提供します。</summary>
    </member>
    <member name="M:System.Reflection.Emit.SignatureHelper.AddArgument(System.Type)">
      <summary>シグネチャに引数を追加します。</summary>
      <param name="clsArgument">引数の型。</param>
      <exception cref="T:System.ArgumentException">シグネチャが既に完了しています。</exception>
      <exception cref="T:System.ArgumentNullException">
        <paramref name="clsArgument" /> が <see langword="null" />です。</exception>
    </member>
    <member name="M:System.Reflection.Emit.SignatureHelper.AddArgument(System.Type,System.Boolean)">
      <summary>シグネチャに指定した型の引数を追加して、引数が固定されるかどうかを指定します。</summary>
      <param name="argument">引数の型。</param>
      <param name="pinned">引数が固定される場合は <see langword="true" />。それ以外の場合は <see langword="false" />。</param>
      <exception cref="T:System.ArgumentNullException">
        <paramref name="argument" /> が <see langword="null" />です。</exception>
    </member>
    <member name="M:System.Reflection.Emit.SignatureHelper.AddArgument(System.Type,System.Type[],System.Type[])">
      <summary>指定したカスタム修飾子を使用して、シグネチャに引数を追加します。</summary>
      <param name="argument">引数の型。</param>
      <param name="requiredCustomModifiers">
        <see cref="T:System.Runtime.CompilerServices.IsConst" /> や <see cref="T:System.Runtime.CompilerServices.IsBoxed" /> などの、引数の必須のカスタム修飾子を表す型の配列。 引数に必須のカスタム修飾子がない場合は、<see langword="null" /> を指定します。</param>
      <param name="optionalCustomModifiers">
        <see cref="T:System.Runtime.CompilerServices.IsConst" /> や <see cref="T:System.Runtime.CompilerServices.IsBoxed" /> などの、引数のオプションのカスタム修飾子を表す型の配列。 引数にオプションのカスタム修飾子がない場合は、<see langword="null" /> を指定します。</param>
      <exception cref="T:System.ArgumentNullException">
        <paramref name="argument" /> が <see langword="null" />です。  
  
- または - 
<paramref name="requiredCustomModifiers" /> または <paramref name="optionalCustomModifiers" />の要素が <see langword="null" /> です。</exception>
      <exception cref="T:System.ArgumentException">シグネチャが既に完了しています。  
  
- または - 
指定したカスタム修飾子の 1 つが配列型です。  
  
- または - 
指定したカスタム修飾子の 1 つがオープン ジェネリック型です。 つまり、そのカスタム修飾子に対する <see cref="P:System.Type.ContainsGenericParameters" /> プロパティが <see langword="true" /> です。</exception>
    </member>
    <member name="M:System.Reflection.Emit.SignatureHelper.AddArguments(System.Type[],System.Type[][],System.Type[][])">
      <summary>指定したカスタム修飾子を使用して、シグネチャに引数のセットを追加します。</summary>
      <param name="arguments">追加する引数の型。</param>
      <param name="requiredCustomModifiers">型の配列の配列。 型の各配列は、<see cref="T:System.Runtime.CompilerServices.IsConst" /> や <see cref="T:System.Runtime.CompilerServices.IsBoxed" /> などの、対応する引数の必須のカスタム修飾子を表します。 特定の引数に必須のカスタム修飾子がない場合は、型の配列の代わりに <see langword="null" /> を指定します。 どの引数にも必須のカスタム修飾子がない場合は、配列の配列の代わりに <see langword="null" /> を指定します。</param>
      <param name="optionalCustomModifiers">型の配列の配列。 型の各配列は、<see cref="T:System.Runtime.CompilerServices.IsConst" /> や <see cref="T:System.Runtime.CompilerServices.IsBoxed" /> などの、対応する引数のオプションのカスタム修飾子を表します。 特定の引数にオプションのカスタム修飾子がない場合は、型の配列の代わりに <see langword="null" /> を指定します。 どの引数にもオプションのカスタム修飾子がない場合は、配列の配列の代わりに <see langword="null" /> を指定します。</param>
      <exception cref="T:System.ArgumentNullException">
        <paramref name="arguments" /> の要素は <see langword="null" /> です。  
  
- または - 
指定したカスタム修飾子の 1 つが <see langword="null" /> です。 ただし、<see langword="null" /> は、どの引数のカスタム修飾子の配列に対しても指定できます。</exception>
      <exception cref="T:System.ArgumentException">シグネチャが既に完了しています。  
  
- または - 
指定したカスタム修飾子の 1 つが配列型です。  
  
- または - 
指定したカスタム修飾子の 1 つがオープン ジェネリック型です。 つまり、そのカスタム修飾子に対する <see cref="P:System.Type.ContainsGenericParameters" /> プロパティが <see langword="true" /> です。  
  
- または - 
<paramref name="requiredCustomModifiers" /> または <paramref name="optionalCustomModifiers" /> のサイズは <paramref name="arguments" /> のサイズと同じではありません。</exception>
    </member>
    <member name="M:System.Reflection.Emit.SignatureHelper.AddSentinel">
      <summary>vararg の固定部分の終わりをマークします。 呼び出し元が vararg シグネチャ呼び出しサイトを作成する場合にだけ使用します。</summary>
    </member>
    <member name="M:System.Reflection.Emit.SignatureHelper.Equals(System.Object)">
      <summary>このインスタンスが、指定したオブジェクトと同一かどうかを確認します。</summary>
      <param name="obj">このインスタンスと比較するオブジェクト。</param>
      <returns>指定したオブジェクトが <see langword="SignatureHelper" /> で、同じシグネチャを表す場合は <see langword="true" />。それ以外の場合は <see langword="false" />。</returns>
    </member>
    <member name="M:System.Reflection.Emit.SignatureHelper.GetFieldSigHelper(System.Reflection.Module)">
      <summary>フィールドのシグネチャ ヘルパーを返します。</summary>
      <param name="mod">
        <see langword="SignatureHelper" /> を要求するフィールドが格納されている動的モジュール。</param>
      <returns>フィールドの <see langword="SignatureHelper" /> オブジェクト。</returns>
    </member>
    <member name="M:System.Reflection.Emit.SignatureHelper.GetHashCode">
      <summary>このインスタンスのハッシュ コードを作成し、返します。</summary>
      <returns>名前に基づいたハッシュ コード。</returns>
    </member>
    <member name="M:System.Reflection.Emit.SignatureHelper.GetLocalVarSigHelper">
      <summary>ローカル変数のシグネチャ ヘルパーを返します。</summary>
      <returns>ローカル変数の <see cref="T:System.Reflection.Emit.SignatureHelper" />。</returns>
    </member>
    <member name="M:System.Reflection.Emit.SignatureHelper.GetLocalVarSigHelper(System.Reflection.Module)">
      <summary>ローカル変数のシグネチャ ヘルパーを返します。</summary>
      <param name="mod">
        <see langword="SignatureHelper" /> を要求するローカル変数が格納されている動的モジュール。</param>
      <returns>ローカル変数の <see langword="SignatureHelper" /> オブジェクト。</returns>
    </member>
    <member name="M:System.Reflection.Emit.SignatureHelper.GetMethodSigHelper(System.Reflection.CallingConventions,System.Type)">
      <summary>メソッドの呼び出し規約、および戻り値の型を指定して、メソッドのシグネチャ ヘルパーを返します。</summary>
      <param name="callingConvention">メソッドの呼び出し規則。</param>
      <param name="returnType">メソッドの戻り値の型。戻り値の型が void (Visual Basic では <see langword="Sub" /> プロシージャ) である場合は <see langword="null" />。</param>
      <returns>メソッドの <see langword="SignatureHelper" /> オブジェクト。</returns>
    </member>
    <member name="M:System.Reflection.Emit.SignatureHelper.GetMethodSigHelper(System.Reflection.Module,System.Reflection.CallingConventions,System.Type)">
      <summary>メソッドのモジュール、呼び出し規約、戻り値の型を指定して、メソッドのシグネチャのヘルパーを返します。</summary>
      <param name="mod">
        <see langword="SignatureHelper" /> を要求するメソッドが格納されている <see cref="T:System.Reflection.Emit.ModuleBuilder" />。</param>
      <param name="callingConvention">メソッドの呼び出し規則。</param>
      <param name="returnType">メソッドの戻り値の型。戻り値の型が void (Visual Basic では <see langword="Sub" /> プロシージャ) である場合は <see langword="null" />。</param>
      <exception cref="T:System.ArgumentNullException">
        <paramref name="mod" /> が <see langword="null" />です。</exception>
      <exception cref="T:System.ArgumentException">
        <paramref name="mod" /> が <see cref="T:System.Reflection.Emit.ModuleBuilder" /> ではありません。</exception>
      <returns>メソッドの <see langword="SignatureHelper" /> オブジェクト。</returns>
    </member>
    <member name="M:System.Reflection.Emit.SignatureHelper.GetMethodSigHelper(System.Reflection.Module,System.Type,System.Type[])">
      <summary>標準の呼び出し規約を使用し、メソッドのモジュール、戻り値の型、および引数型を指定して、メソッドのシグネチャ ヘルパーを返します。</summary>
      <param name="mod">
        <see langword="SignatureHelper" /> を要求するメソッドが格納されている <see cref="T:System.Reflection.Emit.ModuleBuilder" />。</param>
      <param name="returnType">メソッドの戻り値の型。戻り値の型が void (Visual Basic では <see langword="Sub" /> プロシージャ) である場合は <see langword="null" />。</param>
      <param name="parameterTypes">メソッドの引数の型。メソッドに引数がない場合は <see langword="null" />。</param>
      <exception cref="T:System.ArgumentNullException">
        <paramref name="mod" /> が <see langword="null" />です。  
  
- または - 
<paramref name="parameterTypes" /> の要素は <see langword="null" /> です。</exception>
      <exception cref="T:System.ArgumentException">
        <paramref name="mod" /> が <see cref="T:System.Reflection.Emit.ModuleBuilder" /> ではありません。</exception>
      <returns>メソッドの <see langword="SignatureHelper" /> オブジェクト。</returns>
    </member>
    <member name="M:System.Reflection.Emit.SignatureHelper.GetPropertySigHelper(System.Reflection.Module,System.Reflection.CallingConventions,System.Type,System.Type[],System.Type[],System.Type[],System.Type[][],System.Type[][])">
      <summary>プロパティを格納している動的モジュール、呼び出し規約、プロパティの型、プロパティの引数、および戻り値の型と引数のカスタム修飾子を指定して、プロパティのシグネチャ ヘルパーを返します。</summary>
      <param name="mod">
        <see cref="T:System.Reflection.Emit.SignatureHelper" /> を要求するプロパティが格納されている <see cref="T:System.Reflection.Emit.ModuleBuilder" />。</param>
      <param name="callingConvention">プロパティ アクセサーの呼び出し規則。</param>
      <param name="returnType">プロパティの型。</param>
      <param name="requiredReturnTypeCustomModifiers">
        <see cref="T:System.Runtime.CompilerServices.IsConst" /> や <see cref="T:System.Runtime.CompilerServices.IsBoxed" /> などの、戻り値の型の必須のカスタム修飾子を表す型の配列。 戻り値の型が必須のカスタム修飾子を持たない場合は、<see langword="null" /> を指定します。</param>
      <param name="optionalReturnTypeCustomModifiers">
        <see cref="T:System.Runtime.CompilerServices.IsConst" /> や <see cref="T:System.Runtime.CompilerServices.IsBoxed" /> などの、戻り値の型のオプションのカスタム修飾子を表す型の配列。 戻り値の型に省略可能のカスタム修飾子がない場合は、<see langword="null" /> を指定します。</param>
      <param name="parameterTypes">プロパティの引数の型。プロパティに引数がない場合は <see langword="null" />。</param>
      <param name="requiredParameterTypeCustomModifiers">型の配列の配列。 型の各配列は、プロパティの対応する引数の必須のカスタム修飾子を表します。 特定の引数に必須のカスタム修飾子がない場合は、型の配列の代わりに <see langword="null" /> を指定します。 プロパティに引数がない場合、またはどの引数にも必須のカスタム修飾子がない場合は、配列の配列の代わりに <see langword="null" /> を指定します。</param>
      <param name="optionalParameterTypeCustomModifiers">型の配列の配列。 型の各配列は、プロパティの対応する引数のオプションのカスタム修飾子を表します。 特定の引数にオプションのカスタム修飾子がない場合は、型の配列の代わりに <see langword="null" /> を指定します。 プロパティに引数がない場合、またはどの引数にもオプションのカスタム修飾子がない場合は、配列の配列の代わりに <see langword="null" /> を指定します。</param>
      <exception cref="T:System.ArgumentNullException">
        <paramref name="mod" /> が <see langword="null" />です。  
  
- または - 
<paramref name="parameterTypes" /> の要素は <see langword="null" /> です。  
  
- または - 
指定したカスタム修飾子の 1 つが <see langword="null" /> です。 ただし、<see langword="null" /> は、どの引数のカスタム修飾子の配列に対しても指定できます。</exception>
      <exception cref="T:System.ArgumentException">シグネチャが既に完了しています。  
  
- または - 
 <paramref name="mod" /> が <see cref="T:System.Reflection.Emit.ModuleBuilder" /> ではありません。  
  
- または - 
指定したカスタム修飾子の 1 つが配列型です。  
  
- または - 
指定したカスタム修飾子の 1 つがオープン ジェネリック型です。 つまり、そのカスタム修飾子に対する <see cref="P:System.Type.ContainsGenericParameters" /> プロパティが <see langword="true" /> です。  
  
- または - 
<paramref name="requiredParameterTypeCustomModifiers" /> または <paramref name="optionalParameterTypeCustomModifiers" /> のサイズは <paramref name="parameterTypes" /> のサイズと同じではありません。</exception>
      <returns>プロパティの <see cref="T:System.Reflection.Emit.SignatureHelper" /> オブジェクト。</returns>
    </member>
    <member name="M:System.Reflection.Emit.SignatureHelper.GetPropertySigHelper(System.Reflection.Module,System.Type,System.Type[])">
      <summary>プロパティを格納している動的モジュール、プロパティの型、およびプロパティの引数を指定して、プロパティのシグネチャ ヘルパーを返します。</summary>
      <param name="mod">
        <see cref="T:System.Reflection.Emit.SignatureHelper" /> を要求するプロパティが格納されている <see cref="T:System.Reflection.Emit.ModuleBuilder" />。</param>
      <param name="returnType">プロパティの型。</param>
      <param name="parameterTypes">引数型。プロパティに引数がない場合は <see langword="null" />。</param>
      <exception cref="T:System.ArgumentNullException">
        <paramref name="mod" /> が <see langword="null" />です。  
  
- または - 
<paramref name="parameterTypes" /> の要素は <see langword="null" /> です。</exception>
      <exception cref="T:System.ArgumentException">
        <paramref name="mod" /> が <see cref="T:System.Reflection.Emit.ModuleBuilder" /> ではありません。</exception>
      <returns>プロパティの <see cref="T:System.Reflection.Emit.SignatureHelper" /> オブジェクト。</returns>
    </member>
    <member name="M:System.Reflection.Emit.SignatureHelper.GetPropertySigHelper(System.Reflection.Module,System.Type,System.Type[],System.Type[],System.Type[],System.Type[][],System.Type[][])">
      <summary>プロパティを格納している動的モジュール、プロパティの型、プロパティの引数、および戻り値の型と引数のカスタム修飾子を指定して、プロパティのシグネチャ ヘルパーを返します。</summary>
      <param name="mod">
        <see cref="T:System.Reflection.Emit.SignatureHelper" /> を要求するプロパティが格納されている <see cref="T:System.Reflection.Emit.ModuleBuilder" />。</param>
      <param name="returnType">プロパティの型。</param>
      <param name="requiredReturnTypeCustomModifiers">
        <see cref="T:System.Runtime.CompilerServices.IsConst" /> や <see cref="T:System.Runtime.CompilerServices.IsBoxed" /> などの、戻り値の型の必須のカスタム修飾子を表す型の配列。 戻り値の型が必須のカスタム修飾子を持たない場合は、<see langword="null" /> を指定します。</param>
      <param name="optionalReturnTypeCustomModifiers">
        <see cref="T:System.Runtime.CompilerServices.IsConst" /> や <see cref="T:System.Runtime.CompilerServices.IsBoxed" /> などの、戻り値の型のオプションのカスタム修飾子を表す型の配列。 戻り値の型に省略可能のカスタム修飾子がない場合は、<see langword="null" /> を指定します。</param>
      <param name="parameterTypes">プロパティの引数の型。プロパティに引数がない場合は <see langword="null" />。</param>
      <param name="requiredParameterTypeCustomModifiers">型の配列の配列。 型の各配列は、プロパティの対応する引数の必須のカスタム修飾子を表します。 特定の引数に必須のカスタム修飾子がない場合は、型の配列の代わりに <see langword="null" /> を指定します。 プロパティに引数がない場合、またはどの引数にも必須のカスタム修飾子がない場合は、配列の配列の代わりに <see langword="null" /> を指定します。</param>
      <param name="optionalParameterTypeCustomModifiers">型の配列の配列。 型の各配列は、プロパティの対応する引数のオプションのカスタム修飾子を表します。 特定の引数にオプションのカスタム修飾子がない場合は、型の配列の代わりに <see langword="null" /> を指定します。 プロパティに引数がない場合、またはどの引数にもオプションのカスタム修飾子がない場合は、配列の配列の代わりに <see langword="null" /> を指定します。</param>
      <exception cref="T:System.ArgumentNullException">
        <paramref name="mod" /> が <see langword="null" />です。  
  
- または - 
<paramref name="parameterTypes" /> の要素は <see langword="null" /> です。  
  
- または - 
指定したカスタム修飾子の 1 つが <see langword="null" /> です。 ただし、<see langword="null" /> は、どの引数のカスタム修飾子の配列に対しても指定できます。</exception>
      <exception cref="T:System.ArgumentException">シグネチャが既に完了しています。  
  
- または - 
 <paramref name="mod" /> が <see cref="T:System.Reflection.Emit.ModuleBuilder" /> ではありません。  
  
- または - 
指定したカスタム修飾子の 1 つが配列型です。  
  
- または - 
指定したカスタム修飾子の 1 つがオープン ジェネリック型です。 つまり、そのカスタム修飾子に対する <see cref="P:System.Type.ContainsGenericParameters" /> プロパティが <see langword="true" /> です。  
  
- または - 
<paramref name="requiredParameterTypeCustomModifiers" /> または <paramref name="optionalParameterTypeCustomModifiers" /> のサイズは <paramref name="parameterTypes" /> のサイズと同じではありません。</exception>
      <returns>プロパティの <see cref="T:System.Reflection.Emit.SignatureHelper" /> オブジェクト。</returns>
    </member>
    <member name="M:System.Reflection.Emit.SignatureHelper.GetSignature">
      <summary>シグネチャに終了トークンを追加し、シグネチャが完成したことを示します。これ以降、トークンは追加できません。</summary>
      <returns>完全なシグネチャで構成されるバイト配列。</returns>
    </member>
    <member name="M:System.Reflection.Emit.SignatureHelper.ToString">
      <summary>シグネチャの引数を表す文字列を返します。</summary>
      <returns>このシグネチャの引数を表す文字列。</returns>
    </member>
  </members>
</doc>