<doc>
  <assembly>
    <name>System.Collections.NonGeneric</name>
  </assembly>
  <members>
    <member name="T:System.Collections.CaseInsensitiveComparer">
      <summary>2 つのオブジェクトが等しいかどうかを比較します。比較時には文字列の大文字と小文字は区別されません。</summary>
    </member>
    <member name="M:System.Collections.CaseInsensitiveComparer.#ctor">
      <summary>現在のスレッドの <see cref="T:System.Collections.CaseInsensitiveComparer" /> を使用して、<see cref="P:System.Threading.Thread.CurrentCulture" /> クラスの新しいインスタンスを初期化します。</summary>
    </member>
    <member name="M:System.Collections.CaseInsensitiveComparer.#ctor(System.Globalization.CultureInfo)">
      <summary>指定した <see cref="T:System.Globalization.CultureInfo" /> を使用して <see cref="T:System.Collections.CaseInsensitiveComparer" /> クラスの新しいインスタンスを初期化します。</summary>
      <param name="culture">新しい <see cref="T:System.Globalization.CultureInfo" /> で使用する <see cref="T:System.Collections.CaseInsensitiveComparer" />。</param>
      <exception cref="T:System.ArgumentNullException">
        <paramref name="culture" /> が <see langword="null" />です。</exception>
    </member>
    <member name="M:System.Collections.CaseInsensitiveComparer.Compare(System.Object,System.Object)">
      <summary>同じ型の 2 つのオブジェクトに対して大文字小文字を区別しない比較を実行し、一方が他方よりも小さいか、等しいか、大きいかを示す値を返します。</summary>
      <param name="a">比較する最初のオブジェクト。</param>
      <param name="b">比較する 2 番目のオブジェクト。</param>
      <exception cref="T:System.ArgumentException">
        <paramref name="a" /> と <paramref name="b" /> が、いずれも <see cref="T:System.IComparable" /> インターフェイスを実装していません。  
  
- または - 
 <paramref name="a" /> と <paramref name="b" /> の型が異なります。</exception>
      <returns>
        <paramref name="a" /> と <paramref name="b" /> の相対値を示す符号付き整数。次の表を参照してください。  
  
 <list type="table"><listheader><term> [値]</term><description> 説明</description></listheader><item><term> 0 より小さい値</term><description><paramref name="a" /> が <paramref name="b" /> より小さい。大文字と小文字は区別されません。</description></item><item><term> ゼロ</term><description><paramref name="a" /> と <paramref name="b" /> は等しい。大文字と小文字は区別されません。</description></item><item><term> 0 より大きい値</term><description><paramref name="a" /> が <paramref name="b" /> より大きい。大文字と小文字は区別されません。</description></item></list></returns>
    </member>
    <member name="P:System.Collections.CaseInsensitiveComparer.Default">
      <summary>現在のスレッドの <see cref="T:System.Collections.CaseInsensitiveComparer" /> に関連付けられた、常に使用できる <see cref="P:System.Threading.Thread.CurrentCulture" /> のインスタンスを取得します。</summary>
      <returns>現在のスレッドの <see cref="T:System.Collections.CaseInsensitiveComparer" /> に関連付けられた <see cref="P:System.Threading.Thread.CurrentCulture" /> のインスタンス。</returns>
    </member>
    <member name="P:System.Collections.CaseInsensitiveComparer.DefaultInvariant">
      <summary>
        <see cref="T:System.Collections.CaseInsensitiveComparer" /> に関連付けられた、常に使用できる <see cref="P:System.Globalization.CultureInfo.InvariantCulture" /> のインスタンスを取得します。</summary>
      <returns>
        <see cref="T:System.Collections.CaseInsensitiveComparer" /> に関連付けられた <see cref="P:System.Globalization.CultureInfo.InvariantCulture" /> のインスタンス。</returns>
    </member>
    <member name="T:System.Collections.CaseInsensitiveHashCodeProvider">
      <summary>文字列の大文字と小文字を区別しないハッシュ アルゴリズムを使用して、オブジェクトのハッシュ コードを提供します。</summary>
    </member>
    <member name="M:System.Collections.CaseInsensitiveHashCodeProvider.#ctor">
      <summary>現在のスレッドの <see cref="T:System.Collections.CaseInsensitiveHashCodeProvider" /> を使用して、<see cref="P:System.Threading.Thread.CurrentCulture" /> クラスの新しいインスタンスを初期化します。</summary>
    </member>
    <member name="M:System.Collections.CaseInsensitiveHashCodeProvider.#ctor(System.Globalization.CultureInfo)">
      <summary>指定した <see cref="T:System.Globalization.CultureInfo" /> を使用して <see cref="T:System.Collections.CaseInsensitiveHashCodeProvider" /> クラスの新しいインスタンスを初期化します。</summary>
      <param name="culture">新しい <see cref="T:System.Globalization.CultureInfo" /> で使用する <see cref="T:System.Collections.CaseInsensitiveHashCodeProvider" />。</param>
      <exception cref="T:System.ArgumentNullException">
        <paramref name="culture" /> が <see langword="null" />です。</exception>
    </member>
    <member name="M:System.Collections.CaseInsensitiveHashCodeProvider.GetHashCode(System.Object)">
      <summary>文字列の大文字と小文字を区別しないハッシュ アルゴリズムを使用して、特定のオブジェクトのハッシュ コードを返します。</summary>
      <param name="obj">ハッシュ コードが返される対象の <see cref="T:System.Object" />。</param>
      <exception cref="T:System.ArgumentNullException">
        <paramref name="obj" /> が <see langword="null" />です。</exception>
      <returns>文字列の大文字と小文字を区別しないハッシュ アルゴリズムを使用した、特定のオブジェクトのハッシュ コード。</returns>
    </member>
    <member name="P:System.Collections.CaseInsensitiveHashCodeProvider.Default">
      <summary>現在のスレッドの <see cref="T:System.Collections.CaseInsensitiveHashCodeProvider" /> に関連付けられた、常に使用できる <see cref="P:System.Threading.Thread.CurrentCulture" /> のインスタンスを取得します。</summary>
      <returns>現在のスレッドの <see cref="T:System.Collections.CaseInsensitiveHashCodeProvider" /> に関連付けられた <see cref="P:System.Threading.Thread.CurrentCulture" /> のインスタンス。</returns>
    </member>
    <member name="P:System.Collections.CaseInsensitiveHashCodeProvider.DefaultInvariant">
      <summary>
        <see cref="T:System.Collections.CaseInsensitiveHashCodeProvider" /> に関連付けられた、常に使用できる <see cref="P:System.Globalization.CultureInfo.InvariantCulture" /> のインスタンスを取得します。</summary>
      <returns>
        <see cref="T:System.Collections.CaseInsensitiveHashCodeProvider" /> に関連付けられた <see cref="P:System.Globalization.CultureInfo.InvariantCulture" /> のインスタンス。</returns>
    </member>
    <member name="T:System.Collections.CollectionBase">
      <summary>厳密に型指定されたコレクションの <see langword="abstract" /> 基底クラスを提供します。</summary>
    </member>
    <member name="M:System.Collections.CollectionBase.#ctor">
      <summary>既定の初期量を使用して、<see cref="T:System.Collections.CollectionBase" /> クラスの新しいインスタンスを初期化します。</summary>
    </member>
    <member name="M:System.Collections.CollectionBase.#ctor(System.Int32)">
      <summary>指定された容量を使用して <see cref="T:System.Collections.CollectionBase" /> クラスの新しいインスタンスを初期化します。</summary>
      <param name="capacity">新しいリストに格納できる要素の数。</param>
    </member>
    <member name="M:System.Collections.CollectionBase.Clear">
      <summary>
        <see cref="T:System.Collections.CollectionBase" /> インスタンスからすべてのオブジェクトを削除します。 このメソッドはオーバーライドできません。</summary>
    </member>
    <member name="M:System.Collections.CollectionBase.GetEnumerator">
      <summary>
        <see cref="T:System.Collections.CollectionBase" /> インスタンスを反復処理する列挙子を返します。</summary>
      <returns>
        <see cref="T:System.Collections.IEnumerator" /> インスタンスの <see cref="T:System.Collections.CollectionBase" />。</returns>
    </member>
    <member name="M:System.Collections.CollectionBase.OnClear">
      <summary>
        <see cref="T:System.Collections.CollectionBase" /> インスタンスの内容を消去しているときに、追加のカスタム プロセスを実行します。</summary>
    </member>
    <member name="M:System.Collections.CollectionBase.OnClearComplete">
      <summary>
        <see cref="T:System.Collections.CollectionBase" /> インスタンスの内容を消去した後に、追加のカスタム プロセスを実行します。</summary>
    </member>
    <member name="M:System.Collections.CollectionBase.OnInsert(System.Int32,System.Object)">
      <summary>
        <see cref="T:System.Collections.CollectionBase" /> インスタンスに新しい要素を挿入する前に、追加のカスタム プロセスを実行します。</summary>
      <param name="index">
        <paramref name="value" />を挿入する位置の、0 以上のインデックス。</param>
      <param name="value">
        <paramref name="index" /> にある要素の新しい値。</param>
    </member>
    <member name="M:System.Collections.CollectionBase.OnInsertComplete(System.Int32,System.Object)">
      <summary>
        <see cref="T:System.Collections.CollectionBase" /> インスタンスに新しい要素を挿入した後に、追加のカスタム プロセスを実行します。</summary>
      <param name="index">
        <paramref name="value" />を挿入する位置の、0 以上のインデックス。</param>
      <param name="value">
        <paramref name="index" /> にある要素の新しい値。</param>
    </member>
    <member name="M:System.Collections.CollectionBase.OnRemove(System.Int32,System.Object)">
      <summary>
        <see cref="T:System.Collections.CollectionBase" /> インスタンスから要素を削除するときに、追加のカスタム プロセスを実行します。</summary>
      <param name="index">
        <paramref name="value" /> が存在する位置の、0 以上のインデックス番号。</param>
      <param name="value">
        <paramref name="index" /> から削除する要素の値。</param>
    </member>
    <member name="M:System.Collections.CollectionBase.OnRemoveComplete(System.Int32,System.Object)">
      <summary>
        <see cref="T:System.Collections.CollectionBase" /> インスタンスから要素を削除した後に、追加のカスタム プロセスを実行します。</summary>
      <param name="index">
        <paramref name="value" /> が存在する位置の、0 以上のインデックス番号。</param>
      <param name="value">
        <paramref name="index" /> から削除する要素の値。</param>
    </member>
    <member name="M:System.Collections.CollectionBase.OnSet(System.Int32,System.Object,System.Object)">
      <summary>
        <see cref="T:System.Collections.CollectionBase" /> インスタンスに値を設定する前に、追加のカスタム プロセスを実行します。</summary>
      <param name="index">
        <paramref name="oldValue" /> が存在する位置の、0 以上のインデックス番号。</param>
      <param name="oldValue">
        <paramref name="newValue" /> で置換する値。</param>
      <param name="newValue">
        <paramref name="index" /> にある要素の新しい値。</param>
    </member>
    <member name="M:System.Collections.CollectionBase.OnSetComplete(System.Int32,System.Object,System.Object)">
      <summary>
        <see cref="T:System.Collections.CollectionBase" /> インスタンスに値を設定した後に、追加のカスタム プロセスを実行します。</summary>
      <param name="index">
        <paramref name="oldValue" /> が存在する位置の、0 以上のインデックス番号。</param>
      <param name="oldValue">
        <paramref name="newValue" /> で置換する値。</param>
      <param name="newValue">
        <paramref name="index" /> にある要素の新しい値。</param>
    </member>
    <member name="M:System.Collections.CollectionBase.OnValidate(System.Object)">
      <summary>値を検証するときに、追加のカスタム プロセスを実行します。</summary>
      <param name="value">検証対象のオブジェクト。</param>
      <exception cref="T:System.ArgumentNullException">
        <paramref name="value" /> が <see langword="null" />です。</exception>
    </member>
    <member name="M:System.Collections.CollectionBase.RemoveAt(System.Int32)">
      <summary>
        <see cref="T:System.Collections.CollectionBase" /> インスタンスの指定したインデックスにある要素を削除します。 このメソッドはオーバーライドできません。</summary>
      <param name="index">削除する要素の、0 から始まるインデックス番号。</param>
      <exception cref="T:System.ArgumentOutOfRangeException">
        <paramref name="index" /> が 0 未満です。  
  
- または - 
 <paramref name="index" /> が <see cref="P:System.Collections.CollectionBase.Count" /> 以上になっています。</exception>
    </member>
    <member name="M:System.Collections.CollectionBase.System#Collections#ICollection#CopyTo(System.Array,System.Int32)">
      <summary>
        <see cref="T:System.Collections.CollectionBase" /> 全体を互換性のある 1 次元の <see cref="T:System.Array" /> にコピーします。コピー操作は、コピー先の配列の指定したインデックスから始まります。</summary>
      <param name="array">
        <see cref="T:System.Array" /> から要素がコピーされる 1 次元の <see cref="T:System.Collections.CollectionBase" />。 <see cref="T:System.Array" /> には、0 から始まるインデックス番号が必要です。</param>
      <param name="index">コピーの開始位置とする <paramref name="array" /> のインデックス (0 から始まる)。</param>
      <exception cref="T:System.ArgumentNullException">
        <paramref name="array" /> が <see langword="null" />です。</exception>
      <exception cref="T:System.ArgumentOutOfRangeException">
        <paramref name="index" /> が 0 未満です。</exception>
      <exception cref="T:System.ArgumentException">
        <paramref name="array" /> が多次元です。  
  
- または - 
コピー元の <see cref="T:System.Collections.CollectionBase" /> の要素数が、コピー先 <paramref name="array" /> の <paramref name="index" /> から最後までの使用可能領域を超えています。</exception>
      <exception cref="T:System.InvalidCastException">コピー元の <see cref="T:System.Collections.CollectionBase" /> の型をコピー先の <paramref name="array" /> の型に自動的にキャストすることはできません。</exception>
    </member>
    <member name="M:System.Collections.CollectionBase.System#Collections#IList#Add(System.Object)">
      <summary>
        <see cref="T:System.Collections.CollectionBase" /> の末尾にオブジェクトを追加します。</summary>
      <param name="value">
        <see cref="T:System.Object" /> の末尾に追加する <see cref="T:System.Collections.CollectionBase" />。</param>
      <exception cref="T:System.NotSupportedException">
        <see cref="T:System.Collections.CollectionBase" /> は読み取り専用です。  
  
- または - 
<see cref="T:System.Collections.CollectionBase" /> は固定サイズです。</exception>
      <returns>
        <paramref name="value" /> が追加された位置の <see cref="T:System.Collections.CollectionBase" /> インデックス。</returns>
    </member>
    <member name="M:System.Collections.CollectionBase.System#Collections#IList#Contains(System.Object)">
      <summary>
        <see cref="T:System.Collections.CollectionBase" /> に特定の要素が格納されているかどうかを判断します。</summary>
      <param name="value">
        <see cref="T:System.Collections.CollectionBase" /> 内で検索される <see cref="T:System.Object" />。</param>
      <returns>指定した <paramref name="value" /> が <see cref="T:System.Collections.CollectionBase" /> に含まれている場合は <see langword="true" />。それ以外の場合は <see langword="false" />。</returns>
    </member>
    <member name="M:System.Collections.CollectionBase.System#Collections#IList#IndexOf(System.Object)">
      <summary>指定した <see cref="T:System.Object" /> を検索し、<see cref="T:System.Collections.CollectionBase" /> 全体内で最初に見つかった位置の 0 から始まるインデックスを返します。</summary>
      <param name="value">
        <see cref="T:System.Collections.CollectionBase" /> 内で検索される <see cref="T:System.Object" />。</param>
      <returns>
        <see cref="T:System.Collections.CollectionBase" /> 全体を対象に <paramref name="value" /> を検索し、見つかった場合は、インデックス番号の最も小さい要素の 0 から始まるインデックス番号、それ以外の場合は -1。</returns>
    </member>
    <member name="M:System.Collections.CollectionBase.System#Collections#IList#Insert(System.Int32,System.Object)">
      <summary>
        <see cref="T:System.Collections.CollectionBase" /> 内の指定したインデックスの位置に要素を挿入します。</summary>
      <param name="index">
        <paramref name="value" /> を挿入する位置の、0 から始まるインデックス。</param>
      <param name="value">挿入する <see cref="T:System.Object" />。</param>
      <exception cref="T:System.ArgumentOutOfRangeException">
        <paramref name="index" /> が 0 未満です。  
  
- または - 
 <paramref name="index" /> が <see cref="P:System.Collections.CollectionBase.Count" /> より大きくなっています。</exception>
      <exception cref="T:System.NotSupportedException">
        <see cref="T:System.Collections.CollectionBase" /> は読み取り専用です。  
  
- または - 
<see cref="T:System.Collections.CollectionBase" /> は固定サイズです。</exception>
    </member>
    <member name="M:System.Collections.CollectionBase.System#Collections#IList#Remove(System.Object)">
      <summary>特定のオブジェクトが <see cref="T:System.Collections.CollectionBase" /> 内にあるときに、最初に出現したものを削除します。</summary>
      <param name="value">
        <see cref="T:System.Object" /> から削除する <see cref="T:System.Collections.CollectionBase" />。</param>
      <exception cref="T:System.ArgumentException">
        <see cref="T:System.Collections.CollectionBase" /> オブジェクトに <paramref name="value" /> パラメーターが見つかりませんでした。</exception>
      <exception cref="T:System.NotSupportedException">
        <see cref="T:System.Collections.CollectionBase" /> は読み取り専用です。  
  
- または - 
<see cref="T:System.Collections.CollectionBase" /> は固定サイズです。</exception>
    </member>
    <member name="P:System.Collections.CollectionBase.Capacity">
      <summary>
        <see cref="T:System.Collections.CollectionBase" /> に格納できる要素の数を取得または設定します。</summary>
      <exception cref="T:System.ArgumentOutOfRangeException">
        <see cref="P:System.Collections.CollectionBase.Capacity" /> は <see cref="P:System.Collections.CollectionBase.Count" /> より小さい値に設定されます。</exception>
      <exception cref="T:System.OutOfMemoryException">システムで使用可能なメモリが不足しています。</exception>
      <returns>
        <see cref="T:System.Collections.CollectionBase" /> に格納できる要素の数。</returns>
    </member>
    <member name="P:System.Collections.CollectionBase.Count">
      <summary>
        <see cref="T:System.Collections.CollectionBase" /> インスタンスに含まれる要素の数を取得します。 このプロパティはオーバーライドできません。</summary>
      <returns>
        <see cref="T:System.Collections.CollectionBase" /> インスタンスに含まれる要素の数です。 このプロパティ値を取得することは、O(1) 操作になります。</returns>
    </member>
    <member name="P:System.Collections.CollectionBase.InnerList">
      <summary>
        <see cref="T:System.Collections.ArrayList" /> インスタンス内の要素のリストを格納する <see cref="T:System.Collections.CollectionBase" /> を取得します。</summary>
      <returns>
        <see cref="T:System.Collections.ArrayList" /> インスタンス自体を表す <see cref="T:System.Collections.CollectionBase" />。 このプロパティ値を取得することは、O(1) 操作になります。</returns>
    </member>
    <member name="P:System.Collections.CollectionBase.List">
      <summary>
        <see cref="T:System.Collections.IList" /> インスタンス内の要素のリストを格納する <see cref="T:System.Collections.CollectionBase" /> を取得します。</summary>
      <returns>
        <see cref="T:System.Collections.IList" /> インスタンス自体を表す <see cref="T:System.Collections.CollectionBase" />。</returns>
    </member>
    <member name="P:System.Collections.CollectionBase.System#Collections#ICollection#IsSynchronized">
      <summary>
        <see cref="T:System.Collections.CollectionBase" /> へのアクセスが同期されている (スレッド セーフである) かどうかを示す値を取得します。</summary>
      <returns>
        <see langword="true" /> へのアクセスが同期されている (スレッド セーフである) 場合は <see cref="T:System.Collections.CollectionBase" />。それ以外の場合は <see langword="false" />。 既定値は、<see langword="false" /> です。</returns>
    </member>
    <member name="P:System.Collections.CollectionBase.System#Collections#ICollection#SyncRoot">
      <summary>
        <see cref="T:System.Collections.CollectionBase" /> へのアクセスを同期するために使用できるオブジェクトを取得します。</summary>
      <returns>
        <see cref="T:System.Collections.CollectionBase" /> へのアクセスの同期に使用できるオブジェクトです。</returns>
    </member>
    <member name="P:System.Collections.CollectionBase.System#Collections#IList#IsFixedSize">
      <summary>
        <see cref="T:System.Collections.CollectionBase" /> が固定サイズかどうかを示す値を取得します。</summary>
      <returns>
        <see langword="true" /> が固定サイズの場合は <see cref="T:System.Collections.CollectionBase" />。それ以外の場合は <see langword="false" />。 既定値は、<see langword="false" /> です。</returns>
    </member>
    <member name="P:System.Collections.CollectionBase.System#Collections#IList#IsReadOnly">
      <summary>
        <see cref="T:System.Collections.CollectionBase" /> が読み取り専用かどうかを示す値を取得します。</summary>
      <returns>
        <see langword="true" /> が読み取り専用である場合は <see cref="T:System.Collections.CollectionBase" />。それ以外の場合は <see langword="false" />。 既定値は、<see langword="false" /> です。</returns>
    </member>
    <member name="P:System.Collections.CollectionBase.System#Collections#IList#Item(System.Int32)">
      <summary>指定したインデックスにある要素を取得または設定します。</summary>
      <param name="index">取得または設定する要素の、0 から始まるインデックス番号。</param>
      <exception cref="T:System.ArgumentOutOfRangeException">
        <paramref name="index" /> が 0 未満です。  
  
- または - 
 <paramref name="index" /> が <see cref="P:System.Collections.CollectionBase.Count" /> 以上になっています。</exception>
      <returns>指定したインデックス位置にある要素。</returns>
    </member>
    <member name="T:System.Collections.DictionaryBase">
      <summary>厳密に型指定されたキー/値ペアのコレクションの <see langword="abstract" /> 基底クラスを提供します。</summary>
    </member>
    <member name="M:System.Collections.DictionaryBase.#ctor">
      <summary>
        <see cref="T:System.Collections.DictionaryBase" /> クラスの新しいインスタンスを初期化します。</summary>
    </member>
    <member name="M:System.Collections.DictionaryBase.Clear">
      <summary>
        <see cref="T:System.Collections.DictionaryBase" /> インスタンスの内容を消去します。</summary>
    </member>
    <member name="M:System.Collections.DictionaryBase.CopyTo(System.Array,System.Int32)">
      <summary>1 次元の <see cref="T:System.Collections.DictionaryBase" /> の指定したインデックスに <see cref="T:System.Array" /> の要素をコピーします。</summary>
      <param name="array">
        <see cref="T:System.Array" /> インスタンスから <see cref="T:System.Collections.DictionaryEntry" /> オブジェクトがコピーされる 1 次元の <see cref="T:System.Collections.DictionaryBase" />。 <see cref="T:System.Array" /> には、0 から始まるインデックス番号が必要です。</param>
      <param name="index">コピーの開始位置とする <paramref name="array" /> のインデックス (0 から始まる)。</param>
      <exception cref="T:System.ArgumentNullException">
        <paramref name="array" /> が <see langword="null" />です。</exception>
      <exception cref="T:System.ArgumentOutOfRangeException">
        <paramref name="index" /> が 0 未満です。</exception>
      <exception cref="T:System.ArgumentException">
        <paramref name="array" /> が多次元です。  
  
- または - 
コピー元の <see cref="T:System.Collections.DictionaryBase" /> の要素数が、コピー先 <paramref name="array" /> の <paramref name="index" /> から最後までの使用可能領域を超えています。</exception>
      <exception cref="T:System.InvalidCastException">コピー元の <see cref="T:System.Collections.DictionaryBase" /> の型をコピー先の <paramref name="array" /> の型に自動的にキャストすることはできません。</exception>
    </member>
    <member name="M:System.Collections.DictionaryBase.GetEnumerator">
      <summary>
        <see cref="T:System.Collections.IDictionaryEnumerator" /> インスタンスを反復処理する <see cref="T:System.Collections.DictionaryBase" /> を返します。</summary>
      <returns>
        <see cref="T:System.Collections.IDictionaryEnumerator" /> インスタンスの <see cref="T:System.Collections.DictionaryBase" />。</returns>
    </member>
    <member name="M:System.Collections.DictionaryBase.OnClear">
      <summary>
        <see cref="T:System.Collections.DictionaryBase" /> インスタンスの内容を消去する前に、追加のカスタム プロセスを実行します。</summary>
    </member>
    <member name="M:System.Collections.DictionaryBase.OnClearComplete">
      <summary>
        <see cref="T:System.Collections.DictionaryBase" /> インスタンスの内容を消去した後に、追加のカスタム プロセスを実行します。</summary>
    </member>
    <member name="M:System.Collections.DictionaryBase.OnGet(System.Object,System.Object)">
      <summary>指定したキーおよび値を持つ、<see cref="T:System.Collections.DictionaryBase" /> インスタンスの要素を取得します。</summary>
      <param name="key">取得する要素のキー。</param>
      <param name="currentValue">
        <paramref name="key" /> に関連付けられている要素の現在の値。</param>
      <returns>指定したキーおよび値を持つ要素を格納している <see cref="T:System.Object" />。</returns>
    </member>
    <member name="M:System.Collections.DictionaryBase.OnInsert(System.Object,System.Object)">
      <summary>
        <see cref="T:System.Collections.DictionaryBase" /> インスタンスに新しい要素を挿入する前に、追加のカスタム プロセスを実行します。</summary>
      <param name="key">挿入する要素のキー。</param>
      <param name="value">挿入する要素の値。</param>
    </member>
    <member name="M:System.Collections.DictionaryBase.OnInsertComplete(System.Object,System.Object)">
      <summary>
        <see cref="T:System.Collections.DictionaryBase" /> インスタンスに新しい要素を挿入した後に、追加のカスタム プロセスを実行します。</summary>
      <param name="key">挿入する要素のキー。</param>
      <param name="value">挿入する要素の値。</param>
    </member>
    <member name="M:System.Collections.DictionaryBase.OnRemove(System.Object,System.Object)">
      <summary>
        <see cref="T:System.Collections.DictionaryBase" /> インスタンスから要素を削除する前に、追加のカスタム プロセスを実行します。</summary>
      <param name="key">削除する要素のキー。</param>
      <param name="value">削除する要素の値。</param>
    </member>
    <member name="M:System.Collections.DictionaryBase.OnRemoveComplete(System.Object,System.Object)">
      <summary>
        <see cref="T:System.Collections.DictionaryBase" /> インスタンスから要素を削除した後に、追加のカスタム プロセスを実行します。</summary>
      <param name="key">削除する要素のキー。</param>
      <param name="value">削除する要素の値。</param>
    </member>
    <member name="M:System.Collections.DictionaryBase.OnSet(System.Object,System.Object,System.Object)">
      <summary>
        <see cref="T:System.Collections.DictionaryBase" /> インスタンスに値を設定する前に、追加のカスタム プロセスを実行します。</summary>
      <param name="key">検索する要素のキー。</param>
      <param name="oldValue">
        <paramref name="key" /> に関連付けられている要素の古い値。</param>
      <param name="newValue">
        <paramref name="key" /> に関連付けられている要素の新しい値。</param>
    </member>
    <member name="M:System.Collections.DictionaryBase.OnSetComplete(System.Object,System.Object,System.Object)">
      <summary>
        <see cref="T:System.Collections.DictionaryBase" /> インスタンスに値を設定した後に、追加のカスタム プロセスを実行します。</summary>
      <param name="key">検索する要素のキー。</param>
      <param name="oldValue">
        <paramref name="key" /> に関連付けられている要素の古い値。</param>
      <param name="newValue">
        <paramref name="key" /> に関連付けられている要素の新しい値。</param>
    </member>
    <member name="M:System.Collections.DictionaryBase.OnValidate(System.Object,System.Object)">
      <summary>指定したキーおよび値を持つ要素を検証するときに、追加のカスタム プロセスを実行します。</summary>
      <param name="key">検証する要素のキー。</param>
      <param name="value">検証する要素の値。</param>
    </member>
    <member name="M:System.Collections.DictionaryBase.System#Collections#IDictionary#Add(System.Object,System.Object)">
      <summary>指定したキーおよび値を持つ要素を <see cref="T:System.Collections.DictionaryBase" /> に追加します。</summary>
      <param name="key">追加する要素のキー。</param>
      <param name="value">追加する要素の値。</param>
      <exception cref="T:System.ArgumentNullException">
        <paramref name="key" /> が <see langword="null" />です。</exception>
      <exception cref="T:System.ArgumentException">同じキーを持つ要素が、<see cref="T:System.Collections.DictionaryBase" /> に既に存在します。</exception>
      <exception cref="T:System.NotSupportedException">
        <see cref="T:System.Collections.DictionaryBase" /> は読み取り専用です。  
  
- または - 
<see cref="T:System.Collections.DictionaryBase" /> は固定サイズです。</exception>
    </member>
    <member name="M:System.Collections.DictionaryBase.System#Collections#IDictionary#Contains(System.Object)">
      <summary>
        <see cref="T:System.Collections.DictionaryBase" /> に特定のキーが格納されているかどうかを判断します。</summary>
      <param name="key">
        <see cref="T:System.Collections.DictionaryBase" /> 内で検索されるキー。</param>
      <exception cref="T:System.ArgumentNullException">
        <paramref name="key" /> が <see langword="null" />です。</exception>
      <returns>指定したキーを持つ要素が <see langword="true" /> に格納されている場合は <see cref="T:System.Collections.DictionaryBase" />。それ以外の場合は <see langword="false" />。</returns>
    </member>
    <member name="M:System.Collections.DictionaryBase.System#Collections#IDictionary#Remove(System.Object)">
      <summary>指定したキーを持つ要素を <see cref="T:System.Collections.DictionaryBase" /> から削除します。</summary>
      <param name="key">削除する要素のキー。</param>
      <exception cref="T:System.ArgumentNullException">
        <paramref name="key" /> が <see langword="null" />です。</exception>
      <exception cref="T:System.NotSupportedException">
        <see cref="T:System.Collections.DictionaryBase" /> は読み取り専用です。  
  
- または - 
<see cref="T:System.Collections.DictionaryBase" /> は固定サイズです。</exception>
    </member>
    <member name="M:System.Collections.DictionaryBase.System#Collections#IEnumerable#GetEnumerator">
      <summary>
        <see cref="T:System.Collections.DictionaryBase" /> を反復処理する <see cref="T:System.Collections.IEnumerator" /> を返します。</summary>
      <returns>
        <see cref="T:System.Collections.IEnumerator" /> の <see cref="T:System.Collections.DictionaryBase" />。</returns>
    </member>
    <member name="P:System.Collections.DictionaryBase.Count">
      <summary>
        <see cref="T:System.Collections.DictionaryBase" /> インスタンスに含まれる要素の数を取得します。</summary>
      <returns>
        <see cref="T:System.Collections.DictionaryBase" /> インスタンスに含まれる要素の数です。</returns>
    </member>
    <member name="P:System.Collections.DictionaryBase.Dictionary">
      <summary>
        <see cref="T:System.Collections.DictionaryBase" /> インスタンスに格納されている要素のリストを取得します。</summary>
      <returns>
        <see cref="T:System.Collections.IDictionary" /> インスタンス自体を表す <see cref="T:System.Collections.DictionaryBase" />。</returns>
    </member>
    <member name="P:System.Collections.DictionaryBase.InnerHashtable">
      <summary>
        <see cref="T:System.Collections.DictionaryBase" /> インスタンスに格納されている要素のリストを取得します。</summary>
      <returns>
        <see cref="T:System.Collections.Hashtable" /> インスタンス自体を表す <see cref="T:System.Collections.DictionaryBase" />。</returns>
    </member>
    <member name="P:System.Collections.DictionaryBase.System#Collections#ICollection#IsSynchronized">
      <summary>
        <see cref="T:System.Collections.DictionaryBase" /> オブジェクトへのアクセスが同期されている (スレッド セーフである) かどうかを示す値を取得します。</summary>
      <returns>
        <see langword="true" /> オブジェクトへのアクセスが同期されている (スレッド セーフである) 場合は <see cref="T:System.Collections.DictionaryBase" />。それ以外の場合は <see langword="false" />。 既定値は、<see langword="false" /> です。</returns>
    </member>
    <member name="P:System.Collections.DictionaryBase.System#Collections#ICollection#SyncRoot">
      <summary>
        <see cref="T:System.Collections.DictionaryBase" /> オブジェクトへのアクセスを同期するために使用できるオブジェクトを取得します。</summary>
      <returns>
        <see cref="T:System.Collections.DictionaryBase" /> オブジェクトへのアクセスを同期するために使用できるオブジェクト。</returns>
    </member>
    <member name="P:System.Collections.DictionaryBase.System#Collections#IDictionary#IsFixedSize">
      <summary>
        <see cref="T:System.Collections.DictionaryBase" /> オブジェクトが固定サイズかどうかを示す値を取得します。</summary>
      <returns>
        <see cref="T:System.Collections.DictionaryBase" /> オブジェクトが固定サイズの場合は <see langword="true" />。それ以外の場合は <see langword="false" />。 既定値は、<see langword="false" /> です。</returns>
    </member>
    <member name="P:System.Collections.DictionaryBase.System#Collections#IDictionary#IsReadOnly">
      <summary>
        <see cref="T:System.Collections.DictionaryBase" /> オブジェクトが読み取り専用かどうかを示す値を取得します。</summary>
      <returns>
        <see cref="T:System.Collections.DictionaryBase" /> オブジェクトが読み取り専用の場合は <see langword="true" />。それ以外の場合は <see langword="false" />。 既定値は、<see langword="false" /> です。</returns>
    </member>
    <member name="P:System.Collections.DictionaryBase.System#Collections#IDictionary#Item(System.Object)">
      <summary>指定されたキーに関連付けられている値を取得または設定します。</summary>
      <param name="key">値を取得または設定する対象のキー。</param>
      <exception cref="T:System.ArgumentNullException">
        <paramref name="key" /> が <see langword="null" />です。</exception>
      <exception cref="T:System.NotSupportedException">このプロパティが設定されていますが、<see cref="T:System.Collections.DictionaryBase" /> が読み取り専用です。  
  
- または - 
プロパティが設定済みで、コレクション内に <paramref name="key" /> が存在せず、<see cref="T:System.Collections.DictionaryBase" /> が固定サイズです。</exception>
      <returns>指定されたキーに関連付けられている値。 指定したキーが見つからない場合、そのキーを取得しようとした場合は <see langword="null" /> が返され、そのキーを設定しようとした場合は、指定したキーを使用して新しい要素が作成されます。</returns>
    </member>
    <member name="P:System.Collections.DictionaryBase.System#Collections#IDictionary#Keys">
      <summary>
        <see cref="T:System.Collections.ICollection" /> オブジェクト内のキーを格納している <see cref="T:System.Collections.DictionaryBase" /> オブジェクトを取得します。</summary>
      <returns>
        <see cref="T:System.Collections.ICollection" /> オブジェクト内のキーを格納している <see cref="T:System.Collections.DictionaryBase" /> オブジェクト。</returns>
    </member>
    <member name="P:System.Collections.DictionaryBase.System#Collections#IDictionary#Values">
      <summary>
        <see cref="T:System.Collections.ICollection" /> オブジェクト内の値を格納している <see cref="T:System.Collections.DictionaryBase" /> オブジェクトを取得します。</summary>
      <returns>
        <see cref="T:System.Collections.ICollection" /> オブジェクト内の値を格納している <see cref="T:System.Collections.DictionaryBase" /> オブジェクト。</returns>
    </member>
    <member name="T:System.Collections.Queue">
      <summary>オブジェクトの先入れ先出しコレクションを表します。</summary>
    </member>
    <member name="M:System.Collections.Queue.#ctor">
      <summary>空で、既定の初期量を備え、既定の増加率を使用する、<see cref="T:System.Collections.Queue" /> クラスの新しいインスタンスを初期化します。</summary>
    </member>
    <member name="M:System.Collections.Queue.#ctor(System.Collections.ICollection)">
      <summary>指定したコレクションからコピーした要素を格納し、コピーした要素の数と同じ初期量を備え、既定の増加率を使用する、<see cref="T:System.Collections.Queue" /> クラスの新しいインスタンスを初期化します。</summary>
      <param name="col">要素のコピー元の <see cref="T:System.Collections.ICollection" />。</param>
      <exception cref="T:System.ArgumentNullException">
        <paramref name="col" /> が <see langword="null" />です。</exception>
    </member>
    <member name="M:System.Collections.Queue.#ctor(System.Int32)">
      <summary>空で、指定した初期量を備え、既定の増加率を使用する、<see cref="T:System.Collections.Queue" /> クラスの新しいインスタンスを初期化します。</summary>
      <param name="capacity">
        <see cref="T:System.Collections.Queue" /> が格納できる要素数の初期値。</param>
      <exception cref="T:System.ArgumentOutOfRangeException">
        <paramref name="capacity" /> が 0 未満です。</exception>
    </member>
    <member name="M:System.Collections.Queue.#ctor(System.Int32,System.Single)">
      <summary>空で、指定した初期量を備え、指定した増加率を使用する、<see cref="T:System.Collections.Queue" /> クラスの新しいインスタンスを初期化します。</summary>
      <param name="capacity">
        <see cref="T:System.Collections.Queue" /> が格納できる要素数の初期値。</param>
      <param name="growFactor">
        <see cref="T:System.Collections.Queue" /> の容量を拡張するときに使用する係数。</param>
      <exception cref="T:System.ArgumentOutOfRangeException">
        <paramref name="capacity" /> が 0 未満です。  
  
- または - 
 <paramref name="growFactor" /> が 1.0 未満であるか、または 10.0 を超えています。</exception>
    </member>
    <member name="M:System.Collections.Queue.Clear">
      <summary>
        <see cref="T:System.Collections.Queue" /> からすべてのオブジェクトを削除します。</summary>
    </member>
    <member name="M:System.Collections.Queue.Clone">
      <summary>
        <see cref="T:System.Collections.Queue" /> の簡易コピーを作成します。</summary>
      <returns>
        <see cref="T:System.Collections.Queue" /> の簡易コピー。</returns>
    </member>
    <member name="M:System.Collections.Queue.Contains(System.Object)">
      <summary>ある要素が <see cref="T:System.Collections.Queue" /> 内に存在するかどうかを判断します。</summary>
      <param name="obj">
        <see cref="T:System.Collections.Queue" /> 内で検索される <see cref="T:System.Object" />。 値として <see langword="null" /> を指定できます。</param>
      <returns>
        <see langword="true" /> が <paramref name="obj" /> に存在する場合は <see cref="T:System.Collections.Queue" />。それ以外の場合は <see langword="false" />。</returns>
    </member>
    <member name="M:System.Collections.Queue.CopyTo(System.Array,System.Int32)">
      <summary>
        <see cref="T:System.Collections.Queue" /> の要素を既存の 1 次元の <see cref="T:System.Array" /> にコピーします。コピー操作は、配列内の指定したインデックスから始まります。</summary>
      <param name="array">
        <see cref="T:System.Array" /> から要素がコピーされる 1 次元の <see cref="T:System.Collections.Queue" />。 <see cref="T:System.Array" /> には、0 から始まるインデックス番号が必要です。</param>
      <param name="index">コピーの開始位置とする <paramref name="array" /> のインデックス (0 から始まる)。</param>
      <exception cref="T:System.ArgumentNullException">
        <paramref name="array" /> が <see langword="null" />です。</exception>
      <exception cref="T:System.ArgumentOutOfRangeException">
        <paramref name="index" /> が 0 未満です。</exception>
      <exception cref="T:System.ArgumentException">
        <paramref name="array" /> が多次元です。  
  
- または - 
コピー元の <see cref="T:System.Collections.Queue" /> の要素数が、コピー先 <paramref name="array" /> の <paramref name="index" /> から最後までの使用可能領域を超えています。</exception>
      <exception cref="T:System.ArrayTypeMismatchException">コピー元の <see cref="T:System.Collections.Queue" /> の型をコピー先の <paramref name="array" /> の型に自動的にキャストすることはできません。</exception>
    </member>
    <member name="M:System.Collections.Queue.Dequeue">
      <summary>
        <see cref="T:System.Collections.Queue" /> の先頭にあるオブジェクトを削除し、返します。</summary>
      <exception cref="T:System.InvalidOperationException">
        <see cref="T:System.Collections.Queue" /> が空です。</exception>
      <returns>
        <see cref="T:System.Collections.Queue" /> の先頭から削除されたオブジェクト。</returns>
    </member>
    <member name="M:System.Collections.Queue.Enqueue(System.Object)">
      <summary>
        <see cref="T:System.Collections.Queue" /> の末尾にオブジェクトを追加します。</summary>
      <param name="obj">
        <see cref="T:System.Collections.Queue" /> に追加するオブジェクト。 値として <see langword="null" /> を指定できます。</param>
    </member>
    <member name="M:System.Collections.Queue.GetEnumerator">
      <summary>
        <see cref="T:System.Collections.Queue" /> を反復処理する列挙子を返します。</summary>
      <returns>
        <see cref="T:System.Collections.IEnumerator" /> の <see cref="T:System.Collections.Queue" />。</returns>
    </member>
    <member name="M:System.Collections.Queue.Peek">
      <summary>
        <see cref="T:System.Collections.Queue" /> の先頭にあるオブジェクトを削除せずに返します。</summary>
      <exception cref="T:System.InvalidOperationException">
        <see cref="T:System.Collections.Queue" /> が空です。</exception>
      <returns>
        <see cref="T:System.Collections.Queue" /> の先頭にあるオブジェクト。</returns>
    </member>
    <member name="M:System.Collections.Queue.Synchronized(System.Collections.Queue)">
      <summary>元のキューをラップする、スレッド セーフである新しい <see cref="T:System.Collections.Queue" /> を返します。</summary>
      <param name="queue">同期する <see cref="T:System.Collections.Queue" />。</param>
      <exception cref="T:System.ArgumentNullException">
        <paramref name="queue" /> が <see langword="null" />です。</exception>
      <returns>同期されている (スレッド セーフな) <see cref="T:System.Collections.Queue" /> ラッパー。</returns>
    </member>
    <member name="M:System.Collections.Queue.ToArray">
      <summary>
        <see cref="T:System.Collections.Queue" /> の要素を新しい配列にコピーします。</summary>
      <returns>
        <see cref="T:System.Collections.Queue" /> からコピーした要素を格納する新しい配列。</returns>
    </member>
    <member name="M:System.Collections.Queue.TrimToSize">
      <summary>容量を <see cref="T:System.Collections.Queue" /> 内にある実際の要素数に設定します。</summary>
      <exception cref="T:System.NotSupportedException">
        <see cref="T:System.Collections.Queue" /> は読み取り専用です。</exception>
    </member>
    <member name="P:System.Collections.Queue.Count">
      <summary>
        <see cref="T:System.Collections.Queue" /> に格納されている要素の数を取得します。</summary>
      <returns>
        <see cref="T:System.Collections.Queue" /> に格納されている要素の数。</returns>
    </member>
    <member name="P:System.Collections.Queue.IsSynchronized">
      <summary>
        <see cref="T:System.Collections.Queue" /> へのアクセスが同期されている (スレッド セーフである) かどうかを示す値を取得します。</summary>
      <returns>
        <see langword="true" /> へのアクセスが同期されている (スレッド セーフである) 場合は <see cref="T:System.Collections.Queue" />。それ以外の場合は <see langword="false" />。 既定値は、<see langword="false" /> です。</returns>
    </member>
    <member name="P:System.Collections.Queue.SyncRoot">
      <summary>
        <see cref="T:System.Collections.Queue" /> へのアクセスを同期するために使用できるオブジェクトを取得します。</summary>
      <returns>
        <see cref="T:System.Collections.Queue" /> へのアクセスの同期に使用できるオブジェクトです。</returns>
    </member>
    <member name="T:System.Collections.ReadOnlyCollectionBase">
      <summary>厳密に型指定された非ジェネリック読み取り専用コレクションのための <see langword="abstract" /> 基底クラスを提供します。</summary>
    </member>
    <member name="M:System.Collections.ReadOnlyCollectionBase.#ctor">
      <summary>
        <see cref="T:System.Collections.ReadOnlyCollectionBase" /> クラスの新しいインスタンスを初期化します。</summary>
    </member>
    <member name="M:System.Collections.ReadOnlyCollectionBase.GetEnumerator">
      <summary>
        <see cref="T:System.Collections.ReadOnlyCollectionBase" /> インスタンスを反復処理する列挙子を返します。</summary>
      <returns>
        <see cref="T:System.Collections.IEnumerator" /> インスタンスの <see cref="T:System.Collections.ReadOnlyCollectionBase" />。</returns>
    </member>
    <member name="M:System.Collections.ReadOnlyCollectionBase.System#Collections#ICollection#CopyTo(System.Array,System.Int32)">
      <summary>
        <see cref="T:System.Collections.ReadOnlyCollectionBase" /> 全体を互換性のある 1 次元の <see cref="T:System.Array" /> にコピーします。コピー操作は、コピー先の配列の指定したインデックスから始まります。</summary>
      <param name="array">
        <see cref="T:System.Array" /> から要素がコピーされる 1 次元の <see cref="T:System.Collections.ReadOnlyCollectionBase" />。 <see cref="T:System.Array" /> には、0 から始まるインデックス番号が必要です。</param>
      <param name="index">コピーの開始位置とする <paramref name="array" /> のインデックス (0 から始まる)。</param>
      <exception cref="T:System.ArgumentNullException">
        <paramref name="array" /> が <see langword="null" />です。</exception>
      <exception cref="T:System.ArgumentOutOfRangeException">
        <paramref name="index" /> が 0 未満です。</exception>
      <exception cref="T:System.ArgumentException">
        <paramref name="array" /> が多次元です。  
  
- または - 
コピー元の <see cref="T:System.Collections.ReadOnlyCollectionBase" /> の要素数が、コピー先 <paramref name="array" /> の <paramref name="index" /> から最後までの使用可能領域を超えています。</exception>
      <exception cref="T:System.InvalidCastException">コピー元の <see cref="T:System.Collections.ReadOnlyCollectionBase" /> の型をコピー先の <paramref name="array" /> の型に自動的にキャストすることはできません。</exception>
    </member>
    <member name="P:System.Collections.ReadOnlyCollectionBase.Count">
      <summary>
        <see cref="T:System.Collections.ReadOnlyCollectionBase" /> インスタンスに含まれる要素の数を取得します。</summary>
      <returns>
        <see cref="T:System.Collections.ReadOnlyCollectionBase" /> インスタンスに含まれる要素の数です。 このプロパティ値を取得することは、O(1) 操作になります。</returns>
    </member>
    <member name="P:System.Collections.ReadOnlyCollectionBase.InnerList">
      <summary>
        <see cref="T:System.Collections.ReadOnlyCollectionBase" /> インスタンスに格納されている要素のリストを取得します。</summary>
      <returns>
        <see cref="T:System.Collections.ArrayList" /> インスタンス自体を表す <see cref="T:System.Collections.ReadOnlyCollectionBase" />。</returns>
    </member>
    <member name="P:System.Collections.ReadOnlyCollectionBase.System#Collections#ICollection#IsSynchronized">
      <summary>
        <see cref="T:System.Collections.ReadOnlyCollectionBase" /> オブジェクトへのアクセスが同期されている (スレッド セーフである) かどうかを示す値を取得します。</summary>
      <returns>
        <see langword="true" /> オブジェクトへのアクセスが同期されている (スレッド セーフである) 場合は <see cref="T:System.Collections.ReadOnlyCollectionBase" />。それ以外の場合は <see langword="false" />。 既定値は、<see langword="false" /> です。</returns>
    </member>
    <member name="P:System.Collections.ReadOnlyCollectionBase.System#Collections#ICollection#SyncRoot">
      <summary>
        <see cref="T:System.Collections.ReadOnlyCollectionBase" /> オブジェクトへのアクセスを同期するために使用できるオブジェクトを取得します。</summary>
      <returns>
        <see cref="T:System.Collections.ReadOnlyCollectionBase" /> オブジェクトへのアクセスを同期するために使用できるオブジェクト。</returns>
    </member>
    <member name="T:System.Collections.SortedList">
      <summary>キーによって並べ替えられ、キーとインデックスを使ってアクセスできる、キー/値ペアのコレクションを表します。</summary>
    </member>
    <member name="M:System.Collections.SortedList.#ctor">
      <summary>空で、既定の初期量を備え、<see cref="T:System.Collections.SortedList" /> オブジェクトに追加された各キーによって実装されている <see cref="T:System.IComparable" /> インターフェイスに従って並べ替えられた、<see cref="T:System.Collections.SortedList" /> クラスの新しいインスタンスを初期化します。</summary>
    </member>
    <member name="M:System.Collections.SortedList.#ctor(System.Collections.IComparer)">
      <summary>空で、既定の初期量を備え、指定した <see cref="T:System.Collections.SortedList" /> インターフェイスに従って並べ替えられた、<see cref="T:System.Collections.IComparer" /> クラスの新しいインスタンスを初期化します。</summary>
      <param name="comparer">キーの比較時に使用する <see cref="T:System.Collections.IComparer" /> の実装。  
  
- または - 
 各キーの <see cref="T:System.IComparable" /> 実装を使用する場合は <see langword="null" />。</param>
    </member>
    <member name="M:System.Collections.SortedList.#ctor(System.Collections.IComparer,System.Int32)">
      <summary>空で、指定した初期量を備え、指定した <see cref="T:System.Collections.SortedList" /> インターフェイスに従って並べ替えられた、<see cref="T:System.Collections.IComparer" /> クラスの新しいインスタンスを初期化します。</summary>
      <param name="comparer">キーの比較時に使用する <see cref="T:System.Collections.IComparer" /> の実装。  
  
- または - 
 各キーの <see cref="T:System.IComparable" /> 実装を使用する場合は <see langword="null" />。</param>
      <param name="capacity">
        <see cref="T:System.Collections.SortedList" /> オブジェクトが格納できる要素数の初期値。</param>
      <exception cref="T:System.ArgumentOutOfRangeException">
        <paramref name="capacity" /> が 0 未満です。</exception>
      <exception cref="T:System.OutOfMemoryException">メモリが不足しているため、指定された <paramref name="capacity" /> を持つ <see cref="T:System.Collections.SortedList" /> オブジェクトを作成できません。</exception>
    </member>
    <member name="M:System.Collections.SortedList.#ctor(System.Collections.IDictionary)">
      <summary>指定したディクショナリからコピーした要素を格納し、コピーした要素の数と同じ初期量を備え、各キーによって実装されている <see cref="T:System.Collections.SortedList" /> インターフェイスに従って並べ替えられた、<see cref="T:System.IComparable" /> クラスの新しいインスタンスを初期化します。</summary>
      <param name="d">新しい <see cref="T:System.Collections.IDictionary" /> オブジェクトにコピーする <see cref="T:System.Collections.SortedList" /> 実装。</param>
      <exception cref="T:System.ArgumentNullException">
        <paramref name="d" /> が <see langword="null" />です。</exception>
      <exception cref="T:System.InvalidCastException">
        <paramref name="d" /> 内の 1 つ以上の要素が、<see cref="T:System.IComparable" /> インターフェイスを実装していません。</exception>
    </member>
    <member name="M:System.Collections.SortedList.#ctor(System.Collections.IDictionary,System.Collections.IComparer)">
      <summary>指定したディクショナリからコピーした要素を格納し、コピーした要素の数と同じ初期量を備え、指定した <see cref="T:System.Collections.SortedList" /> インターフェイスに従って並べ替えられた、<see cref="T:System.Collections.IComparer" /> クラスの新しいインスタンスを初期化します。</summary>
      <param name="d">新しい <see cref="T:System.Collections.IDictionary" /> オブジェクトにコピーする <see cref="T:System.Collections.SortedList" /> 実装。</param>
      <param name="comparer">キーの比較時に使用する <see cref="T:System.Collections.IComparer" /> の実装。  
  
- または - 
 各キーの <see cref="T:System.IComparable" /> 実装を使用する場合は <see langword="null" />。</param>
      <exception cref="T:System.ArgumentNullException">
        <paramref name="d" /> が <see langword="null" />です。</exception>
      <exception cref="T:System.InvalidCastException">
        <paramref name="comparer" /> が <see langword="null" /> であり、かつ <paramref name="d" /> 内の 1 つ以上の要素で、<see cref="T:System.IComparable" /> インターフェイスが実装されていません。</exception>
    </member>
    <member name="M:System.Collections.SortedList.#ctor(System.Int32)">
      <summary>空で、指定した初期量を備え、<see cref="T:System.Collections.SortedList" /> に追加された各キーによって実装されている <see cref="T:System.IComparable" /> インターフェイスに従って並べ替えられた、<see cref="T:System.Collections.SortedList" /> クラスの新しいインスタンスを初期化します。</summary>
      <param name="initialCapacity">
        <see cref="T:System.Collections.SortedList" /> オブジェクトが格納できる要素数の初期値。</param>
      <exception cref="T:System.ArgumentOutOfRangeException">
        <paramref name="initialCapacity" /> が 0 未満です。</exception>
      <exception cref="T:System.OutOfMemoryException">メモリが不足しているため、指定された <paramref name="initialCapacity" /> を持つ <see cref="T:System.Collections.SortedList" /> オブジェクトを作成できません。</exception>
    </member>
    <member name="M:System.Collections.SortedList.Add(System.Object,System.Object)">
      <summary>指定したキーおよび値を持つ要素を <see cref="T:System.Collections.SortedList" /> オブジェクトに追加します。</summary>
      <param name="key">追加する要素のキー。</param>
      <param name="value">追加する要素の値。 値として <see langword="null" /> を指定できます。</param>
      <exception cref="T:System.ArgumentNullException">
        <paramref name="key" /> が <see langword="null" />です。</exception>
      <exception cref="T:System.ArgumentException">指定した <paramref name="key" /> を持つ要素が、既に <see cref="T:System.Collections.SortedList" /> オブジェクトに存在します。  
  
- または - 
<see cref="T:System.Collections.SortedList" /> が <see cref="T:System.IComparable" /> インターフェイスを使用するように設定されているのに、<paramref name="key" /> が <see cref="T:System.IComparable" /> インターフェイスを実装していません。</exception>
      <exception cref="T:System.NotSupportedException">
        <see cref="T:System.Collections.SortedList" /> は読み取り専用です。  
  
- または - 
<see cref="T:System.Collections.SortedList" /> は固定サイズです。</exception>
      <exception cref="T:System.OutOfMemoryException">メモリが不足しているため、<see cref="T:System.Collections.SortedList" /> に要素を追加できません。</exception>
      <exception cref="T:System.InvalidOperationException">比較子が例外をスローしました。</exception>
    </member>
    <member name="M:System.Collections.SortedList.Clear">
      <summary>
        <see cref="T:System.Collections.SortedList" /> オブジェクトからすべての要素を削除します。</summary>
      <exception cref="T:System.NotSupportedException">
        <see cref="T:System.Collections.SortedList" /> が読み取り専用です。  
  
- または - 
<see cref="T:System.Collections.SortedList" /> は固定サイズです。</exception>
    </member>
    <member name="M:System.Collections.SortedList.Clone">
      <summary>
        <see cref="T:System.Collections.SortedList" /> オブジェクトの簡易コピーを作成します。</summary>
      <returns>
        <see cref="T:System.Collections.SortedList" /> オブジェクトの簡易コピー。</returns>
    </member>
    <member name="M:System.Collections.SortedList.Contains(System.Object)">
      <summary>
        <see cref="T:System.Collections.SortedList" /> オブジェクトに特定のキーが格納されているかどうかを確認します。</summary>
      <param name="key">
        <see cref="T:System.Collections.SortedList" /> オブジェクト内で検索されるキー。</param>
      <exception cref="T:System.ArgumentNullException">
        <paramref name="key" /> が <see langword="null" />です。</exception>
      <exception cref="T:System.InvalidOperationException">比較子が例外をスローしました。</exception>
      <returns>指定した <paramref name="key" /> を持つ要素が <see cref="T:System.Collections.SortedList" /> オブジェクトに格納されている場合は <see langword="true" />。それ以外の場合は <see langword="false" />。</returns>
    </member>
    <member name="M:System.Collections.SortedList.ContainsKey(System.Object)">
      <summary>
        <see cref="T:System.Collections.SortedList" /> オブジェクトに特定のキーが格納されているかどうかを確認します。</summary>
      <param name="key">
        <see cref="T:System.Collections.SortedList" /> オブジェクト内で検索されるキー。</param>
      <exception cref="T:System.ArgumentNullException">
        <paramref name="key" /> が <see langword="null" />です。</exception>
      <exception cref="T:System.InvalidOperationException">比較子が例外をスローしました。</exception>
      <returns>指定した <paramref name="key" /> を持つ要素が <see cref="T:System.Collections.SortedList" /> オブジェクトに格納されている場合は <see langword="true" />。それ以外の場合は <see langword="false" />。</returns>
    </member>
    <member name="M:System.Collections.SortedList.ContainsValue(System.Object)">
      <summary>
        <see cref="T:System.Collections.SortedList" /> オブジェクトに特定の値が格納されているかどうかを確認します。</summary>
      <param name="value">
        <see cref="T:System.Collections.SortedList" /> オブジェクト内で検索される値。 値として <see langword="null" /> を指定できます。</param>
      <returns>指定した <paramref name="value" /> を持つ要素が <see cref="T:System.Collections.SortedList" /> オブジェクトに格納されている場合は <see langword="true" />。それ以外の場合は <see langword="false" />。</returns>
    </member>
    <member name="M:System.Collections.SortedList.CopyTo(System.Array,System.Int32)">
      <summary>
        <see cref="T:System.Collections.SortedList" /> の要素を 1 次元の <see cref="T:System.Array" /> オブジェクトにコピーします。コピー操作は、配列内の指定したインデックスから始まります。</summary>
      <param name="array">
        <see cref="T:System.Array" /> から <see cref="T:System.Collections.DictionaryEntry" /> オブジェクトがコピーされる 1 次元の <see cref="T:System.Collections.SortedList" /> オブジェクト。 <see cref="T:System.Array" /> には、0 から始まるインデックス番号が必要です。</param>
      <param name="arrayIndex">コピーの開始位置とする <paramref name="array" /> のインデックス (0 から始まる)。</param>
      <exception cref="T:System.ArgumentNullException">
        <paramref name="array" /> が <see langword="null" />です。</exception>
      <exception cref="T:System.ArgumentOutOfRangeException">
        <paramref name="arrayIndex" /> が 0 未満です。</exception>
      <exception cref="T:System.ArgumentException">
        <paramref name="array" /> が多次元です。  
  
- または - 
コピー元の <see cref="T:System.Collections.SortedList" /> オブジェクトの要素数が、<paramref name="arrayIndex" /> からコピー先の <paramref name="array" /> の末尾までに格納できる数を超えています。</exception>
      <exception cref="T:System.InvalidCastException">コピー元の <see cref="T:System.Collections.SortedList" /> の型をコピー先の <paramref name="array" /> の型に自動的にキャストすることはできません。</exception>
    </member>
    <member name="M:System.Collections.SortedList.GetByIndex(System.Int32)">
      <summary>
        <see cref="T:System.Collections.SortedList" /> オブジェクトの指定したインデックスにある値を取得します。</summary>
      <param name="index">取得する値の 0 から始まるインデックス。</param>
      <exception cref="T:System.ArgumentOutOfRangeException">
        <paramref name="index" /> が、<see cref="T:System.Collections.SortedList" /> オブジェクトの有効なインデックスの範囲外です。</exception>
      <returns>
        <see cref="T:System.Collections.SortedList" /> オブジェクトの指定したインデックスにある値。</returns>
    </member>
    <member name="M:System.Collections.SortedList.GetEnumerator">
      <summary>
        <see cref="T:System.Collections.IDictionaryEnumerator" /> オブジェクトを反復処理する <see cref="T:System.Collections.SortedList" /> オブジェクトを返します。</summary>
      <returns>
        <see cref="T:System.Collections.SortedList" /> オブジェクトの <see cref="T:System.Collections.IDictionaryEnumerator" /> オブジェクト。</returns>
    </member>
    <member name="M:System.Collections.SortedList.GetKey(System.Int32)">
      <summary>
        <see cref="T:System.Collections.SortedList" /> オブジェクトの指定したインデックスにあるキーを取得します。</summary>
      <param name="index">取得するキーの 0 から始まるインデックス。</param>
      <exception cref="T:System.ArgumentOutOfRangeException">
        <paramref name="index" /> が、<see cref="T:System.Collections.SortedList" /> オブジェクトの有効なインデックスの範囲外です。</exception>
      <returns>
        <see cref="T:System.Collections.SortedList" /> オブジェクトの指定したインデックスにあるキー。</returns>
    </member>
    <member name="M:System.Collections.SortedList.GetKeyList">
      <summary>
        <see cref="T:System.Collections.SortedList" /> オブジェクト内のキーを取得します。</summary>
      <returns>
        <see cref="T:System.Collections.IList" /> オブジェクト内のキーを格納している <see cref="T:System.Collections.SortedList" /> オブジェクト。</returns>
    </member>
    <member name="M:System.Collections.SortedList.GetValueList">
      <summary>
        <see cref="T:System.Collections.SortedList" /> オブジェクト内の値を取得します。</summary>
      <returns>
        <see cref="T:System.Collections.IList" /> オブジェクト内の値を格納している <see cref="T:System.Collections.SortedList" /> オブジェクト。</returns>
    </member>
    <member name="M:System.Collections.SortedList.IndexOfKey(System.Object)">
      <summary>
        <see cref="T:System.Collections.SortedList" /> オブジェクト内の指定したキーの、0 から始まるインデックス番号を返します。</summary>
      <param name="key">
        <see cref="T:System.Collections.SortedList" /> オブジェクト内で検索されるキー。</param>
      <exception cref="T:System.ArgumentNullException">
        <paramref name="key" /> が <see langword="null" />です。</exception>
      <exception cref="T:System.InvalidOperationException">比較子が例外をスローしました。</exception>
      <returns>
        <paramref name="key" /> が <see cref="T:System.Collections.SortedList" /> オブジェクトに存在する場合は、<paramref name="key" /> パラメーターの 0 から始まるインデックス番号。それ以外の場合は -1。</returns>
    </member>
    <member name="M:System.Collections.SortedList.IndexOfValue(System.Object)">
      <summary>
        <see cref="T:System.Collections.SortedList" /> オブジェクト内にある指定した値のうち、最初に出現する値の、0 から始まるインデックス番号を返します。</summary>
      <param name="value">
        <see cref="T:System.Collections.SortedList" /> オブジェクト内で検索される値。 値として <see langword="null" /> を指定できます。</param>
      <returns>
        <paramref name="value" /> が <see cref="T:System.Collections.SortedList" /> オブジェクトに存在する場合は、先頭の <paramref name="value" /> パラメーターの 0 から始まるインデックス番号。それ以外の場合は -1。</returns>
    </member>
    <member name="M:System.Collections.SortedList.Remove(System.Object)">
      <summary>指定したキーを持つ要素を <see cref="T:System.Collections.SortedList" /> オブジェクトから削除します。</summary>
      <param name="key">削除する要素のキー。</param>
      <exception cref="T:System.ArgumentNullException">
        <paramref name="key" /> が <see langword="null" />です。</exception>
      <exception cref="T:System.NotSupportedException">
        <see cref="T:System.Collections.SortedList" /> が読み取り専用です。  
  
- または - 
<see cref="T:System.Collections.SortedList" /> は固定サイズです。</exception>
    </member>
    <member name="M:System.Collections.SortedList.RemoveAt(System.Int32)">
      <summary>
        <see cref="T:System.Collections.SortedList" /> オブジェクトの指定したインデックスにある要素を削除します。</summary>
      <param name="index">削除する要素の、0 から始まるインデックス番号。</param>
      <exception cref="T:System.ArgumentOutOfRangeException">
        <paramref name="index" /> が、<see cref="T:System.Collections.SortedList" /> オブジェクトの有効なインデックスの範囲外です。</exception>
      <exception cref="T:System.NotSupportedException">
        <see cref="T:System.Collections.SortedList" /> は読み取り専用です。  
  
- または - 
<see cref="T:System.Collections.SortedList" /> は固定サイズです。</exception>
    </member>
    <member name="M:System.Collections.SortedList.SetByIndex(System.Int32,System.Object)">
      <summary>
        <see cref="T:System.Collections.SortedList" /> オブジェクトの特定のインデックスにある値を置換します。</summary>
      <param name="index">
        <paramref name="value" /> を保存する位置の、0 から始まるインデックス番号。</param>
      <param name="value">
        <see cref="T:System.Object" /> オブジェクトに保存する <see cref="T:System.Collections.SortedList" />。 値として <see langword="null" /> を指定できます。</param>
      <exception cref="T:System.ArgumentOutOfRangeException">
        <paramref name="index" /> が、<see cref="T:System.Collections.SortedList" /> オブジェクトの有効なインデックスの範囲外です。</exception>
    </member>
    <member name="M:System.Collections.SortedList.Synchronized(System.Collections.SortedList)">
      <summary>
        <see cref="T:System.Collections.SortedList" /> オブジェクト用の同期された (スレッド セーフな) ラッパーを返します。</summary>
      <param name="list">同期する <see cref="T:System.Collections.SortedList" /> オブジェクト。</param>
      <exception cref="T:System.ArgumentNullException">
        <paramref name="list" /> が <see langword="null" />です。</exception>
      <returns>
        <see cref="T:System.Collections.SortedList" /> オブジェクト用の同期された (スレッド セーフな) ラッパー。</returns>
    </member>
    <member name="M:System.Collections.SortedList.System#Collections#IEnumerable#GetEnumerator">
      <summary>
        <see cref="T:System.Collections.SortedList" /> を反復処理する <see cref="T:System.Collections.IEnumerator" /> を返します。</summary>
      <returns>
        <see cref="T:System.Collections.IEnumerator" /> の <see cref="T:System.Collections.SortedList" />。</returns>
    </member>
    <member name="M:System.Collections.SortedList.TrimToSize">
      <summary>容量を <see cref="T:System.Collections.SortedList" /> オブジェクト内にある実際の要素数に設定します。</summary>
      <exception cref="T:System.NotSupportedException">
        <see cref="T:System.Collections.SortedList" /> が読み取り専用です。  
  
- または - 
<see cref="T:System.Collections.SortedList" /> は固定サイズです。</exception>
    </member>
    <member name="P:System.Collections.SortedList.Capacity">
      <summary>
        <see cref="T:System.Collections.SortedList" /> オブジェクトの容量を取得または設定します。</summary>
      <exception cref="T:System.ArgumentOutOfRangeException">代入された値が、<see cref="T:System.Collections.SortedList" /> オブジェクト内の現在の要素の数未満です。</exception>
      <exception cref="T:System.OutOfMemoryException">システムで使用可能なメモリが不足しています。</exception>
      <returns>
        <see cref="T:System.Collections.SortedList" /> オブジェクトに格納できる要素の数。</returns>
    </member>
    <member name="P:System.Collections.SortedList.Count">
      <summary>
        <see cref="T:System.Collections.SortedList" /> オブジェクトに格納されている要素の数を取得します。</summary>
      <returns>
        <see cref="T:System.Collections.SortedList" /> オブジェクトに格納されている要素の数。</returns>
    </member>
    <member name="P:System.Collections.SortedList.IsFixedSize">
      <summary>
        <see cref="T:System.Collections.SortedList" /> オブジェクトが固定サイズかどうかを示す値を取得します。</summary>
      <returns>
        <see cref="T:System.Collections.SortedList" /> オブジェクトが固定サイズの場合は <see langword="true" />。それ以外の場合は <see langword="false" />。 既定値は、<see langword="false" /> です。</returns>
    </member>
    <member name="P:System.Collections.SortedList.IsReadOnly">
      <summary>
        <see cref="T:System.Collections.SortedList" /> オブジェクトが読み取り専用かどうかを示す値を取得します。</summary>
      <returns>
        <see cref="T:System.Collections.SortedList" /> オブジェクトが読み取り専用の場合は <see langword="true" />。それ以外の場合は <see langword="false" />。 既定値は、<see langword="false" /> です。</returns>
    </member>
    <member name="P:System.Collections.SortedList.IsSynchronized">
      <summary>
        <see cref="T:System.Collections.SortedList" /> オブジェクトへのアクセスが同期されている (スレッド セーフである) かどうかを示す値を取得します。</summary>
      <returns>
        <see langword="true" /> オブジェクトへのアクセスが同期されている (スレッド セーフである) 場合は <see cref="T:System.Collections.SortedList" />。それ以外の場合は <see langword="false" />。 既定値は、<see langword="false" /> です。</returns>
    </member>
    <member name="P:System.Collections.SortedList.Item(System.Object)">
      <summary>
        <see cref="T:System.Collections.SortedList" /> オブジェクト内の特定のキーに関連付けられている値を取得または設定します。</summary>
      <param name="key">取得または設定する値に関連付けられているキー。</param>
      <exception cref="T:System.ArgumentNullException">
        <paramref name="key" /> が <see langword="null" />です。</exception>
      <exception cref="T:System.NotSupportedException">このプロパティが設定されていますが、<see cref="T:System.Collections.SortedList" /> オブジェクトが読み取り専用です。  
  
- または - 
プロパティが設定済みで、コレクション内に <paramref name="key" /> が存在せず、<see cref="T:System.Collections.SortedList" /> が固定サイズです。</exception>
      <exception cref="T:System.OutOfMemoryException">メモリが不足しているため、<see cref="T:System.Collections.SortedList" /> に要素を追加できません。</exception>
      <exception cref="T:System.InvalidOperationException">比較子が例外をスローしました。</exception>
      <returns>
        <paramref name="key" /> が存在する場合は、<see cref="T:System.Collections.SortedList" /> オブジェクト内の <paramref name="key" /> パラメーターに関連付けられている値。それ以外の場合は <see langword="null" />。</returns>
    </member>
    <member name="P:System.Collections.SortedList.Keys">
      <summary>
        <see cref="T:System.Collections.SortedList" /> オブジェクト内のキーを取得します。</summary>
      <returns>
        <see cref="T:System.Collections.ICollection" /> オブジェクト内のキーを格納している <see cref="T:System.Collections.SortedList" /> オブジェクト。</returns>
    </member>
    <member name="P:System.Collections.SortedList.SyncRoot">
      <summary>
        <see cref="T:System.Collections.SortedList" /> オブジェクトへのアクセスを同期するために使用できるオブジェクトを取得します。</summary>
      <returns>
        <see cref="T:System.Collections.SortedList" /> オブジェクトへのアクセスを同期するために使用できるオブジェクト。</returns>
    </member>
    <member name="P:System.Collections.SortedList.Values">
      <summary>
        <see cref="T:System.Collections.SortedList" /> オブジェクト内の値を取得します。</summary>
      <returns>
        <see cref="T:System.Collections.ICollection" /> オブジェクト内の値を格納している <see cref="T:System.Collections.SortedList" /> オブジェクト。</returns>
    </member>
    <member name="T:System.Collections.Specialized.CollectionsUtil">
      <summary>大文字小文字を無視する文字列のコレクションを作成します。</summary>
    </member>
    <member name="M:System.Collections.Specialized.CollectionsUtil.#ctor">
      <summary>
        <see cref="T:System.Collections.Specialized.CollectionsUtil" /> クラスの新しいインスタンスを初期化します。</summary>
    </member>
    <member name="M:System.Collections.Specialized.CollectionsUtil.CreateCaseInsensitiveHashtable">
      <summary>既定の初期量を備えた、大文字と小文字を区別しない <see cref="T:System.Collections.Hashtable" /> クラスの新しいインスタンスを作成します。</summary>
      <returns>既定の初期量を備えた、<see cref="T:System.Collections.Hashtable" /> クラスの大文字と小文字を区別しない新しいインスタンス。</returns>
    </member>
    <member name="M:System.Collections.Specialized.CollectionsUtil.CreateCaseInsensitiveHashtable(System.Collections.IDictionary)">
      <summary>コピーされるエントリ数と同じ初期量を備えた、<see cref="T:System.Collections.Hashtable" /> クラスの大文字と小文字を区別しない新しいインスタンスに、指定したディクショナリからエントリをコピーします。</summary>
      <param name="d">大文字と小文字を区別しない新しい <see cref="T:System.Collections.IDictionary" /> にコピーする <see cref="T:System.Collections.Hashtable" />。</param>
      <exception cref="T:System.ArgumentNullException">
        <paramref name="d" /> が <see langword="null" />です。</exception>
      <returns>指定した <see cref="T:System.Collections.Hashtable" /> のエントリが格納されている、大文字と小文字を区別しない <see cref="T:System.Collections.IDictionary" /> クラスの新しいインスタンス。</returns>
    </member>
    <member name="M:System.Collections.Specialized.CollectionsUtil.CreateCaseInsensitiveHashtable(System.Int32)">
      <summary>指定した初期量を備えた、大文字と小文字を区別しない <see cref="T:System.Collections.Hashtable" /> クラスの新しいインスタンスを作成します。</summary>
      <param name="capacity">
        <see cref="T:System.Collections.Hashtable" /> が初期状態で格納できるエントリの概数。</param>
      <exception cref="T:System.ArgumentOutOfRangeException">
        <paramref name="capacity" /> が 0 未満です。</exception>
      <returns>指定した初期量を備えた、<see cref="T:System.Collections.Hashtable" /> クラスの大文字と小文字を区別しない新しいインスタンス。</returns>
    </member>
    <member name="M:System.Collections.Specialized.CollectionsUtil.CreateCaseInsensitiveSortedList">
      <summary>文字列の大文字と小文字を区別しない <see cref="T:System.Collections.SortedList" /> クラスの新しいインスタンスを作成します。</summary>
      <returns>文字列の大文字と小文字を区別しない <see cref="T:System.Collections.SortedList" /> クラスの新しいインスタンス。</returns>
    </member>
    <member name="T:System.Collections.Stack">
      <summary>シンプルな後入れ先出し (LIFO) の非ジェネリック オブジェクト コレクションを表します。</summary>
    </member>
    <member name="M:System.Collections.Stack.#ctor">
      <summary>空で、既定の初期量を備えた、<see cref="T:System.Collections.Stack" /> クラスの新しいインスタンスを初期化します。</summary>
    </member>
    <member name="M:System.Collections.Stack.#ctor(System.Collections.ICollection)">
      <summary>指定したコレクションからコピーした要素を格納し、コピーされる要素の数と同じ初期量を備えた、<see cref="T:System.Collections.Stack" /> クラスの新しいインスタンスを初期化します。</summary>
      <param name="col">要素のコピー元の <see cref="T:System.Collections.ICollection" />。</param>
      <exception cref="T:System.ArgumentNullException">
        <paramref name="col" /> が <see langword="null" />です。</exception>
    </member>
    <member name="M:System.Collections.Stack.#ctor(System.Int32)">
      <summary>空で、指定した初期量または既定の初期量のうち大きい方の初期量を備えた、<see cref="T:System.Collections.Stack" /> クラスの新しいインスタンスを初期化します。</summary>
      <param name="initialCapacity">
        <see cref="T:System.Collections.Stack" /> が格納できる要素数の初期値。</param>
      <exception cref="T:System.ArgumentOutOfRangeException">
        <paramref name="initialCapacity" /> が 0 未満です。</exception>
    </member>
    <member name="M:System.Collections.Stack.Clear">
      <summary>
        <see cref="T:System.Collections.Stack" /> からすべてのオブジェクトを削除します。</summary>
    </member>
    <member name="M:System.Collections.Stack.Clone">
      <summary>
        <see cref="T:System.Collections.Stack" /> の簡易コピーを作成します。</summary>
      <returns>
        <see cref="T:System.Collections.Stack" /> の簡易コピー。</returns>
    </member>
    <member name="M:System.Collections.Stack.Contains(System.Object)">
      <summary>ある要素が <see cref="T:System.Collections.Stack" /> 内に存在するかどうかを判断します。</summary>
      <param name="obj">
        <see cref="T:System.Collections.Stack" /> 内で検索するオブジェクト。 値として <see langword="null" /> を指定できます。</param>
      <returns>
        <paramref name="obj" /> が <see cref="T:System.Collections.Stack" /> に存在する場合は <see langword="true" />。それ以外の場合は <see langword="false" />。</returns>
    </member>
    <member name="M:System.Collections.Stack.CopyTo(System.Array,System.Int32)">
      <summary>
        <see cref="T:System.Collections.Stack" /> を既存の 1 次元 <see cref="T:System.Array" /> に、指定の配列インデックスを開始位置としてコピーします。</summary>
      <param name="array">
        <see cref="T:System.Array" /> から要素がコピーされる 1 次元の <see cref="T:System.Collections.Stack" />。 <see cref="T:System.Array" /> には、0 から始まるインデックス番号が必要です。</param>
      <param name="index">コピーの開始位置とする <paramref name="array" /> のインデックス (0 から始まる)。</param>
      <exception cref="T:System.ArgumentNullException">
        <paramref name="array" /> が <see langword="null" />です。</exception>
      <exception cref="T:System.ArgumentOutOfRangeException">
        <paramref name="index" /> が 0 未満です。</exception>
      <exception cref="T:System.ArgumentException">
        <paramref name="array" /> が多次元です。  
  
- または - 
コピー元の <see cref="T:System.Collections.Stack" /> の要素数が、コピー先 <paramref name="array" /> の <paramref name="index" /> から最後までの使用可能領域を超えています。</exception>
      <exception cref="T:System.InvalidCastException">コピー元の <see cref="T:System.Collections.Stack" /> の型をコピー先の <paramref name="array" /> の型に自動的にキャストすることはできません。</exception>
    </member>
    <member name="M:System.Collections.Stack.GetEnumerator">
      <summary>
        <see cref="T:System.Collections.IEnumerator" /> の <see cref="T:System.Collections.Stack" /> を返します。</summary>
      <returns>
        <see cref="T:System.Collections.IEnumerator" /> の <see cref="T:System.Collections.Stack" />。</returns>
    </member>
    <member name="M:System.Collections.Stack.Peek">
      <summary>
        <see cref="T:System.Collections.Stack" /> の先頭にあるオブジェクトを削除せずに返します。</summary>
      <exception cref="T:System.InvalidOperationException">
        <see cref="T:System.Collections.Stack" /> が空です。</exception>
      <returns>
        <see cref="T:System.Object" /> の先頭にある <see cref="T:System.Collections.Stack" />。</returns>
    </member>
    <member name="M:System.Collections.Stack.Pop">
      <summary>
        <see cref="T:System.Collections.Stack" /> の先頭にあるオブジェクトを削除し、返します。</summary>
      <exception cref="T:System.InvalidOperationException">
        <see cref="T:System.Collections.Stack" /> が空です。</exception>
      <returns>
        <see cref="T:System.Collections.Stack" /> の先頭から削除された <see cref="T:System.Object" />。</returns>
    </member>
    <member name="M:System.Collections.Stack.Push(System.Object)">
      <summary>
        <see cref="T:System.Collections.Stack" /> の先頭にオブジェクトを挿入します。</summary>
      <param name="obj">
        <see cref="T:System.Collections.Stack" /> にプッシュする <see cref="T:System.Object" />。 値として <see langword="null" /> を指定できます。</param>
    </member>
    <member name="M:System.Collections.Stack.Synchronized(System.Collections.Stack)">
      <summary>
        <see cref="T:System.Collections.Stack" /> 用の同期された (スレッド セーフな) ラッパーを返します。</summary>
      <param name="stack">同期する <see cref="T:System.Collections.Stack" />。</param>
      <exception cref="T:System.ArgumentNullException">
        <paramref name="stack" /> が <see langword="null" />です。</exception>
      <returns>
        <see cref="T:System.Collections.Stack" /> 用の同期されたラッパー。</returns>
    </member>
    <member name="M:System.Collections.Stack.ToArray">
      <summary>
        <see cref="T:System.Collections.Stack" /> を新しい配列にコピーします。</summary>
      <returns>
        <see cref="T:System.Collections.Stack" /> の要素のコピーを格納する新しい配列。</returns>
    </member>
    <member name="P:System.Collections.Stack.Count">
      <summary>
        <see cref="T:System.Collections.Stack" /> に格納されている要素の数を取得します。</summary>
      <returns>
        <see cref="T:System.Collections.Stack" /> に格納されている要素の数。</returns>
    </member>
    <member name="P:System.Collections.Stack.IsSynchronized">
      <summary>
        <see cref="T:System.Collections.Stack" /> へのアクセスが同期されている (スレッド セーフである) かどうかを示す値を取得します。</summary>
      <returns>
        <see cref="T:System.Collections.Stack" /> へのアクセスが同期されている (スレッド セーフである) 場合は <see langword="true" />。それ以外の場合は <see langword="false" />。 既定値は、<see langword="false" /> です。</returns>
    </member>
    <member name="P:System.Collections.Stack.SyncRoot">
      <summary>
        <see cref="T:System.Collections.Stack" /> へのアクセスを同期するために使用できるオブジェクトを取得します。</summary>
      <returns>
        <see cref="T:System.Object" /> へのアクセスを同期するために使用できる <see cref="T:System.Collections.Stack" />。</returns>
    </member>
  </members>
</doc>