<doc>
  <assembly>
    <name>System.Net.Http.Json</name>
  </assembly>
  <members>
    <member name="T:System.Net.Http.Json.HttpClientJsonExtensions">
      <summary>HTTP コンテンツを JSON として送受信する拡張メソッドを格納します。</summary>
    </member>
    <member name="M:System.Net.Http.Json.HttpClientJsonExtensions.GetFromJsonAsync(System.Net.Http.HttpClient,System.String,System.Type,System.Text.Json.JsonSerializerOptions,System.Threading.CancellationToken)">
      <summary>指定された URI に GET 要求を送信し、応答本文を JSON として逆シリアル化した結果の値を非同期操作で返します。</summary>
      <param name="client">要求の送信に使用されるクライアント。</param>
      <param name="requestUri">要求の送信先 URI。</param>
      <param name="type">逆シリアル化して返すオブジェクトの型。</param>
      <param name="options">逆シリアル化の間の動作を制御するオプション。既定のオプションは <see cref="F:System.Text.Json.JsonSerializerDefaults.Web" /> です。</param>
      <param name="cancellationToken">キャンセル通知を受け取るために他のオブジェクトまたはスレッドで使用できるキャンセル トークン。</param>
      <returns>非同期操作を表すタスク オブジェクト。</returns>
    </member>
    <member name="M:System.Net.Http.Json.HttpClientJsonExtensions.GetFromJsonAsync(System.Net.Http.HttpClient,System.String,System.Type,System.Text.Json.Serialization.JsonSerializerContext,System.Threading.CancellationToken)">
      <summary>Sends a GET request to the specified Uri and returns the value that results from deserializing the response body as JSON in an asynchronous operation.</summary>
      <param name="client">The client used to send the request.</param>
      <param name="requestUri">The Uri the request is sent to.</param>
      <param name="type">The type of the object to deserialize to and return.</param>
      <param name="context">Source generated JsonSerializerContext used to control the deserialization behavior.</param>
      <param name="cancellationToken">A cancellation token that can be used by other objects or threads to receive notice of cancellation.</param>
      <returns>The task object representing the asynchronous operation.</returns>
    </member>
    <member name="M:System.Net.Http.Json.HttpClientJsonExtensions.GetFromJsonAsync(System.Net.Http.HttpClient,System.String,System.Type,System.Threading.CancellationToken)">
      <summary>指定された URI に GET 要求を送信し、応答本文を JSON として逆シリアル化した結果の値を非同期操作で返します。</summary>
      <param name="client">要求の送信に使用されるクライアント。</param>
      <param name="requestUri">要求の送信先 URI。</param>
      <param name="type">逆シリアル化して返すオブジェクトの型。</param>
      <param name="cancellationToken">キャンセル通知を受け取るために他のオブジェクトまたはスレッドで使用できるキャンセル トークン。</param>
      <returns>非同期操作を表すタスク オブジェクト。</returns>
    </member>
    <member name="M:System.Net.Http.Json.HttpClientJsonExtensions.GetFromJsonAsync(System.Net.Http.HttpClient,System.Uri,System.Type,System.Text.Json.JsonSerializerOptions,System.Threading.CancellationToken)">
      <summary>指定された URI に GET 要求を送信し、応答本文を JSON として逆シリアル化した結果の値を非同期操作で返します。</summary>
      <param name="client">要求の送信に使用されるクライアント。</param>
      <param name="requestUri">要求の送信先 URI。</param>
      <param name="type">逆シリアル化して返すオブジェクトの型。</param>
      <param name="options">逆シリアル化の間の動作を制御するオプション。既定のオプションは <see cref="F:System.Text.Json.JsonSerializerDefaults.Web" /> です。</param>
      <param name="cancellationToken">キャンセル通知を受け取るために他のオブジェクトまたはスレッドで使用できるキャンセル トークン。</param>
      <returns>非同期操作を表すタスク オブジェクト。</returns>
    </member>
    <member name="M:System.Net.Http.Json.HttpClientJsonExtensions.GetFromJsonAsync(System.Net.Http.HttpClient,System.Uri,System.Type,System.Text.Json.Serialization.JsonSerializerContext,System.Threading.CancellationToken)">
      <summary>Sends a GET request to the specified Uri and returns the value that results from deserializing the response body as JSON in an asynchronous operation.</summary>
      <param name="client">The client used to send the request.</param>
      <param name="requestUri">The Uri the request is sent to.</param>
      <param name="type">The type of the object to deserialize to and return.</param>
      <param name="context">Source generated JsonSerializerContext used to control the deserialization behavior.</param>
      <param name="cancellationToken">A cancellation token that can be used by other objects or threads to receive notice of cancellation.</param>
      <returns>The task object representing the asynchronous operation.</returns>
    </member>
    <member name="M:System.Net.Http.Json.HttpClientJsonExtensions.GetFromJsonAsync(System.Net.Http.HttpClient,System.Uri,System.Type,System.Threading.CancellationToken)">
      <summary>指定された URI に GET 要求を送信し、応答本文を JSON として逆シリアル化した結果の値を非同期操作で返します。</summary>
      <param name="client">要求の送信に使用されるクライアント。</param>
      <param name="requestUri">要求の送信先 URI。</param>
      <param name="type">逆シリアル化して返すオブジェクトの型。</param>
      <param name="cancellationToken">キャンセル通知を受け取るために他のオブジェクトまたはスレッドで使用できるキャンセル トークン。</param>
      <returns>非同期操作を表すタスク オブジェクト。</returns>
    </member>
    <member name="M:System.Net.Http.Json.HttpClientJsonExtensions.GetFromJsonAsync``1(System.Net.Http.HttpClient,System.String,System.Text.Json.JsonSerializerOptions,System.Threading.CancellationToken)">
      <summary>指定された URI に GET 要求を送信し、応答本文を JSON として逆シリアル化した結果の値を非同期操作で返します。</summary>
      <param name="client">要求の送信に使用されるクライアント。</param>
      <param name="requestUri">要求の送信先 URI。</param>
      <param name="options">逆シリアル化の間の動作を制御するオプション。既定のオプションは <see cref="F:System.Text.Json.JsonSerializerDefaults.Web" /> です。</param>
      <param name="cancellationToken">キャンセル通知を受け取るために他のオブジェクトまたはスレッドで使用できるキャンセル トークン。</param>
      <typeparam name="TValue">逆シリアル化する対象の型。</typeparam>
      <returns>非同期操作を表すタスク オブジェクト。</returns>
    </member>
    <member name="M:System.Net.Http.Json.HttpClientJsonExtensions.GetFromJsonAsync``1(System.Net.Http.HttpClient,System.String,System.Text.Json.Serialization.Metadata.JsonTypeInfo{``0},System.Threading.CancellationToken)">
      <summary>Sends a GET request to the specified Uri and returns the value that results from deserializing the response body as JSON in an asynchronous operation.</summary>
      <param name="client">The client used to send the request.</param>
      <param name="requestUri">The Uri the request is sent to.</param>
      <param name="jsonTypeInfo">Source generated JsonTypeInfo to control the behavior during deserialization.</param>
      <param name="cancellationToken">A cancellation token that can be used by other objects or threads to receive notice of cancellation.</param>
      <typeparam name="TValue">The target type to deserialize to.</typeparam>
      <returns>The task object representing the asynchronous operation.</returns>
    </member>
    <member name="M:System.Net.Http.Json.HttpClientJsonExtensions.GetFromJsonAsync``1(System.Net.Http.HttpClient,System.String,System.Threading.CancellationToken)">
      <summary>指定された URI に GET 要求を送信し、応答本文を JSON として逆シリアル化した結果の値を非同期操作で返します。</summary>
      <param name="client">要求の送信に使用されるクライアント。</param>
      <param name="requestUri">要求の送信先 URI。</param>
      <param name="cancellationToken">キャンセル通知を受け取るために他のオブジェクトまたはスレッドで使用できるキャンセル トークン。</param>
      <typeparam name="TValue">逆シリアル化する対象の型。</typeparam>
      <returns>非同期操作を表すタスク オブジェクト。</returns>
    </member>
    <member name="M:System.Net.Http.Json.HttpClientJsonExtensions.GetFromJsonAsync``1(System.Net.Http.HttpClient,System.Uri,System.Text.Json.JsonSerializerOptions,System.Threading.CancellationToken)">
      <summary>指定された URI に GET 要求を送信し、応答本文を JSON として逆シリアル化した結果の値を非同期操作で返します。</summary>
      <param name="client">要求の送信に使用されるクライアント。</param>
      <param name="requestUri">要求の送信先 URI。</param>
      <param name="options">逆シリアル化の間の動作を制御するオプション。既定のオプションは <see cref="F:System.Text.Json.JsonSerializerDefaults.Web" /> です。</param>
      <param name="cancellationToken">キャンセル通知を受け取るために他のオブジェクトまたはスレッドで使用できるキャンセル トークン。</param>
      <typeparam name="TValue">逆シリアル化する対象の型。</typeparam>
      <returns>非同期操作を表すタスク オブジェクト。</returns>
    </member>
    <member name="M:System.Net.Http.Json.HttpClientJsonExtensions.GetFromJsonAsync``1(System.Net.Http.HttpClient,System.Uri,System.Text.Json.Serialization.Metadata.JsonTypeInfo{``0},System.Threading.CancellationToken)">
      <summary>Sends a GET request to the specified Uri and returns the value that results from deserializing the response body as JSON in an asynchronous operation.</summary>
      <param name="client">The client used to send the request.</param>
      <param name="requestUri">The Uri the request is sent to.</param>
      <param name="jsonTypeInfo">Source generated JsonTypeInfo to control the behavior during deserialization.</param>
      <param name="cancellationToken">A cancellation token that can be used by other objects or threads to receive notice of cancellation.</param>
      <typeparam name="TValue">The target type to deserialize to.</typeparam>
      <returns>The task object representing the asynchronous operation.</returns>
    </member>
    <member name="M:System.Net.Http.Json.HttpClientJsonExtensions.GetFromJsonAsync``1(System.Net.Http.HttpClient,System.Uri,System.Threading.CancellationToken)">
      <summary>指定された URI に GET 要求を送信し、応答本文を JSON として逆シリアル化した結果の値を非同期操作で返します。</summary>
      <param name="client">要求の送信に使用されるクライアント。</param>
      <param name="requestUri">要求の送信先 URI。</param>
      <param name="cancellationToken">キャンセル通知を受け取るために他のオブジェクトまたはスレッドで使用できるキャンセル トークン。</param>
      <typeparam name="TValue">逆シリアル化する対象の型。</typeparam>
      <returns>非同期操作を表すタスク オブジェクト。</returns>
    </member>
    <member name="M:System.Net.Http.Json.HttpClientJsonExtensions.PostAsJsonAsync``1(System.Net.Http.HttpClient,System.String,``0,System.Text.Json.JsonSerializerOptions,System.Threading.CancellationToken)">
      <summary>要求本文に JSON としてシリアル化された <paramref name="value" /> が含まれる POST 要求を、指定された URI に送信します。</summary>
      <param name="client">要求の送信に使用されるクライアント。</param>
      <param name="requestUri">要求の送信先 URI。</param>
      <param name="value">シリアル化する値。</param>
      <param name="options">シリアル化の間の動作を制御するオプション。既定のオプションは <see cref="F:System.Text.Json.JsonSerializerDefaults.Web" /> です。</param>
      <param name="cancellationToken">キャンセル通知を受け取るために他のオブジェクトまたはスレッドで使用できるキャンセル トークン。</param>
      <typeparam name="TValue">シリアル化する値の型。</typeparam>
      <returns>非同期操作を表すタスク オブジェクト。</returns>
    </member>
    <member name="M:System.Net.Http.Json.HttpClientJsonExtensions.PostAsJsonAsync``1(System.Net.Http.HttpClient,System.String,``0,System.Text.Json.Serialization.Metadata.JsonTypeInfo{``0},System.Threading.CancellationToken)">
      <summary>Sends a POST request to the specified Uri containing the <paramref name="value" /> serialized as JSON in the request body.</summary>
      <param name="client">The client used to send the request.</param>
      <param name="requestUri">The Uri the request is sent to.</param>
      <param name="value">The value to serialize.</param>
      <param name="jsonTypeInfo">Source generated JsonTypeInfo to control the behavior during serialization.</param>
      <param name="cancellationToken">A cancellation token that can be used by other objects or threads to receive notice of cancellation.</param>
      <typeparam name="TValue">The type of the value to serialize.</typeparam>
      <returns>The task object representing the asynchronous operation.</returns>
    </member>
    <member name="M:System.Net.Http.Json.HttpClientJsonExtensions.PostAsJsonAsync``1(System.Net.Http.HttpClient,System.String,``0,System.Threading.CancellationToken)">
      <summary>要求本文に JSON としてシリアル化された <paramref name="value" /> が含まれる POST 要求を、指定された URI に送信します。</summary>
      <param name="client">要求の送信に使用されるクライアント。</param>
      <param name="requestUri">要求の送信先 URI。</param>
      <param name="value">シリアル化する値。</param>
      <param name="cancellationToken">キャンセル通知を受け取るために他のオブジェクトまたはスレッドで使用できるキャンセル トークン。</param>
      <typeparam name="TValue">シリアル化する値の型。</typeparam>
      <returns>非同期操作を表すタスク オブジェクト。</returns>
    </member>
    <member name="M:System.Net.Http.Json.HttpClientJsonExtensions.PostAsJsonAsync``1(System.Net.Http.HttpClient,System.Uri,``0,System.Text.Json.JsonSerializerOptions,System.Threading.CancellationToken)">
      <summary>要求本文に JSON としてシリアル化された <paramref name="value" /> が含まれる POST 要求を、指定された URI に送信します。</summary>
      <param name="client">要求の送信に使用されるクライアント。</param>
      <param name="requestUri">要求の送信先 URI。</param>
      <param name="value">シリアル化する値。</param>
      <param name="options">シリアル化の間の動作を制御するオプション。既定のオプションは <see cref="F:System.Text.Json.JsonSerializerDefaults.Web" /> です。</param>
      <param name="cancellationToken">キャンセル通知を受け取るために他のオブジェクトまたはスレッドで使用できるキャンセル トークン。</param>
      <typeparam name="TValue">シリアル化する値の型。</typeparam>
      <returns>非同期操作を表すタスク オブジェクト。</returns>
    </member>
    <member name="M:System.Net.Http.Json.HttpClientJsonExtensions.PostAsJsonAsync``1(System.Net.Http.HttpClient,System.Uri,``0,System.Text.Json.Serialization.Metadata.JsonTypeInfo{``0},System.Threading.CancellationToken)">
      <summary>Sends a POST request to the specified Uri containing the <paramref name="value" /> serialized as JSON in the request body.</summary>
      <param name="client">The client used to send the request.</param>
      <param name="requestUri">The Uri the request is sent to.</param>
      <param name="value">The value to serialize.</param>
      <param name="jsonTypeInfo">Source generated JsonTypeInfo to control the behavior during serialization.</param>
      <param name="cancellationToken">A cancellation token that can be used by other objects or threads to receive notice of cancellation.</param>
      <typeparam name="TValue">The type of the value to serialize.</typeparam>
      <returns>The task object representing the asynchronous operation.</returns>
    </member>
    <member name="M:System.Net.Http.Json.HttpClientJsonExtensions.PostAsJsonAsync``1(System.Net.Http.HttpClient,System.Uri,``0,System.Threading.CancellationToken)">
      <summary>要求本文に JSON としてシリアル化された <paramref name="value" /> が含まれる POST 要求を、指定された URI に送信します。</summary>
      <param name="client">要求の送信に使用されるクライアント。</param>
      <param name="requestUri">要求の送信先 URI。</param>
      <param name="value">シリアル化する値。</param>
      <param name="cancellationToken">キャンセル通知を受け取るために他のオブジェクトまたはスレッドで使用できるキャンセル トークン。</param>
      <typeparam name="TValue">シリアル化する値の型。</typeparam>
      <returns>非同期操作を表すタスク オブジェクト。</returns>
    </member>
    <member name="M:System.Net.Http.Json.HttpClientJsonExtensions.PutAsJsonAsync``1(System.Net.Http.HttpClient,System.String,``0,System.Text.Json.JsonSerializerOptions,System.Threading.CancellationToken)">
      <summary>要求本文に JSON としてシリアル化された <paramref name="value" /> が含まれる PUT 要求を、指定された URI に送信します。</summary>
      <param name="client">要求の送信に使用されるクライアント。</param>
      <param name="requestUri">要求の送信先 URI。</param>
      <param name="value">シリアル化する値。</param>
      <param name="options">シリアル化の間の動作を制御するオプション。既定のオプションは <see cref="F:System.Text.Json.JsonSerializerDefaults.Web" /> です。</param>
      <param name="cancellationToken">キャンセル通知を受け取るために他のオブジェクトまたはスレッドで使用できるキャンセル トークン。</param>
      <typeparam name="TValue">シリアル化する値の型。</typeparam>
      <returns>非同期操作を表すタスク オブジェクト。</returns>
    </member>
    <member name="M:System.Net.Http.Json.HttpClientJsonExtensions.PutAsJsonAsync``1(System.Net.Http.HttpClient,System.String,``0,System.Text.Json.Serialization.Metadata.JsonTypeInfo{``0},System.Threading.CancellationToken)">
      <summary>Send a PUT request to the specified Uri containing the <paramref name="value" /> serialized as JSON in the request body.</summary>
      <param name="client">The client used to send the request.</param>
      <param name="requestUri">The Uri the request is sent to.</param>
      <param name="value">The value to serialize.</param>
      <param name="jsonTypeInfo">Source generated JsonTypeInfo to control the behavior during serialization.</param>
      <param name="cancellationToken">A cancellation token that can be used by other objects or threads to receive notice of cancellation.</param>
      <typeparam name="TValue">The type of the value to serialize.</typeparam>
      <returns>The task object representing the asynchronous operation.</returns>
    </member>
    <member name="M:System.Net.Http.Json.HttpClientJsonExtensions.PutAsJsonAsync``1(System.Net.Http.HttpClient,System.String,``0,System.Threading.CancellationToken)">
      <summary>要求本文に JSON としてシリアル化された <paramref name="value" /> が含まれる PUT 要求を、指定された URI に送信します。</summary>
      <param name="client">要求の送信に使用されるクライアント。</param>
      <param name="requestUri">要求の送信先 URI。</param>
      <param name="value">シリアル化する値。</param>
      <param name="cancellationToken">キャンセル通知を受け取るために他のオブジェクトまたはスレッドで使用できるキャンセル トークン。</param>
      <typeparam name="TValue">シリアル化する値の型。</typeparam>
      <returns>非同期操作を表すタスク オブジェクト。</returns>
    </member>
    <member name="M:System.Net.Http.Json.HttpClientJsonExtensions.PutAsJsonAsync``1(System.Net.Http.HttpClient,System.Uri,``0,System.Text.Json.JsonSerializerOptions,System.Threading.CancellationToken)">
      <summary>要求本文に JSON としてシリアル化された <paramref name="value" /> が含まれる PUT 要求を、指定された URI に送信します。</summary>
      <param name="client">要求の送信に使用されるクライアント。</param>
      <param name="requestUri">要求の送信先 URI。</param>
      <param name="value">シリアル化する値。</param>
      <param name="options">シリアル化の間の動作を制御するオプション。既定のオプションは <see cref="F:System.Text.Json.JsonSerializerDefaults.Web" /> です。</param>
      <param name="cancellationToken">キャンセル通知を受け取るために他のオブジェクトまたはスレッドで使用できるキャンセル トークン。</param>
      <typeparam name="TValue">シリアル化する値の型。</typeparam>
      <returns>非同期操作を表すタスク オブジェクト。</returns>
    </member>
    <member name="M:System.Net.Http.Json.HttpClientJsonExtensions.PutAsJsonAsync``1(System.Net.Http.HttpClient,System.Uri,``0,System.Text.Json.Serialization.Metadata.JsonTypeInfo{``0},System.Threading.CancellationToken)">
      <summary>Send a PUT request to the specified Uri containing the <paramref name="value" /> serialized as JSON in the request body.</summary>
      <param name="client">The client used to send the request.</param>
      <param name="requestUri">The Uri the request is sent to.</param>
      <param name="value">The value to serialize.</param>
      <param name="jsonTypeInfo">Source generated JsonTypeInfo to control the behavior during serialization.</param>
      <param name="cancellationToken">A cancellation token that can be used by other objects or threads to receive notice of cancellation.</param>
      <typeparam name="TValue">The type of the value to serialize.</typeparam>
      <returns>The task object representing the asynchronous operation.</returns>
    </member>
    <member name="M:System.Net.Http.Json.HttpClientJsonExtensions.PutAsJsonAsync``1(System.Net.Http.HttpClient,System.Uri,``0,System.Threading.CancellationToken)">
      <summary>要求本文に JSON としてシリアル化された <paramref name="value" /> が含まれる PUT 要求を、指定された URI に送信します。</summary>
      <param name="client">要求の送信に使用されるクライアント。</param>
      <param name="requestUri">要求の送信先 URI。</param>
      <param name="value">シリアル化する値。</param>
      <param name="cancellationToken">キャンセル通知を受け取るために他のオブジェクトまたはスレッドで使用できるキャンセル トークン。</param>
      <typeparam name="TValue">シリアル化する値の型。</typeparam>
      <returns>非同期操作を表すタスク オブジェクト。</returns>
    </member>
    <member name="T:System.Net.Http.Json.HttpContentJsonExtensions">
      <summary>JSON から <see cref="T:System.Net.Http.HttpContent" /> を読み取って解析するための拡張メソッドが含まれます。</summary>
    </member>
    <member name="M:System.Net.Http.Json.HttpContentJsonExtensions.ReadFromJsonAsync(System.Net.Http.HttpContent,System.Type,System.Text.Json.JsonSerializerOptions,System.Threading.CancellationToken)">
      <summary>非同期操作で HTTP コンテンツを読み取り、JSON としてコンテンツを逆シリアル化した結果の値を返します。</summary>
      <param name="content">読み取り元のコンテンツ。</param>
      <param name="type">逆シリアル化して返すオブジェクトの型。</param>
      <param name="options">逆シリアル化の間の動作を制御するオプション。既定のオプションは <see cref="F:System.Text.Json.JsonSerializerDefaults.Web" /> です。</param>
      <param name="cancellationToken">キャンセル通知を受け取るために他のオブジェクトまたはスレッドで使用できるキャンセル トークン。</param>
      <returns>非同期操作を表すタスク オブジェクト。</returns>
    </member>
    <member name="M:System.Net.Http.Json.HttpContentJsonExtensions.ReadFromJsonAsync(System.Net.Http.HttpContent,System.Type,System.Text.Json.Serialization.JsonSerializerContext,System.Threading.CancellationToken)">
      <summary>Reads the HTTP content and returns the value that results from deserializing the content as JSON in an asynchronous operation.</summary>
      <param name="content">The content to read from.</param>
      <param name="type">The type of the object to deserialize to and return.</param>
      <param name="context">Source generated JsonSerializerContext used to control the behavior during deserialization.</param>
      <param name="cancellationToken">A cancellation token that can be used by other objects or threads to receive notice of cancellation.</param>
      <returns>The task object representing the asynchronous operation.</returns>
    </member>
    <member name="M:System.Net.Http.Json.HttpContentJsonExtensions.ReadFromJsonAsync``1(System.Net.Http.HttpContent,System.Text.Json.JsonSerializerOptions,System.Threading.CancellationToken)">
      <summary>非同期操作で HTTP コンテンツを読み取り、JSON としてコンテンツを逆シリアル化した結果の値を返します。</summary>
      <param name="content">読み取り元のコンテンツ。</param>
      <param name="options">逆シリアル化の間の動作を制御するオプション。既定のオプションは <see cref="F:System.Text.Json.JsonSerializerDefaults.Web" /> です。</param>
      <param name="cancellationToken">キャンセル通知を受け取るために他のオブジェクトまたはスレッドで使用できるキャンセル トークン。</param>
      <typeparam name="T">逆シリアル化する対象の型。</typeparam>
      <returns>非同期操作を表すタスク オブジェクト。</returns>
    </member>
    <member name="M:System.Net.Http.Json.HttpContentJsonExtensions.ReadFromJsonAsync``1(System.Net.Http.HttpContent,System.Text.Json.Serialization.Metadata.JsonTypeInfo{``0},System.Threading.CancellationToken)">
      <summary>Reads the HTTP content and returns the value that results from deserializing the content as JSON in an asynchronous operation.</summary>
      <param name="content">The content to read from.</param>
      <param name="jsonTypeInfo">Source generated JsonTypeInfo to control the behavior during deserialization.</param>
      <param name="cancellationToken">A cancellation token that can be used by other objects or threads to receive notice of cancellation.</param>
      <typeparam name="T">The target type to deserialize to.</typeparam>
      <returns>The task object representing the asynchronous operation.</returns>
    </member>
    <member name="T:System.Net.Http.Json.JsonContent">
      <summary>JSON に基づく HTTP コンテンツを提供します。</summary>
    </member>
    <member name="M:System.Net.Http.Json.JsonContent.Create(System.Object,System.Type,System.Net.Http.Headers.MediaTypeHeaderValue,System.Text.Json.JsonSerializerOptions)">
      <summary>JSON としてシリアル化された <paramref name="inputValue" /> を含む <see cref="T:System.Net.Http.Json.JsonContent" /> クラスの新しいインスタンスを作成します。</summary>
      <param name="inputValue">シリアル化する値。</param>
      <param name="inputType">シリアル化する値の型。</param>
      <param name="mediaType">コンテンツに使用するメディア タイプ。</param>
      <param name="options">シリアル化の間の動作を制御するオプション。既定のオプションは <see cref="F:System.Text.Json.JsonSerializerDefaults.Web" /> です。</param>
      <returns>
        <see cref="T:System.Net.Http.Json.JsonContent" /> のインスタンス。</returns>
    </member>
    <member name="M:System.Net.Http.Json.JsonContent.Create``1(``0,System.Net.Http.Headers.MediaTypeHeaderValue,System.Text.Json.JsonSerializerOptions)">
      <summary>JSON としてシリアル化された <paramref name="inputValue" /> を含む <see cref="T:System.Net.Http.Json.JsonContent" /> クラスの新しいインスタンスを作成します。</summary>
      <param name="inputValue">シリアル化する値。</param>
      <param name="mediaType">コンテンツに使用するメディア タイプ。</param>
      <param name="options">シリアル化の間の動作を制御するオプション。既定のオプションは <see cref="F:System.Text.Json.JsonSerializerDefaults.Web" /> です。</param>
      <typeparam name="T">シリアル化する値の型。</typeparam>
      <returns>
        <see cref="T:System.Net.Http.Json.JsonContent" /> のインスタンス。</returns>
    </member>
    <member name="P:System.Net.Http.Json.JsonContent.ObjectType">
      <summary>このインスタンスによってシリアル化される <see cref="P:System.Net.Http.Json.JsonContent.Value" /> の型を取得します。</summary>
      <returns>
        <see cref="P:System.Net.Http.Json.JsonContent.Value" />このインスタンスによってシリアル化されるの型。</returns>
    </member>
    <member name="P:System.Net.Http.Json.JsonContent.Value">
      <summary>シリアル化されて、このインスタンスを送信する <see cref="T:System.Net.Http.HttpRequestMessage" /> の本文として使用される値を取得します。</summary>
      <returns>このインスタンスを送信するの本体としてシリアル化され、使用される値 <see cref="T:System.Net.Http.HttpRequestMessage" /> 。</returns>
    </member>
  </members>
</doc>