<doc>
  <assembly>
    <name>System.Runtime.Serialization.Primitives</name>
  </assembly>
  <members>
    <member name="T:System.Runtime.Serialization.CollectionDataContractAttribute">
      <summary>コレクション型に適用すると、コレクション項目要素をカスタム指定できます。 この属性は、<see cref="T:System.Runtime.Serialization.DataContractSerializer" /> が有効なシリアル化可能コレクションとして認識する型に対してのみ適用できます。</summary>
    </member>
    <member name="M:System.Runtime.Serialization.CollectionDataContractAttribute.#ctor">
      <summary>
        <see cref="T:System.Runtime.Serialization.CollectionDataContractAttribute" /> クラスの新しいインスタンスを初期化します。</summary>
    </member>
    <member name="P:System.Runtime.Serialization.CollectionDataContractAttribute.IsItemNameSetExplicitly">
      <summary>
        <see cref="P:System.Runtime.Serialization.CollectionDataContractAttribute.ItemName" /> が明示的に設定されているかどうかを取得します。</summary>
      <returns>
        <see langword="true" /> 項目名が明示的に設定されている場合は。それ以外の場合は <see langword="false" /> 。</returns>
    </member>
    <member name="P:System.Runtime.Serialization.CollectionDataContractAttribute.IsKeyNameSetExplicitly">
      <summary>
        <see cref="P:System.Runtime.Serialization.CollectionDataContractAttribute.KeyName" /> が明示的に設定されているかどうかを取得します。</summary>
      <returns>
        <see langword="true" /> キー名が明示的に設定されている場合は。それ以外の場合は <see langword="false" /> 。</returns>
    </member>
    <member name="P:System.Runtime.Serialization.CollectionDataContractAttribute.IsNameSetExplicitly">
      <summary>
        <see cref="P:System.Runtime.Serialization.CollectionDataContractAttribute.Name" /> が明示的に設定されているかどうかを取得します。</summary>
      <returns>
        <see langword="true" /> 名前が明示的に設定されている場合は。それ以外の場合は <see langword="false" /> 。</returns>
    </member>
    <member name="P:System.Runtime.Serialization.CollectionDataContractAttribute.IsNamespaceSetExplicitly">
      <summary>
        <see cref="P:System.Runtime.Serialization.CollectionDataContractAttribute.Namespace" /> が明示的に設定されているかどうかを取得します。</summary>
      <returns>
        <see langword="true" /> 項目の名前空間が明示的に設定されている場合は。それ以外の場合は <see langword="false" /> 。</returns>
    </member>
    <member name="P:System.Runtime.Serialization.CollectionDataContractAttribute.IsReference">
      <summary>オブジェクト参照データを保持するかどうかを示す値を取得または設定します。</summary>
      <returns>オブジェクト参照データを保持する場合は <see langword="true" />。それ以外の場合は <see langword="false" />。 既定値は、<see langword="false" /> です。</returns>
    </member>
    <member name="P:System.Runtime.Serialization.CollectionDataContractAttribute.IsReferenceSetExplicitly">
      <summary>参照が明示的に設定されているかどうかを取得します。</summary>
      <returns>参照が明示的に設定されている場合は <see langword="true" />。それ以外の場合は <see langword="false" />。</returns>
    </member>
    <member name="P:System.Runtime.Serialization.CollectionDataContractAttribute.IsValueNameSetExplicitly">
      <summary>
        <see cref="P:System.Runtime.Serialization.CollectionDataContractAttribute.ValueName" /> が明示的に設定されているかどうかを取得します。</summary>
      <returns>
        <see langword="true" /> 値の名前が明示的に設定されている場合は。それ以外の場合は <see langword="false" /> 。</returns>
    </member>
    <member name="P:System.Runtime.Serialization.CollectionDataContractAttribute.ItemName">
      <summary>コレクション要素のカスタム名を取得または設定します。</summary>
      <returns>コレクション要素に適用する名前。</returns>
    </member>
    <member name="P:System.Runtime.Serialization.CollectionDataContractAttribute.KeyName">
      <summary>ディクショナリ キー名のカスタム名を取得または設定します。</summary>
      <returns>既定のディクショナリ キー名の代わりに使用する名前。</returns>
    </member>
    <member name="P:System.Runtime.Serialization.CollectionDataContractAttribute.Name">
      <summary>コレクション型のデータ コントラクト名を取得または設定します。</summary>
      <returns>コレクション型のデータ コントラクト名。</returns>
    </member>
    <member name="P:System.Runtime.Serialization.CollectionDataContractAttribute.Namespace">
      <summary>データ コントラクトの名前空間を取得または設定します。</summary>
      <returns>データ コントラクトの名前空間。</returns>
    </member>
    <member name="P:System.Runtime.Serialization.CollectionDataContractAttribute.ValueName">
      <summary>ディクショナリ値名のカスタム名を取得または設定します。</summary>
      <returns>既定のディクショナリ値名の代わりに使用する名前。</returns>
    </member>
    <member name="T:System.Runtime.Serialization.ContractNamespaceAttribute">
      <summary>データ コントラクトの CLR 名前空間と XML 名前空間を指定します。</summary>
    </member>
    <member name="M:System.Runtime.Serialization.ContractNamespaceAttribute.#ctor(System.String)">
      <summary>指定した名前空間を使用して、<see cref="T:System.Runtime.Serialization.ContractNamespaceAttribute" /> クラスの新しいインスタンスを初期化します。</summary>
      <param name="contractNamespace">コントラクトの名前空間。</param>
    </member>
    <member name="P:System.Runtime.Serialization.ContractNamespaceAttribute.ClrNamespace">
      <summary>データ コントラクト型の CLR 名前空間を取得または設定します。</summary>
      <returns>型の CLR-legal 名前空間。</returns>
    </member>
    <member name="P:System.Runtime.Serialization.ContractNamespaceAttribute.ContractNamespace">
      <summary>データ コントラクト メンバーの名前空間を取得します。</summary>
      <returns>データ コントラクト メンバーの名前空間。</returns>
    </member>
    <member name="T:System.Runtime.Serialization.DataContractAttribute">
      <summary>この型が、データ コントラクトを定義または実装し、<see cref="T:System.Runtime.Serialization.DataContractSerializer" /> などのシリアライザーによってシリアル化可能であることを指定します。 型をシリアル化可能にするには、型作成者が、型のデータ コントラクトを定義する必要があります。</summary>
    </member>
    <member name="M:System.Runtime.Serialization.DataContractAttribute.#ctor">
      <summary>
        <see cref="T:System.Runtime.Serialization.DataContractAttribute" /> クラスの新しいインスタンスを初期化します。</summary>
    </member>
    <member name="P:System.Runtime.Serialization.DataContractAttribute.IsNameSetExplicitly">
      <summary>
        <see cref="P:System.Runtime.Serialization.DataContractAttribute.Name" /> が明示的に設定されているかどうかを取得します。</summary>
      <returns>
        <see langword="true" /> 名前が明示的に設定されている場合は。それ以外の場合は <see langword="false" /> 。</returns>
    </member>
    <member name="P:System.Runtime.Serialization.DataContractAttribute.IsNamespaceSetExplicitly">
      <summary>
        <see cref="P:System.Runtime.Serialization.DataContractAttribute.Namespace" /> が明示的に設定されているかどうかを取得します。</summary>
      <returns>
        <see langword="true" /> 名前空間が明示的に設定されている場合は。それ以外の場合は <see langword="false" /> 。</returns>
    </member>
    <member name="P:System.Runtime.Serialization.DataContractAttribute.IsReference">
      <summary>オブジェクト参照データを保持するかどうかを示す値を取得または設定します。</summary>
      <returns>標準 XML を使用してオブジェクト参照データを保持する場合は <see langword="true" />。それ以外の場合は <see langword="false" />。 既定値は、<see langword="false" /> です。</returns>
    </member>
    <member name="P:System.Runtime.Serialization.DataContractAttribute.IsReferenceSetExplicitly">
      <summary>
        <see cref="P:System.Runtime.Serialization.DataContractAttribute.IsReference" /> が明示的に設定されているかどうかを取得します。</summary>
      <returns>参照が明示的に設定されている場合は <see langword="true" />。それ以外の場合は <see langword="false" />。</returns>
    </member>
    <member name="P:System.Runtime.Serialization.DataContractAttribute.Name">
      <summary>型のデータ コントラクトの名前を取得または設定します。</summary>
      <returns>データ コントラクトのローカル名。 既定値は、この属性が適用されるクラスの名前です。</returns>
    </member>
    <member name="P:System.Runtime.Serialization.DataContractAttribute.Namespace">
      <summary>型のデータ コントラクトの名前空間を取得または設定します。</summary>
      <returns>コントラクトの名前空間。</returns>
    </member>
    <member name="T:System.Runtime.Serialization.DataMemberAttribute">
      <summary>型のメンバーに適用する場合は、そのメンバーがデータ コントラクトの一部であり、<see cref="T:System.Runtime.Serialization.DataContractSerializer" /> によってシリアル化されることを指定します。</summary>
    </member>
    <member name="M:System.Runtime.Serialization.DataMemberAttribute.#ctor">
      <summary>
        <see cref="T:System.Runtime.Serialization.DataMemberAttribute" /> クラスの新しいインスタンスを初期化します。</summary>
    </member>
    <member name="P:System.Runtime.Serialization.DataMemberAttribute.EmitDefaultValue">
      <summary>シリアル化されるフィールドまたはプロパティのデフォルト値をシリアル化するかどうかを指定する値を取得または設定します。</summary>
      <returns>メンバーのデフォルト値をシリアル化ストリームの中で生成する必要がある場合は <see langword="true" />。それ以外の場合は <see langword="false" />。 既定値は、<see langword="true" /> です。</returns>
    </member>
    <member name="P:System.Runtime.Serialization.DataMemberAttribute.IsNameSetExplicitly">
      <summary>
        <see cref="P:System.Runtime.Serialization.DataMemberAttribute.Name" /> が明示的に設定されているかどうかを取得します。</summary>
      <returns>
        <see langword="true" /> 名前が明示的に設定されている場合は。それ以外の場合は <see langword="false" /> 。</returns>
    </member>
    <member name="P:System.Runtime.Serialization.DataMemberAttribute.IsRequired">
      <summary>読み取りまたは逆シリアル化を行うときにメンバーが存在しなければならないシリアル化エンジンを指示する値を取得または設定します。</summary>
      <exception cref="T:System.Runtime.Serialization.SerializationException">メンバーが存在しません。</exception>
      <returns>メンバーが必要な場合は <see langword="true" />。それ以外の場合は <see langword="false" />。</returns>
    </member>
    <member name="P:System.Runtime.Serialization.DataMemberAttribute.Name">
      <summary>データ メンバー名を取得または設定します。</summary>
      <returns>データ メンバーの名前。 既定値は、属性が適用されるターゲットの名前です。</returns>
    </member>
    <member name="P:System.Runtime.Serialization.DataMemberAttribute.Order">
      <summary>メンバーのシリアル化と逆シリアル化の順序を取得または設定します。</summary>
      <returns>シリアル化または逆シリアル化の数値順序。</returns>
    </member>
    <member name="T:System.Runtime.Serialization.EnumMemberAttribute">
      <summary>フィールドが列挙体メンバーであり、シリアル化される必要があることを指定します。</summary>
    </member>
    <member name="M:System.Runtime.Serialization.EnumMemberAttribute.#ctor">
      <summary>
        <see cref="T:System.Runtime.Serialization.EnumMemberAttribute" /> クラスの新しいインスタンスを初期化します。</summary>
    </member>
    <member name="P:System.Runtime.Serialization.EnumMemberAttribute.IsValueSetExplicitly">
      <summary>
        <see cref="P:System.Runtime.Serialization.EnumMemberAttribute.Value" /> が明示的に設定されているかどうかを取得します。</summary>
      <returns>値が明示的に設定されている場合は <see langword="true" />。それ以外の場合は <see langword="false" />。</returns>
    </member>
    <member name="P:System.Runtime.Serialization.EnumMemberAttribute.Value">
      <summary>属性を適用する列挙体メンバーに関連付けられた値を取得または設定します。</summary>
      <returns>列挙体メンバーに関連付けられている値。</returns>
    </member>
    <member name="T:System.Runtime.Serialization.IgnoreDataMemberAttribute">
      <summary>型のメンバーに適用する場合は、そのメンバーがデータ コントラクトの一部ではなく、シリアル化されないことを指定します。</summary>
    </member>
    <member name="M:System.Runtime.Serialization.IgnoreDataMemberAttribute.#ctor">
      <summary>
        <see cref="T:System.Runtime.Serialization.IgnoreDataMemberAttribute" /> クラスの新しいインスタンスを初期化します。</summary>
    </member>
    <member name="T:System.Runtime.Serialization.InvalidDataContractException">
      <summary>シリアル化と逆シリアル化の間に、<see cref="T:System.Runtime.Serialization.DataContractSerializer" /> または <see cref="T:System.Runtime.Serialization.NetDataContractSerializer" /> で無効なデータ コントラクトが発生した場合にスローされる例外。</summary>
    </member>
    <member name="M:System.Runtime.Serialization.InvalidDataContractException.#ctor">
      <summary>
        <see cref="T:System.Runtime.Serialization.InvalidDataContractException" /> クラスの新しいインスタンスを初期化します。</summary>
    </member>
    <member name="M:System.Runtime.Serialization.InvalidDataContractException.#ctor(System.Runtime.Serialization.SerializationInfo,System.Runtime.Serialization.StreamingContext)">
      <summary>指定された <see cref="T:System.Runtime.Serialization.InvalidDataContractException" /> と <see cref="T:System.Runtime.Serialization.SerializationInfo" /> を使用して、<see cref="T:System.Runtime.Serialization.StreamingContext" /> クラスの新しいインスタンスを初期化します。</summary>
      <param name="info">オブジェクトをシリアル化または逆シリアル化するために必要なデータを含む <see cref="T:System.Runtime.Serialization.SerializationInfo" />。</param>
      <param name="context">シリアル化および逆シリアル化中のユーザー コンテキストを指定する <see cref="T:System.Runtime.Serialization.StreamingContext" />。</param>
    </member>
    <member name="M:System.Runtime.Serialization.InvalidDataContractException.#ctor(System.String)">
      <summary>指定されたエラー メッセージで <see cref="T:System.Runtime.Serialization.InvalidDataContractException" /> クラスの新しいインスタンスを初期化します。</summary>
      <param name="message">エラーの説明。</param>
    </member>
    <member name="M:System.Runtime.Serialization.InvalidDataContractException.#ctor(System.String,System.Exception)">
      <summary>指定したエラー メッセージと内部例外を使用して、<see cref="T:System.Runtime.Serialization.InvalidDataContractException" /> クラスの新しいインスタンスを初期化します。</summary>
      <param name="message">エラーの説明。</param>
      <param name="innerException">元の <see cref="T:System.Exception" />。</param>
    </member>
    <member name="T:System.Runtime.Serialization.ISerializationSurrogateProvider">
      <summary>
        <see cref="T:System.Runtime.Serialization.DataContractSerializer" /> を拡張するシリアル化サロゲートを構築するのに必要なメソッドを提供します。 シリアル化サロゲートはシリアル化と逆シリアル化で使用して、1 つの型を別の型に置き換えます。</summary>
    </member>
    <member name="M:System.Runtime.Serialization.ISerializationSurrogateProvider.GetDeserializedObject(System.Object,System.Type)">
      <summary>逆シリアル化中に、指定したオブジェクトの代替物であるオブジェクトを返します。</summary>
      <param name="obj">置き換えの対象となる逆シリアル化されたオブジェクト。</param>
      <param name="targetType">置き換えられたオブジェクトに割り当てる <see cref="T:System.Type" />。</param>
      <returns>置き換えられて逆シリアル化されたオブジェクト。</returns>
    </member>
    <member name="M:System.Runtime.Serialization.ISerializationSurrogateProvider.GetObjectToSerialize(System.Object,System.Type)">
      <summary>シリアル化中に、指定したオブジェクトを置き換えるオブジェクトを返します。</summary>
      <param name="obj">置き換えるオブジェクト。</param>
      <param name="targetType">置き換えられたオブジェクトに割り当てる <see cref="T:System.Type" />。</param>
      <returns>シリアル化される置き換えられたオブジェクト。</returns>
    </member>
    <member name="M:System.Runtime.Serialization.ISerializationSurrogateProvider.GetSurrogateType(System.Type)">
      <summary>シリアル化、逆シリアル化、およびスキーマのインポートとエクスポートの間に、指定した型を置き換えるデータ コントラクト型を返します。</summary>
      <param name="type">置き換える型。</param>
      <returns>
        <see cref="T:System.Type" /> 値を置き換えるための <paramref name="type" />。</returns>
    </member>
    <member name="T:System.Runtime.Serialization.KnownTypeAttribute">
      <summary>特定の型をシリアル化または逆シリアル化するときに、<see cref="T:System.Runtime.Serialization.DataContractSerializer" /> が認識する必要がある型を指定します。</summary>
    </member>
    <member name="M:System.Runtime.Serialization.KnownTypeAttribute.#ctor(System.String)">
      <summary>既知の型の <see cref="T:System.Runtime.Serialization.KnownTypeAttribute" /> を返すメソッドの名前を指定して、<see cref="T:System.Collections.IEnumerable" /> クラスの新しいインスタンスを初期化します。</summary>
      <param name="methodName">データをシリアル化または逆シリアル化するときに使用される型の <see cref="T:System.Collections.IEnumerable" /> を返すメソッドの名前。</param>
    </member>
    <member name="M:System.Runtime.Serialization.KnownTypeAttribute.#ctor(System.Type)">
      <summary>型を指定して、<see cref="T:System.Runtime.Serialization.KnownTypeAttribute" /> クラスの新しいインスタンスを初期化します。</summary>
      <param name="type">データをシリアル化または逆シリアル化するときに既知の型として含まれる <see cref="T:System.Type" />。</param>
    </member>
    <member name="P:System.Runtime.Serialization.KnownTypeAttribute.MethodName">
      <summary>シリアル化または逆シリアル化の間に認識する必要がある型のリストを返すメソッドの名前を取得します。</summary>
      <returns>
        <see cref="T:System.String" /> クラスによって定義された型に対するメソッドの名前を含む <see cref="T:System.Runtime.Serialization.KnownTypeAttribute" />。</returns>
    </member>
    <member name="P:System.Runtime.Serialization.KnownTypeAttribute.Type">
      <summary>
        <see cref="T:System.Runtime.Serialization.DataContractSerializer" /> によるシリアル化または逆シリアル化の間に認識する必要がある型を取得します。</summary>
      <returns>シリアル化または逆シリアル化の間に使用される <see cref="T:System.Type" />。</returns>
    </member>
  </members>
</doc>