<doc>
  <assembly>
    <name>Microsoft.Win32.SystemEvents</name>
  </assembly>
  <members>
    <member name="T:Microsoft.Win32.PowerModeChangedEventArgs">
      <summary>
        <see cref="E:Microsoft.Win32.SystemEvents.PowerModeChanged" /> イベントのデータを提供します。</summary>
    </member>
    <member name="M:Microsoft.Win32.PowerModeChangedEventArgs.#ctor(Microsoft.Win32.PowerModes)">
      <summary>指定した電源モード イベントの種類を使用して、<see cref="T:Microsoft.Win32.PowerModeChangedEventArgs" /> クラスの新しいインスタンスを初期化します。</summary>
      <param name="mode">電源モード イベントの種類を表す <see cref="T:Microsoft.Win32.PowerModes" /> 値の 1 つ。</param>
    </member>
    <member name="P:Microsoft.Win32.PowerModeChangedEventArgs.Mode">
      <summary>発生した電源モード イベントの種類を示す識別子を取得します。</summary>
      <returns>
        <see cref="T:Microsoft.Win32.PowerModes" /> 値のいずれか 1 つ。</returns>
    </member>
    <member name="T:Microsoft.Win32.PowerModeChangedEventHandler">
      <summary>
        <see cref="E:Microsoft.Win32.SystemEvents.PowerModeChanged" /> イベントを処理するメソッドを表します。</summary>
      <param name="sender">イベントのソース。 <see cref="T:Microsoft.Win32.SystemEvents" /> クラスによってこのイベントが生成された場合、このオブジェクトは常に <see langword="null" /> を返します。</param>
      <param name="e">イベント データを格納している <see cref="T:Microsoft.Win32.PowerModeChangedEventArgs" />。</param>
    </member>
    <member name="T:Microsoft.Win32.PowerModes">
      <summary>オペレーティング システムから報告される電源モード イベントの識別子を定義します。</summary>
    </member>
    <member name="F:Microsoft.Win32.PowerModes.Resume">
      <summary>オペレーティング システムが中断状態から再開されます。</summary>
    </member>
    <member name="F:Microsoft.Win32.PowerModes.StatusChange">
      <summary>電源モードのステータス通知がオペレーティング システムで発生しました。 これは、バッテリ電力が低下した、バッテリの充電中、AC 電源とバッテリの間で移行しているなど、システム電源のステータスが変化したことを示している可能性があります。</summary>
    </member>
    <member name="F:Microsoft.Win32.PowerModes.Suspend">
      <summary>オペレーティング システムが中断されます。</summary>
    </member>
    <member name="T:Microsoft.Win32.SessionEndedEventArgs">
      <summary>
        <see cref="E:Microsoft.Win32.SystemEvents.SessionEnded" /> イベントのデータを提供します。</summary>
    </member>
    <member name="M:Microsoft.Win32.SessionEndedEventArgs.#ctor(Microsoft.Win32.SessionEndReasons)">
      <summary>
        <see cref="T:Microsoft.Win32.SessionEndedEventArgs" /> クラスの新しいインスタンスを初期化します。</summary>
      <param name="reason">セッションが終了した理由を表す <see cref="T:Microsoft.Win32.SessionEndReasons" /> 値の 1 つ。</param>
    </member>
    <member name="P:Microsoft.Win32.SessionEndedEventArgs.Reason">
      <summary>セッションが終了した理由を表す識別子を取得します。</summary>
      <returns>セッションが終了した理由を示す <see cref="T:Microsoft.Win32.SessionEndReasons" /> 値の 1 つ。</returns>
    </member>
    <member name="T:Microsoft.Win32.SessionEndedEventHandler">
      <summary>
        <see cref="E:Microsoft.Win32.SystemEvents.SessionEnded" /> イベントを処理するメソッドを表します。</summary>
      <param name="sender">イベントのソース。 <see cref="T:Microsoft.Win32.SystemEvents" /> クラスによってこのイベントが生成された場合、このオブジェクトは常に <see langword="null" /> を返します。</param>
      <param name="e">イベント データを格納している <see cref="T:Microsoft.Win32.SessionEndedEventArgs" />。</param>
    </member>
    <member name="T:Microsoft.Win32.SessionEndingEventArgs">
      <summary>
        <see cref="E:Microsoft.Win32.SystemEvents.SessionEnding" /> イベントのデータを提供します。</summary>
    </member>
    <member name="M:Microsoft.Win32.SessionEndingEventArgs.#ctor(Microsoft.Win32.SessionEndReasons)">
      <summary>発生するセッション クローズ イベントの種類を示す値を指定して、<see cref="T:Microsoft.Win32.SessionEndingEventArgs" /> クラスの新しいインスタンスを初期化します。</summary>
      <param name="reason">セッションが終了する理由を指定する <see cref="T:Microsoft.Win32.SessionEndReasons" /> の 1 つ。</param>
    </member>
    <member name="P:Microsoft.Win32.SessionEndingEventArgs.Cancel">
      <summary>ユーザーによるセッションの終了要求をキャンセルするかどうかを示す値を取得または設定します。</summary>
      <returns>ユーザーによるセッションの終了要求をキャンセルする場合は <see langword="true" />。それ以外の場合は <see langword="false" />。</returns>
    </member>
    <member name="P:Microsoft.Win32.SessionEndingEventArgs.Reason">
      <summary>セッションが終了する理由を取得します。</summary>
      <returns>セッションが終了する理由を指定する <see cref="T:Microsoft.Win32.SessionEndReasons" /> 値の 1 つ。</returns>
    </member>
    <member name="T:Microsoft.Win32.SessionEndingEventHandler">
      <summary>オペレーティング システムからの <see cref="E:Microsoft.Win32.SystemEvents.SessionEnding" /> イベントを処理するメソッドを表します。</summary>
      <param name="sender">イベントのソース。 <see cref="T:Microsoft.Win32.SystemEvents" /> クラスによってこのイベントが生成された場合、このオブジェクトは常に <see langword="null" /> を返します。</param>
      <param name="e">イベント データを格納している <see cref="T:Microsoft.Win32.SessionEndingEventArgs" />。</param>
    </member>
    <member name="T:Microsoft.Win32.SessionEndReasons">
      <summary>現在のログオン セッションの終了方法を表す識別子を定義します。</summary>
    </member>
    <member name="F:Microsoft.Win32.SessionEndReasons.Logoff">
      <summary>ユーザーがログオフして現在のユーザー セッションを終了しようとしています。 オペレーティング システムは実行を継続します。</summary>
    </member>
    <member name="F:Microsoft.Win32.SessionEndReasons.SystemShutdown">
      <summary>オペレーティング システムがシャットダウンしています。</summary>
    </member>
    <member name="T:Microsoft.Win32.SessionSwitchEventArgs">
      <summary>
        <see cref="E:Microsoft.Win32.SystemEvents.SessionSwitch" /> イベントのデータを提供します。</summary>
    </member>
    <member name="M:Microsoft.Win32.SessionSwitchEventArgs.#ctor(Microsoft.Win32.SessionSwitchReason)">
      <summary>指定したセッション変更イベントの種類識別子を使用して、<see cref="T:Microsoft.Win32.SessionSwitchEventArgs" /> クラスの新しいインスタンスを初期化します。</summary>
      <param name="reason">セッション変更イベントの種類を示す <see cref="T:Microsoft.Win32.SessionSwitchReason" />。</param>
    </member>
    <member name="P:Microsoft.Win32.SessionSwitchEventArgs.Reason">
      <summary>セッション変更イベントの種類を示す識別子を取得します。</summary>
      <returns>セッション変更イベントの種類を示す <see cref="T:Microsoft.Win32.SessionSwitchReason" />。</returns>
    </member>
    <member name="T:Microsoft.Win32.SessionSwitchEventHandler">
      <summary>
        <see cref="E:Microsoft.Win32.SystemEvents.SessionSwitch" /> イベントを処理するメソッドを表します。</summary>
      <param name="sender">イベントのソース。</param>
      <param name="e">セッション変更イベントの種類を示す <see cref="T:Microsoft.Win32.SessionSwitchEventArgs" />。</param>
    </member>
    <member name="T:Microsoft.Win32.SessionSwitchReason">
      <summary>セッション切り替えイベントの種類を表す識別子を定義します。</summary>
    </member>
    <member name="F:Microsoft.Win32.SessionSwitchReason.ConsoleConnect">
      <summary>セッションはコンソールから接続されています。</summary>
    </member>
    <member name="F:Microsoft.Win32.SessionSwitchReason.ConsoleDisconnect">
      <summary>セッションはコンソールから切断されました。</summary>
    </member>
    <member name="F:Microsoft.Win32.SessionSwitchReason.RemoteConnect">
      <summary>セッションはリモート接続から接続されています。</summary>
    </member>
    <member name="F:Microsoft.Win32.SessionSwitchReason.RemoteDisconnect">
      <summary>セッションはリモート接続から切断されました。</summary>
    </member>
    <member name="F:Microsoft.Win32.SessionSwitchReason.SessionLogon">
      <summary>ユーザーがセッションにログオンしました。</summary>
    </member>
    <member name="F:Microsoft.Win32.SessionSwitchReason.SessionLogoff">
      <summary>ユーザーがセッションからログオフしました。</summary>
    </member>
    <member name="F:Microsoft.Win32.SessionSwitchReason.SessionLock">
      <summary>セッションはロックされています。</summary>
    </member>
    <member name="F:Microsoft.Win32.SessionSwitchReason.SessionUnlock">
      <summary>セッションのロックが解除されました。</summary>
    </member>
    <member name="F:Microsoft.Win32.SessionSwitchReason.SessionRemoteControl">
      <summary>セッションの状態がリモート制御モードに変更されたか、またはリモート制御モードから変更されました。</summary>
    </member>
    <member name="T:Microsoft.Win32.SystemEvents">
      <summary>システム イベント通知へのアクセスを提供します。 このクラスは継承できません。</summary>
    </member>
    <member name="E:Microsoft.Win32.SystemEvents.DisplaySettingsChanging">
      <summary>表示設定が変更されているときに発生します。</summary>
      <exception cref="T:System.InvalidOperationException">システム イベント通知は、現在のコンテキストではサポートされていません。 たとえば、サーバー プロセスがグローバル システム イベント通知をサポートしていない可能性があります。</exception>
      <exception cref="T:System.Runtime.InteropServices.ExternalException">システム イベント ウィンドウ スレッドの作成が成功しませんでした。</exception>
    </member>
    <member name="E:Microsoft.Win32.SystemEvents.DisplaySettingsChanged">
      <summary>ユーザーが表示設定を変更すると発生します。</summary>
      <exception cref="T:System.InvalidOperationException">システム イベント通知は、現在のコンテキストではサポートされていません。 たとえば、サーバー プロセスがグローバル システム イベント通知をサポートしていない可能性があります。</exception>
      <exception cref="T:System.Runtime.InteropServices.ExternalException">システム イベント ウィンドウ スレッドの作成が成功しませんでした。</exception>
    </member>
    <member name="E:Microsoft.Win32.SystemEvents.EventsThreadShutdown">
      <summary>システム イベントを待機するスレッドが終了する前に発生します。</summary>
      <exception cref="T:System.InvalidOperationException">システム イベント通知は、現在のコンテキストではサポートされていません。 たとえば、サーバー プロセスがグローバル システム イベント通知をサポートしていない可能性があります。</exception>
      <exception cref="T:System.Runtime.InteropServices.ExternalException">システム イベント ウィンドウ スレッドの作成が成功しませんでした。</exception>
    </member>
    <member name="E:Microsoft.Win32.SystemEvents.InstalledFontsChanged">
      <summary>ユーザーがシステム フォントを追加するか、またはシステム フォントを削除すると発生します。</summary>
      <exception cref="T:System.InvalidOperationException">システム イベント通知は、現在のコンテキストではサポートされていません。 たとえば、サーバー プロセスがグローバル システム イベント通知をサポートしていない可能性があります。</exception>
      <exception cref="T:System.Runtime.InteropServices.ExternalException">システム イベント ウィンドウ スレッドの作成が成功しませんでした。</exception>
    </member>
    <member name="E:Microsoft.Win32.SystemEvents.LowMemory">
      <summary>システムで使用可能な RAM が不足すると発生します。</summary>
      <exception cref="T:System.InvalidOperationException">システム イベント通知は、現在のコンテキストではサポートされていません。 たとえば、サーバー プロセスがグローバル システム イベント通知をサポートしていない可能性があります。</exception>
      <exception cref="T:System.Runtime.InteropServices.ExternalException">システム イベント ウィンドウ スレッドの作成が成功しませんでした。</exception>
    </member>
    <member name="E:Microsoft.Win32.SystemEvents.PaletteChanged">
      <summary>ユーザーが、別のパレットを使用するアプリケーションに切り替えると発生します。</summary>
      <exception cref="T:System.InvalidOperationException">システム イベント通知は、現在のコンテキストではサポートされていません。 たとえば、サーバー プロセスがグローバル システム イベント通知をサポートしていない可能性があります。</exception>
      <exception cref="T:System.Runtime.InteropServices.ExternalException">システム イベント ウィンドウ スレッドの作成が成功しませんでした。</exception>
    </member>
    <member name="E:Microsoft.Win32.SystemEvents.PowerModeChanged">
      <summary>ユーザーがシステムを中断または再開すると発生します。</summary>
      <exception cref="T:System.InvalidOperationException">システム イベント通知は、現在のコンテキストではサポートされていません。 たとえば、サーバー プロセスがグローバル システム イベント通知をサポートしていない可能性があります。</exception>
      <exception cref="T:System.Runtime.InteropServices.ExternalException">システム イベント ウィンドウ スレッドの作成が成功しませんでした。</exception>
    </member>
    <member name="E:Microsoft.Win32.SystemEvents.SessionEnded">
      <summary>ユーザーがシステムからログオフするか、システムをシャットダウンすると発生します。</summary>
      <exception cref="T:System.InvalidOperationException">システム イベント通知は、現在のコンテキストではサポートされていません。 たとえば、サーバー プロセスがグローバル システム イベント通知をサポートしていない可能性があります。</exception>
      <exception cref="T:System.Runtime.InteropServices.ExternalException">システム イベント ウィンドウ スレッドの作成が成功しませんでした。</exception>
    </member>
    <member name="E:Microsoft.Win32.SystemEvents.SessionEnding">
      <summary>ユーザーがシステムからログオフしようとした場合、またはシステムをシャットダウンしようとした場合に発生します。</summary>
      <exception cref="T:System.InvalidOperationException">システム イベント通知は、現在のコンテキストではサポートされていません。 たとえば、サーバー プロセスがグローバル システム イベント通知をサポートしていない可能性があります。</exception>
      <exception cref="T:System.Runtime.InteropServices.ExternalException">システム イベント ウィンドウ スレッドの作成が成功しませんでした。</exception>
    </member>
    <member name="E:Microsoft.Win32.SystemEvents.SessionSwitch">
      <summary>現在ログインしているユーザーが変更された場合に発生します。</summary>
      <exception cref="T:System.InvalidOperationException">システム イベント通知は、現在のコンテキストではサポートされていません。 たとえば、サーバー プロセスがグローバル システム イベント通知をサポートしていない可能性があります。</exception>
      <exception cref="T:System.Runtime.InteropServices.ExternalException">システム イベント ウィンドウ スレッドの作成が成功しませんでした。</exception>
    </member>
    <member name="E:Microsoft.Win32.SystemEvents.TimeChanged">
      <summary>ユーザーがシステム時間を変更すると発生します。</summary>
      <exception cref="T:System.InvalidOperationException">システム イベント通知は、現在のコンテキストではサポートされていません。 たとえば、サーバー プロセスがグローバル システム イベント通知をサポートしていない可能性があります。</exception>
      <exception cref="T:System.Runtime.InteropServices.ExternalException">システム イベント ウィンドウ スレッドの作成が成功しませんでした。</exception>
    </member>
    <member name="E:Microsoft.Win32.SystemEvents.TimerElapsed">
      <summary>ウィンドウ タイマー間隔が経過したときに発生します。</summary>
      <exception cref="T:System.InvalidOperationException">システム イベント通知は、現在のコンテキストではサポートされていません。 たとえば、サーバー プロセスがグローバル システム イベント通知をサポートしていない可能性があります。</exception>
      <exception cref="T:System.Runtime.InteropServices.ExternalException">システム イベント ウィンドウ スレッドの作成が成功しませんでした。</exception>
    </member>
    <member name="E:Microsoft.Win32.SystemEvents.UserPreferenceChanged">
      <summary>ユーザー設定が変更されると発生します。</summary>
      <exception cref="T:System.InvalidOperationException">システム イベント通知は、現在のコンテキストではサポートされていません。 たとえば、サーバー プロセスがグローバル システム イベント通知をサポートしていない可能性があります。</exception>
      <exception cref="T:System.Runtime.InteropServices.ExternalException">システム イベント ウィンドウ スレッドの作成が成功しませんでした。</exception>
    </member>
    <member name="E:Microsoft.Win32.SystemEvents.UserPreferenceChanging">
      <summary>ユーザー設定を変更しているときに発生します。</summary>
      <exception cref="T:System.InvalidOperationException">システム イベント通知は、現在のコンテキストではサポートされていません。 たとえば、サーバー プロセスがグローバル システム イベント通知をサポートしていない可能性があります。</exception>
      <exception cref="T:System.Runtime.InteropServices.ExternalException">システム イベント ウィンドウ スレッドの作成が成功しませんでした。</exception>
    </member>
    <member name="M:Microsoft.Win32.SystemEvents.ConsoleHandlerProc(System.Int32)">
      <summary>
             Console handler we add in case we are a console application or a service.
             Without this we will not get end session events.
            </summary>
    </member>
    <member name="M:Microsoft.Win32.SystemEvents.CreateTimer(System.Int32)">
      <summary>システム イベント ウィンドウに関連付けられた新しいウィンドウ タイマーを作成します。</summary>
      <param name="interval">タイマー通知の間隔 (ミリ秒) を指定します。</param>
      <exception cref="T:System.ArgumentException">間隔が 0 以下です。</exception>
      <exception cref="T:System.InvalidOperationException">システム イベント通知は、現在のコンテキストではサポートされていません。 たとえば、サーバー プロセスがグローバル システム イベント通知をサポートしていない可能性があります。</exception>
      <exception cref="T:System.Runtime.InteropServices.ExternalException">システム イベント ウィンドウ スレッドの作成が成功しなかったか、タイマーの作成が成功しませんでした。</exception>
      <returns>新しいタイマーの ID。</returns>
    </member>
    <member name="M:Microsoft.Win32.SystemEvents.EnsureSystemEvents(System.Boolean)">
      <summary>
             Creates the static resources needed by system events.
            </summary>
    </member>
    <member name="M:Microsoft.Win32.SystemEvents.InvokeMarshaledCallbacks">
      <summary>
             Called on the control's owning thread to perform the actual callback.
             This empties this control's callback queue, propagating any exceptions
             back as needed.
            </summary>
    </member>
    <member name="M:Microsoft.Win32.SystemEvents.InvokeOnEventsThread(System.Delegate)">
      <summary>システム イベントを待機するスレッドを使って指定したデリゲートを呼び出します。</summary>
      <param name="method">システム イベントを待機するスレッドを使って呼び出すデリゲート。</param>
      <exception cref="T:System.InvalidOperationException">システム イベント通知は、現在のコンテキストではサポートされていません。 たとえば、サーバー プロセスがグローバル システム イベント通知をサポートしていない可能性があります。</exception>
      <exception cref="T:System.Runtime.InteropServices.ExternalException">システム イベント ウィンドウ スレッドの作成が成功しませんでした。</exception>
    </member>
    <member name="M:Microsoft.Win32.SystemEvents.KillTimer(System.IntPtr)">
      <summary>特定の ID によって指定されたタイマーが終了します。</summary>
      <param name="timerId">終了するタイマーの ID。</param>
      <exception cref="T:System.InvalidOperationException">システム イベント通知は、現在のコンテキストではサポートされていません。 たとえば、サーバー プロセスがグローバル システム イベント通知をサポートしていない可能性があります。</exception>
      <exception cref="T:System.Runtime.InteropServices.ExternalException">システム イベント ウィンドウ スレッドの作成が成功しなかったか、タイマーの終了が成功しませんでした。</exception>
    </member>
    <member name="M:Microsoft.Win32.SystemEvents.OnCreateTimer(System.IntPtr)">
      <summary>
             Callback that handles the create timer
             user message.
            </summary>
    </member>
    <member name="M:Microsoft.Win32.SystemEvents.OnDisplaySettingsChanging">
      <summary>
             Handler that raises the DisplaySettings changing event
            </summary>
    </member>
    <member name="M:Microsoft.Win32.SystemEvents.OnDisplaySettingsChanged">
      <summary>
             Handler that raises the DisplaySettings changed event
            </summary>
    </member>
    <member name="M:Microsoft.Win32.SystemEvents.OnGenericEvent(System.Object)">
      <summary>
             Handler for any event that fires a standard EventHandler delegate.
            </summary>
    </member>
    <member name="M:Microsoft.Win32.SystemEvents.OnKillTimer(System.IntPtr)">
      <summary>
             Callback that handles the KillTimer user message.
            </summary>
    </member>
    <member name="M:Microsoft.Win32.SystemEvents.OnPowerModeChanged(System.IntPtr)">
      <summary>
             Handler for WM_POWERBROADCAST.
            </summary>
    </member>
    <member name="M:Microsoft.Win32.SystemEvents.OnSessionEnded(System.IntPtr,System.IntPtr)">
      <summary>
             Handler for WM_ENDSESSION.
            </summary>
    </member>
    <member name="M:Microsoft.Win32.SystemEvents.OnSessionEnding(System.IntPtr)">
      <summary>
             Handler for WM_QUERYENDSESSION.
            </summary>
    </member>
    <member name="M:Microsoft.Win32.SystemEvents.OnThemeChanged">
      <summary>
             Handler for WM_THEMECHANGED
             VS 2005 note: Before VS 2005, we used to fire UserPreferenceChanged with category
             set to Window. In VS 2005, we support visual styles and need a new category Theme
             since Window is too general. We fire UserPreferenceChanged with this category, but
             for backward compat, we also fire it with category set to Window.
            </summary>
    </member>
    <member name="M:Microsoft.Win32.SystemEvents.OnUserPreferenceChanged(System.Int32,System.IntPtr,System.IntPtr)">
      <summary>
             Handler for WM_SETTINGCHANGE and WM_SYSCOLORCHANGE.
            </summary>
    </member>
    <member name="M:Microsoft.Win32.SystemEvents.OnTimerElapsed(System.IntPtr)">
      <summary>
             Handler for WM_TIMER.
            </summary>
    </member>
    <member name="M:Microsoft.Win32.SystemEvents.WindowProc(System.IntPtr,System.Int32,System.IntPtr,System.IntPtr)">
      <summary>
             A standard Win32 window proc for our broadcast window.
            </summary>
    </member>
    <member name="M:Microsoft.Win32.SystemEvents.WindowThreadProc">
      <summary>
             This is the method that runs our window thread.  This method
             creates a window and spins up a message loop.  The window
             is made visible with a size of 0, 0, so that it will trap
             global broadcast messages.
            </summary>
    </member>
    <member name="T:Microsoft.Win32.TimerElapsedEventArgs">
      <summary>
        <see cref="E:Microsoft.Win32.SystemEvents.TimerElapsed" /> イベントのデータを提供します。</summary>
    </member>
    <member name="M:Microsoft.Win32.TimerElapsedEventArgs.#ctor(System.IntPtr)">
      <summary>
        <see cref="T:Microsoft.Win32.TimerElapsedEventArgs" /> クラスの新しいインスタンスを初期化します。</summary>
      <param name="timerId">タイマーの ID 番号。</param>
    </member>
    <member name="P:Microsoft.Win32.TimerElapsedEventArgs.TimerId">
      <summary>タイマーの ID 番号を取得します。</summary>
      <returns>タイマーの ID 番号。</returns>
    </member>
    <member name="T:Microsoft.Win32.TimerElapsedEventHandler">
      <summary>
        <see cref="E:Microsoft.Win32.SystemEvents.TimerElapsed" /> イベントを処理するメソッドを表します。</summary>
      <param name="sender">イベントのソース。 <see cref="T:Microsoft.Win32.SystemEvents" /> クラスによってこのイベントが生成された場合、このオブジェクトは常に <see langword="null" /> を返します。</param>
      <param name="e">イベント データを格納している <see cref="T:Microsoft.Win32.TimerElapsedEventArgs" />。</param>
    </member>
    <member name="T:Microsoft.Win32.UserPreferenceCategory">
      <summary>ユーザー設定のカテゴリを表す識別子を定義します。</summary>
    </member>
    <member name="F:Microsoft.Win32.UserPreferenceCategory.Accessibility">
      <summary>障碍を持つユーザー用のシステム ユーザー補助機能に関するユーザー設定を指定します。</summary>
    </member>
    <member name="F:Microsoft.Win32.UserPreferenceCategory.Color">
      <summary>システム カラーに関するユーザー設定を指定します。 このカテゴリには、ウィンドウやメニューの既定の色などが含まれます。</summary>
    </member>
    <member name="F:Microsoft.Win32.UserPreferenceCategory.Desktop">
      <summary>システム デスクトップに関するユーザー設定を指定します。 このカテゴリには、デスクトップの背景イメージや背景イメージのレイアウトなどがあります。</summary>
    </member>
    <member name="F:Microsoft.Win32.UserPreferenceCategory.General">
      <summary>他のどのカテゴリにも関連付けられていないユーザー設定を指定します。</summary>
    </member>
    <member name="F:Microsoft.Win32.UserPreferenceCategory.Icon">
      <summary>アイコンの高さや間隔など、アイコン設定に関するユーザー設定を指定します。</summary>
    </member>
    <member name="F:Microsoft.Win32.UserPreferenceCategory.Keyboard">
      <summary>キーを押したままにしたときの連続入力の間隔や、それが開始されるまでの待ち時間など、キーボード設定に関するユーザー設定を指定します。</summary>
    </member>
    <member name="F:Microsoft.Win32.UserPreferenceCategory.Menu">
      <summary>メニュー遅延やテキストの配置など、メニュー設定に関するユーザー設定を指定します。</summary>
    </member>
    <member name="F:Microsoft.Win32.UserPreferenceCategory.Mouse">
      <summary>ダブルクリックの速度やマウスの感度など、マウス設定に関するユーザー設定を指定します。</summary>
    </member>
    <member name="F:Microsoft.Win32.UserPreferenceCategory.Policy">
      <summary>ユーザー権限やアクセス レベルなど、ポリシー設定に関するユーザー設定を指定します。</summary>
    </member>
    <member name="F:Microsoft.Win32.UserPreferenceCategory.Power">
      <summary>システム電源の設定に関するユーザー設定を指定します。 このカテゴリには、システムが自動的に省電力モードに移行するまでのアイドル時間など、電源機能の設定が含まれます。</summary>
    </member>
    <member name="F:Microsoft.Win32.UserPreferenceCategory.Screensaver">
      <summary>スクリーン セーバーに関するユーザー設定を指定します。</summary>
    </member>
    <member name="F:Microsoft.Win32.UserPreferenceCategory.Window">
      <summary>システム上のウィンドウの大きさや特性に関するユーザー設定を指定します。</summary>
    </member>
    <member name="F:Microsoft.Win32.UserPreferenceCategory.Locale">
      <summary>文字エンコーディングやカルチャ文字列など、地域設定に関するユーザー設定の変更を指定します。</summary>
    </member>
    <member name="F:Microsoft.Win32.UserPreferenceCategory.VisualStyle">
      <summary>Visual スタイルの有効または無効、ある visual スタイルから別の visual スタイルへの切り替えなど、visual スタイルに関するユーザー設定を指定します。</summary>
    </member>
    <member name="T:Microsoft.Win32.UserPreferenceChangedEventArgs">
      <summary>
        <see cref="E:Microsoft.Win32.SystemEvents.UserPreferenceChanged" /> イベントのデータを提供します。</summary>
    </member>
    <member name="M:Microsoft.Win32.UserPreferenceChangedEventArgs.#ctor(Microsoft.Win32.UserPreferenceCategory)">
      <summary>指定したユーザー設定カテゴリ識別子を使用して、<see cref="T:Microsoft.Win32.UserPreferenceChangedEventArgs" /> クラスの新しいインスタンスを初期化します。</summary>
      <param name="category">ユーザー設定の変更されたカテゴリを示す <see cref="T:Microsoft.Win32.UserPreferenceCategory" /> 値の 1 つ。</param>
    </member>
    <member name="P:Microsoft.Win32.UserPreferenceChangedEventArgs.Category">
      <summary>ユーザー設定の変更されたカテゴリを取得します。</summary>
      <returns>ユーザー設定の変更されたカテゴリを示す <see cref="T:Microsoft.Win32.UserPreferenceCategory" /> 値の 1 つ。</returns>
    </member>
    <member name="T:Microsoft.Win32.UserPreferenceChangedEventHandler">
      <summary>
        <see cref="E:Microsoft.Win32.SystemEvents.UserPreferenceChanged" /> イベントを処理するメソッドを表します。</summary>
      <param name="sender">イベントのソース。 <see cref="T:Microsoft.Win32.SystemEvents" /> クラスによってこのイベントが生成された場合、このオブジェクトは常に <see langword="null" /> を返します。</param>
      <param name="e">イベント データを格納している <see cref="T:Microsoft.Win32.UserPreferenceChangedEventArgs" />。</param>
    </member>
    <member name="T:Microsoft.Win32.UserPreferenceChangingEventArgs">
      <summary>
        <see cref="E:Microsoft.Win32.SystemEvents.UserPreferenceChanging" /> イベントのデータを提供します。</summary>
    </member>
    <member name="M:Microsoft.Win32.UserPreferenceChangingEventArgs.#ctor(Microsoft.Win32.UserPreferenceCategory)">
      <summary>指定したユーザー設定カテゴリ識別子を使用して、<see cref="T:Microsoft.Win32.UserPreferenceChangingEventArgs" /> クラスの新しいインスタンスを初期化します。</summary>
      <param name="category">変更するユーザー設定のカテゴリを指定する <see cref="T:Microsoft.Win32.UserPreferenceCategory" /> 値の 1 つ。</param>
    </member>
    <member name="P:Microsoft.Win32.UserPreferenceChangingEventArgs.Category">
      <summary>変更するユーザー設定のカテゴリを取得します。</summary>
      <returns>変更するユーザー設定のカテゴリを示す <see cref="T:Microsoft.Win32.UserPreferenceCategory" /> 値の 1 つ。</returns>
    </member>
    <member name="T:Microsoft.Win32.UserPreferenceChangingEventHandler">
      <summary>
        <see cref="E:Microsoft.Win32.SystemEvents.UserPreferenceChanging" /> イベントを処理するメソッドを表します。</summary>
      <param name="sender">イベントのソース。 <see cref="T:Microsoft.Win32.SystemEvents" /> クラスによってこのイベントが生成された場合、このオブジェクトは常に <see langword="null" /> を返します。</param>
      <param name="e">イベント データを格納している <see cref="T:Microsoft.Win32.UserPreferenceChangedEventArgs" />。</param>
    </member>
    <member name="P:System.SR.ErrorCreateSystemEvents">
      <summary>Failed to create system events window thread.</summary>
    </member>
    <member name="P:System.SR.ErrorCreateTimer">
      <summary>Cannot create timer.</summary>
    </member>
    <member name="P:System.SR.ErrorGetTempPath">
      <summary>Cannot get temporary file name</summary>
    </member>
    <member name="P:System.SR.ErrorKillTimer">
      <summary>Cannot end timer.</summary>
    </member>
    <member name="P:System.SR.ErrorSystemEventsNotSupported">
      <summary>System event notifications are not supported under the current context. Server processes, for example, may not support global system event notifications.</summary>
    </member>
    <member name="P:System.SR.InvalidLowBoundArgument">
      <summary>'{1}' is not a valid value for '{0}'. '{0}' must be greater than {2}.</summary>
    </member>
    <member name="P:System.SR.PlatformNotSupported_SystemEvents">
      <summary>SystemEvents is not supported on this platform.</summary>
    </member>
  </members>
</doc>