<doc>
  <assembly>
    <name>PresentationFramework.Royale</name>
  </assembly>
  <members>
    <member name="T:Microsoft.Windows.Themes.BulletChrome">
      <summary>Windows Presentation Foundation (WPF) <see cref="P:System.Windows.Controls.Primitives.BulletDecorator.Bullet" /> 要素のテーマ固有の外観を作成します。 <see cref="P:System.Windows.Controls.Primitives.BulletDecorator.Bullet" /> は、<see cref="T:System.Windows.Controls.CheckBox" /> および <see cref="T:System.Windows.Controls.RadioButton" /> 要素の外観を定義します。</summary>
    </member>
    <member name="F:Microsoft.Windows.Themes.BulletChrome.BackgroundProperty">
      <summary>
        <see cref="P:Microsoft.Windows.Themes.BulletChrome.Background" /> 依存関係プロパティを識別します。</summary>
    </member>
    <member name="F:Microsoft.Windows.Themes.BulletChrome.BorderBrushProperty">
      <summary>
        <see cref="P:Microsoft.Windows.Themes.BulletChrome.BorderBrush" /> 依存関係プロパティを識別します。</summary>
    </member>
    <member name="F:Microsoft.Windows.Themes.BulletChrome.BorderThicknessProperty">
      <summary>
        <see cref="P:Microsoft.Windows.Themes.BulletChrome.BorderThickness" /> 依存関係プロパティを識別します。</summary>
    </member>
    <member name="F:Microsoft.Windows.Themes.BulletChrome.IsCheckedProperty">
      <summary>
        <see cref="P:Microsoft.Windows.Themes.BulletChrome.IsChecked" /> 依存関係プロパティを識別します。</summary>
    </member>
    <member name="F:Microsoft.Windows.Themes.BulletChrome.IsRoundProperty">
      <summary>
        <see cref="P:Microsoft.Windows.Themes.BulletChrome.IsRound" /> 依存関係プロパティを識別します。</summary>
    </member>
    <member name="F:Microsoft.Windows.Themes.BulletChrome.RenderMouseOverProperty">
      <summary>
        <see cref="P:Microsoft.Windows.Themes.BulletChrome.RenderMouseOver" /> 依存関係プロパティを識別します。</summary>
    </member>
    <member name="F:Microsoft.Windows.Themes.BulletChrome.RenderPressedProperty">
      <summary>
        <see cref="P:Microsoft.Windows.Themes.BulletChrome.RenderPressed" /> 依存関係プロパティを識別します。</summary>
    </member>
    <member name="M:Microsoft.Windows.Themes.BulletChrome.#ctor">
      <summary>
        <see cref="T:Microsoft.Windows.Themes.BulletChrome" /> クラスの新しいインスタンスを初期化します。</summary>
    </member>
    <member name="P:Microsoft.Windows.Themes.BulletChrome.Background">
      <summary>
        <see cref="P:System.Windows.Controls.Primitives.BulletDecorator.Bullet" /> の背景の塗りつぶしに使用するブラシを取得または設定します。</summary>
      <returns>
        <see cref="P:System.Windows.Controls.Primitives.BulletDecorator.Bullet" /> の背景の塗りつぶしに使用するブラシ。</returns>
    </member>
    <member name="P:Microsoft.Windows.Themes.BulletChrome.BorderBrush">
      <summary>
        <see cref="P:System.Windows.Controls.Primitives.BulletDecorator.Bullet" /> の外側の境界線の描画に使用するブラシを取得または設定します。</summary>
      <returns>
        <see cref="P:System.Windows.Controls.Primitives.BulletDecorator.Bullet" /> の外側の境界線の描画に使用するブラシ。</returns>
    </member>
    <member name="P:Microsoft.Windows.Themes.BulletChrome.BorderThickness">
      <summary>
        <see cref="P:System.Windows.Controls.Primitives.BulletDecorator.Bullet" /> の外側の境界線の描画に使用する太さを取得または設定します。</summary>
      <returns>
        <see cref="P:System.Windows.Controls.Primitives.BulletDecorator.Bullet" /> の外側の境界線の描画に使用する太さ。</returns>
    </member>
    <member name="P:Microsoft.Windows.Themes.BulletChrome.IsChecked">
      <summary>
        <see cref="P:System.Windows.Controls.Primitives.BulletDecorator.Bullet" /> がチェックされているかどうかを示す値を、取得または設定します。</summary>
      <returns>
        <see cref="P:System.Windows.Controls.Primitives.BulletDecorator.Bullet" /> がチェックされている場合は <see langword="true" />。<see cref="P:System.Windows.Controls.Primitives.BulletDecorator.Bullet" /> がチェックされていない場合は <see langword="false" />、それ以外の場合は <see langword="null" />。</returns>
    </member>
    <member name="P:Microsoft.Windows.Themes.BulletChrome.IsRound">
      <summary>
        <see cref="P:System.Windows.Controls.Primitives.BulletDecorator.Bullet" /> の角を丸くするかどうかを示す値を取得または設定します。</summary>
      <returns>
        <see cref="P:System.Windows.Controls.Primitives.BulletDecorator.Bullet" /> の角が丸い場合は <see langword="true" />。それ以外の場合は <see langword="false" />。</returns>
    </member>
    <member name="P:Microsoft.Windows.Themes.BulletChrome.RenderMouseOver">
      <summary>
        <see cref="P:System.Windows.Controls.Primitives.BulletDecorator.Bullet" /> が、そこにマウスが置かれているように見えるかどうかを示す値を取得または設定します。</summary>
      <returns>
        <see cref="P:System.Windows.Controls.Primitives.BulletDecorator.Bullet" /> が、そこにマウスが置かれているように表示される場合は <see langword="true" />。それ以外の場合は <see langword="false" />。</returns>
    </member>
    <member name="P:Microsoft.Windows.Themes.BulletChrome.RenderPressed">
      <summary>
        <see cref="P:System.Windows.Controls.Primitives.BulletDecorator.Bullet" /> が押されたように見えるかどうかを示す値を取得または設定します。</summary>
      <returns>
        <see cref="P:System.Windows.Controls.Primitives.BulletDecorator.Bullet" /> が押されたように表示される場合は <see langword="true" />。それ以外の場合は <see langword="false" />。</returns>
    </member>
    <member name="T:Microsoft.Windows.Themes.ButtonChrome">
      <summary>.NET Framework <see cref="T:System.Windows.Controls.Button" /> 要素のテーマ固有の外観を作成します。</summary>
    </member>
    <member name="F:Microsoft.Windows.Themes.ButtonChrome.BackgroundProperty">
      <summary>
        <see cref="P:Microsoft.Windows.Themes.ButtonChrome.Background" /> 依存関係プロパティを識別します。</summary>
    </member>
    <member name="F:Microsoft.Windows.Themes.ButtonChrome.BorderBrushProperty">
      <summary>
        <see cref="P:Microsoft.Windows.Themes.ButtonChrome.BorderBrush" /> 依存関係プロパティを識別します。</summary>
    </member>
    <member name="F:Microsoft.Windows.Themes.ButtonChrome.FillProperty">
      <summary>
        <see cref="P:Microsoft.Windows.Themes.ButtonChrome.Fill" /> 依存関係プロパティを識別します。</summary>
    </member>
    <member name="F:Microsoft.Windows.Themes.ButtonChrome.RenderDefaultedProperty">
      <summary>
        <see cref="P:Microsoft.Windows.Themes.ButtonChrome.RenderDefaulted" /> 依存関係プロパティを識別します。</summary>
    </member>
    <member name="F:Microsoft.Windows.Themes.ButtonChrome.RenderMouseOverProperty">
      <summary>
        <see cref="P:Microsoft.Windows.Themes.ButtonChrome.RenderMouseOver" /> 依存関係プロパティを識別します。</summary>
    </member>
    <member name="F:Microsoft.Windows.Themes.ButtonChrome.RenderPressedProperty">
      <summary>
        <see cref="P:Microsoft.Windows.Themes.ButtonChrome.RenderPressed" /> 依存関係プロパティを識別します。</summary>
    </member>
    <member name="F:Microsoft.Windows.Themes.ButtonChrome.RoundCornersProperty">
      <summary>
        <see cref="P:Microsoft.Windows.Themes.ButtonChrome.RoundCorners" /> 依存関係プロパティを識別します。</summary>
    </member>
    <member name="F:Microsoft.Windows.Themes.ButtonChrome.ThemeColorProperty">
      <summary>
        <see cref="P:Microsoft.Windows.Themes.ButtonChrome.ThemeColor" /> 依存関係プロパティを識別します。</summary>
    </member>
    <member name="M:Microsoft.Windows.Themes.ButtonChrome.#ctor">
      <summary>
        <see cref="T:Microsoft.Windows.Themes.ButtonChrome" /> クラスの新しいインスタンスを初期化します。</summary>
    </member>
    <member name="P:Microsoft.Windows.Themes.ButtonChrome.Background">
      <summary>
        <see cref="T:System.Windows.Controls.Button" /> の背景の塗りつぶしに使用するブラシを取得または設定します。</summary>
      <returns>
        <see cref="T:System.Windows.Controls.Button" /> の背景の塗りつぶしに使用するブラシ。</returns>
    </member>
    <member name="P:Microsoft.Windows.Themes.ButtonChrome.BorderBrush">
      <summary>
        <see cref="T:System.Windows.Controls.Button" /> の外側の境界線の描画に使用するブラシを取得または設定します。</summary>
      <returns>
        <see cref="T:System.Windows.Controls.Button" /> の外側の境界線の描画に使用するブラシ。</returns>
    </member>
    <member name="P:Microsoft.Windows.Themes.ButtonChrome.Fill">
      <summary>
        <see cref="T:System.Windows.Controls.Button" /> 内の色の描画に使用するブラシを取得または設定します。</summary>
      <returns>ブラシ。</returns>
    </member>
    <member name="P:Microsoft.Windows.Themes.ButtonChrome.RenderDefaulted">
      <summary>
        <see cref="T:System.Windows.Controls.Button" /> の外観をフォーム上にある既定のボタンの外観にするかどうかを示す値を取得または設定します。</summary>
      <returns>
        <see cref="T:System.Windows.Controls.Button" /> の外観を既定のボタンの外観にする場合は <see langword="true" />。それ以外の場合は <see langword="false" />。</returns>
    </member>
    <member name="P:Microsoft.Windows.Themes.ButtonChrome.RenderMouseOver">
      <summary>
        <see cref="T:System.Windows.Controls.Button" /> が、そこにマウスが置かれているように見えるかどうかを示す値を取得または設定します。</summary>
      <returns>
        <see cref="T:System.Windows.Controls.Button" /> が、そこにマウスが置かれているように表示される場合は <see langword="true" />。それ以外の場合は <see langword="false" />。</returns>
    </member>
    <member name="P:Microsoft.Windows.Themes.ButtonChrome.RenderPressed">
      <summary>
        <see cref="T:System.Windows.Controls.Button" /> が押されたように見えるかどうかを示す値を取得または設定します。</summary>
      <returns>
        <see cref="T:System.Windows.Controls.Button" /> が押されたように表示される場合は <see langword="true" />。それ以外の場合は <see langword="false" />。</returns>
    </member>
    <member name="P:Microsoft.Windows.Themes.ButtonChrome.RoundCorners">
      <summary>
        <see cref="T:System.Windows.Controls.Button" /> の角を丸くするかどうかを示す値を取得または設定します。</summary>
      <returns>
        <see cref="T:System.Windows.Controls.Button" /> の角が丸い場合は <see langword="true" />。それ以外の場合は <see langword="false" />。</returns>
    </member>
    <member name="P:Microsoft.Windows.Themes.ButtonChrome.ThemeColor">
      <summary>テーマの色を取得または設定します。</summary>
      <returns>列挙体の値。</returns>
    </member>
    <member name="T:Microsoft.Windows.Themes.DataGridHeaderBorder">
      <summary>.NET Framework 4.5 <see cref="T:System.Windows.Controls.DataGrid" /> のヘッダーのテーマ固有の外観を作成します。</summary>
    </member>
    <member name="F:Microsoft.Windows.Themes.DataGridHeaderBorder.IsClickableProperty">
      <summary>
        <see cref="P:Microsoft.Windows.Themes.DataGridHeaderBorder.IsClickable" /> 依存関係プロパティを識別します。</summary>
    </member>
    <member name="F:Microsoft.Windows.Themes.DataGridHeaderBorder.IsHoveredProperty">
      <summary>
        <see cref="P:Microsoft.Windows.Themes.DataGridHeaderBorder.IsHovered" /> 依存関係プロパティを識別します。</summary>
    </member>
    <member name="F:Microsoft.Windows.Themes.DataGridHeaderBorder.IsPressedProperty">
      <summary>
        <see cref="P:Microsoft.Windows.Themes.DataGridHeaderBorder.IsPressed" /> 依存関係プロパティを識別します。</summary>
    </member>
    <member name="F:Microsoft.Windows.Themes.DataGridHeaderBorder.IsSelectedProperty">
      <summary>
        <see cref="P:Microsoft.Windows.Themes.DataGridHeaderBorder.IsSelected" /> 依存関係プロパティを識別します。</summary>
    </member>
    <member name="F:Microsoft.Windows.Themes.DataGridHeaderBorder.OrientationProperty">
      <summary>
        <see cref="P:Microsoft.Windows.Themes.DataGridHeaderBorder.Orientation" /> 依存関係プロパティを識別します。</summary>
    </member>
    <member name="F:Microsoft.Windows.Themes.DataGridHeaderBorder.SeparatorBrushProperty">
      <summary>
        <see cref="P:Microsoft.Windows.Themes.DataGridHeaderBorder.SeparatorBrush" /> 依存関係プロパティを識別します。</summary>
    </member>
    <member name="F:Microsoft.Windows.Themes.DataGridHeaderBorder.SeparatorVisibilityProperty">
      <summary>
        <see cref="P:Microsoft.Windows.Themes.DataGridHeaderBorder.SeparatorVisibility" /> 依存関係プロパティを識別します。</summary>
    </member>
    <member name="F:Microsoft.Windows.Themes.DataGridHeaderBorder.SortDirectionProperty">
      <summary>
        <see cref="P:Microsoft.Windows.Themes.DataGridHeaderBorder.SortDirection" /> 依存関係プロパティを識別します。</summary>
    </member>
    <member name="F:Microsoft.Windows.Themes.DataGridHeaderBorder.ThemeColorProperty">
      <summary>
        <see cref="P:Microsoft.Windows.Themes.DataGridHeaderBorder.ThemeColor" /> 依存関係プロパティを識別します。</summary>
    </member>
    <member name="M:Microsoft.Windows.Themes.DataGridHeaderBorder.#ctor">
      <summary>
        <see cref="T:Microsoft.Windows.Themes.DataGridHeaderBorder" /> クラスの新しいインスタンスを初期化します。</summary>
    </member>
    <member name="P:Microsoft.Windows.Themes.DataGridHeaderBorder.IsClickable">
      <summary>ヘッダーがクリック可能かどうかを示す値を取得または設定します。</summary>
      <returns>ヘッダーがクリック可能である場合は <see langword="true" />。それ以外の場合は <see langword="false" />。 登録済みの既定値は <see langword="true" /> です。 この値が何に影響されるかの詳細については、<see cref="T:System.Windows.DependencyProperty" /> のトピックを参照してください。</returns>
    </member>
    <member name="P:Microsoft.Windows.Themes.DataGridHeaderBorder.IsHovered">
      <summary>ヘッダーの上をマウス ポインターが移動しているように表示するかどうかを示す値を取得または設定します。</summary>
      <returns>ヘッダーの上をマウス ポインターが移動しているように表示する場合は <see langword="true" />。それ以外の場合は <see langword="false" />。 登録済みの既定値は <see langword="false" /> です。 この値が何に影響されるかの詳細については、<see cref="T:System.Windows.DependencyProperty" /> のトピックを参照してください。</returns>
    </member>
    <member name="P:Microsoft.Windows.Themes.DataGridHeaderBorder.IsPressed">
      <summary>ヘッダーが押されているように表示するかどうかを示す値を取得または設定します。</summary>
      <returns>ヘッダーが押されているように表示する場合は <see langword="true" />。それ以外の場合は <see langword="false" />。 登録済みの既定値は <see langword="false" /> です。 この値が何に影響されるかの詳細については、<see cref="T:System.Windows.DependencyProperty" /> のトピックを参照してください。</returns>
    </member>
    <member name="P:Microsoft.Windows.Themes.DataGridHeaderBorder.IsSelected">
      <summary>ヘッダーが選択されているように表示するかどうかを示す値を取得または設定します。</summary>
      <returns>ヘッダーが選択されているように表示する場合は <see langword="true" />。それ以外の場合は <see langword="false" />。 登録済みの既定値は <see langword="false" /> です。 この値が何に影響されるかの詳細については、<see cref="T:System.Windows.DependencyProperty" /> のトピックを参照してください。</returns>
    </member>
    <member name="P:Microsoft.Windows.Themes.DataGridHeaderBorder.Orientation">
      <summary>ヘッダーを列ヘッダーとして垂直方向に表示するか、行ヘッダーとして水平方向に表示するかを取得または設定します。</summary>
      <returns>ヘッダーの表示方向を示す列挙値の 1 つ。 登録済みの既定値は <see cref="F:System.Windows.Controls.Orientation.Vertical" /> です。 この値が何に影響されるかの詳細については、<see cref="T:System.Windows.DependencyProperty" /> のトピックを参照してください。</returns>
    </member>
    <member name="P:Microsoft.Windows.Themes.DataGridHeaderBorder.SeparatorBrush">
      <summary>ヘッダー間の区切りを描画するブラシを取得または設定します。</summary>
      <returns>ヘッダー間の区切りを描画するブラシ。 登録済みの既定値は <see langword="null" /> です。 この値が何に影響されるかの詳細については、<see cref="T:System.Windows.DependencyProperty" /> のトピックを参照してください。</returns>
    </member>
    <member name="P:Microsoft.Windows.Themes.DataGridHeaderBorder.SeparatorVisibility">
      <summary>ヘッダー間の区切りを表示するかどうかを示す値を取得または設定します。</summary>
      <returns>
        <see cref="P:Microsoft.Windows.Themes.DataGridHeaderBorder.SeparatorBrush" /> を表示するかどうかを示す列挙値の 1 つ。 登録済みの既定値は <see cref="F:System.Windows.Visibility.Visible" /> です。 この値が何に影響されるかの詳細については、<see cref="T:System.Windows.DependencyProperty" /> のトピックを参照してください。</returns>
    </member>
    <member name="P:Microsoft.Windows.Themes.DataGridHeaderBorder.SortDirection">
      <summary>ヘッダーの並べ替えの方向を取得または設定します。</summary>
      <returns>列の並べ替えの方向を示す列挙値の 1 つ。 登録済みの既定値は <see langword="null" /> です。 この値が何に影響されるかの詳細については、<see cref="T:System.Windows.DependencyProperty" /> のトピックを参照してください。</returns>
    </member>
    <member name="P:Microsoft.Windows.Themes.DataGridHeaderBorder.ThemeColor">
      <summary>ヘッダーのテーマの色を取得または設定します。</summary>
      <returns>Microsoft テーマで使用可能なカラー バリアントを表します。</returns>
    </member>
    <member name="T:Microsoft.Windows.Themes.PlatformCulture">
      <summary>.NET Framework システム テーマで使用されるカルチャ固有の情報を提供します。</summary>
    </member>
    <member name="P:Microsoft.Windows.Themes.PlatformCulture.FlowDirection">
      <summary>主要なテキストの進行方向が、左から右、右から左、上から下のいずれであるかを指定する値を取得します。</summary>
      <returns>列挙値の 1 つ。</returns>
    </member>
    <member name="T:Microsoft.Windows.Themes.ProgressBarBrushConverter">
      <summary>
        <see cref="T:System.Windows.Media.Brush" /> の描画に使用する <see cref="T:System.Windows.Controls.ProgressBar" /> を作成します。</summary>
    </member>
    <member name="M:Microsoft.Windows.Themes.ProgressBarBrushConverter.#ctor">
      <summary>
        <see cref="T:Microsoft.Windows.Themes.ProgressBarBrushConverter" /> クラスの新しいインスタンスを初期化します。</summary>
    </member>
    <member name="M:Microsoft.Windows.Themes.ProgressBarBrushConverter.Convert(System.Object[],System.Type,System.Object,System.Globalization.CultureInfo)">
      <summary>
        <see cref="T:System.Windows.Media.DrawingBrush" /> の <see cref="T:System.Windows.Controls.ProgressBar" /> を作成します。</summary>
      <param name="values">ForegroundBrush、IsIndeterminate、Indicator Width、Indicator Height、Track Width 
<see cref="T:System.Windows.Controls.ProgressBar" /> の <see cref="P:System.Windows.Controls.Control.Foreground" /> に使用される <see cref="T:System.Windows.Media.Brush" />、<see cref="P:System.Windows.Controls.ProgressBar.IsIndeterminate" /> が <see langword="true" /> かどうかを示すブール値、インジケーターの <see cref="P:System.Windows.FrameworkElement.Width" /> を定義する <see cref="T:System.Double" />、インジケーターの <see cref="P:System.Windows.FrameworkElement.Height" /> を定義する <see cref="T:System.Double" />、および <see cref="T:System.Windows.Controls.Primitives.Track" /> の幅を定義する <see cref="T:System.Double" />。</param>
      <param name="targetType">このパラメーターは使用されません。</param>
      <param name="parameter">このパラメーターは使用されません。</param>
      <param name="culture">このパラメーターは使用されません。</param>
      <returns>
        <see cref="T:System.Windows.Media.DrawingBrush" /> の <see cref="T:System.Windows.Controls.ProgressBar" />。</returns>
    </member>
    <member name="M:Microsoft.Windows.Themes.ProgressBarBrushConverter.ConvertBack(System.Object,System.Type[],System.Object,System.Globalization.CultureInfo)">
      <summary>実装されていません。</summary>
      <param name="value">このパラメーターは使用されません。</param>
      <param name="targetTypes">このパラメーターは使用されません。</param>
      <param name="parameter">このパラメーターは使用されません。</param>
      <param name="culture">このパラメーターは使用されません。</param>
      <returns>
        <see langword="null" />.</returns>
    </member>
    <member name="T:Microsoft.Windows.Themes.ScrollChrome">
      <summary>.NET Framework <see cref="T:System.Windows.Controls.Primitives.ScrollBar" /> 要素のテーマ固有の外観を作成します。</summary>
    </member>
    <member name="F:Microsoft.Windows.Themes.ScrollChrome.HasOuterBorderProperty">
      <summary>
        <see cref="P:Microsoft.Windows.Themes.ScrollChrome.HasOuterBorder" /> 依存関係プロパティを識別します。</summary>
    </member>
    <member name="F:Microsoft.Windows.Themes.ScrollChrome.PaddingProperty">
      <summary>
        <see cref="P:Microsoft.Windows.Themes.ScrollChrome.Padding" /> 依存関係プロパティを識別します。</summary>
    </member>
    <member name="F:Microsoft.Windows.Themes.ScrollChrome.RenderMouseOverProperty">
      <summary>
        <see cref="P:Microsoft.Windows.Themes.ScrollChrome.RenderMouseOver" /> 依存関係プロパティを識別します。</summary>
    </member>
    <member name="F:Microsoft.Windows.Themes.ScrollChrome.RenderPressedProperty">
      <summary>
        <see cref="P:Microsoft.Windows.Themes.ScrollChrome.RenderPressed" /> 依存関係プロパティを識別します。</summary>
    </member>
    <member name="F:Microsoft.Windows.Themes.ScrollChrome.ScrollGlyphProperty">
      <summary>
        <see cref="T:Microsoft.Windows.Themes.ScrollGlyph" /> 添付プロパティを識別します。</summary>
    </member>
    <member name="F:Microsoft.Windows.Themes.ScrollChrome.ThemeColorProperty">
      <summary>
        <see cref="P:Microsoft.Windows.Themes.ScrollChrome.ThemeColor" /> 依存関係プロパティを識別します。</summary>
    </member>
    <member name="M:Microsoft.Windows.Themes.ScrollChrome.#ctor">
      <summary>
        <see cref="T:Microsoft.Windows.Themes.ScrollChrome" /> クラスの新しいインスタンスを初期化します。</summary>
    </member>
    <member name="M:Microsoft.Windows.Themes.ScrollChrome.GetScrollGlyph(System.Windows.DependencyObject)">
      <summary>指定したオブジェクトの <see cref="T:Microsoft.Windows.Themes.ScrollGlyph" /> を取得します。</summary>
      <param name="element">
        <see cref="T:Microsoft.Windows.Themes.ScrollGlyph" /> が割り当てられている依存関係オブジェクト。</param>
      <returns>列挙値の 1 つ。</returns>
    </member>
    <member name="M:Microsoft.Windows.Themes.ScrollChrome.SetScrollGlyph(System.Windows.DependencyObject,Microsoft.Windows.Themes.ScrollGlyph)">
      <summary>指定したオブジェクトの <see cref="T:Microsoft.Windows.Themes.ScrollGlyph" /> を設定します。</summary>
      <param name="element">
        <see cref="T:Microsoft.Windows.Themes.ScrollGlyph" /> が割り当てられている依存関係オブジェクト。</param>
      <param name="value">列挙値の 1 つ。</param>
    </member>
    <member name="P:Microsoft.Windows.Themes.ScrollChrome.HasOuterBorder">
      <summary>
        <see cref="T:System.Windows.Controls.Primitives.ScrollBar" /> が白い外側の境界線で囲まれて表示されるかどうかを示す値を取得または設定します。</summary>
      <returns>
        <see cref="T:System.Windows.Controls.Primitives.ScrollBar" /> が白い外側の境界線で囲まれて表示される場合は <see langword="true" />。それ以外の場合は <see langword="false" />。</returns>
    </member>
    <member name="P:Microsoft.Windows.Themes.ScrollChrome.Padding">
      <summary>
        <see cref="T:System.Windows.Controls.Primitives.ScrollBar" /> とその子要素間の間隔を記述する値を取得または設定します。</summary>
      <returns>
        <see cref="T:System.Windows.Thickness" /> とその子要素の間の間隔を記述する <see cref="T:System.Windows.Controls.Primitives.ScrollBar" /> 値。</returns>
    </member>
    <member name="P:Microsoft.Windows.Themes.ScrollChrome.RenderMouseOver">
      <summary>
        <see cref="T:System.Windows.Controls.Primitives.ScrollBar" /> が、そこにマウスが置かれているように見えるかどうかを示す値を取得または設定します。</summary>
      <returns>
        <see cref="T:System.Windows.Controls.Primitives.ScrollBar" /> が、そこにマウスが置かれているように表示される場合は <see langword="true" />。それ以外の場合は <see langword="false" />。</returns>
    </member>
    <member name="P:Microsoft.Windows.Themes.ScrollChrome.RenderPressed">
      <summary>
        <see cref="T:System.Windows.Controls.Primitives.ScrollBar" /> が押されたように見えるかどうかを示す値を取得または設定します。</summary>
      <returns>
        <see cref="T:System.Windows.Controls.Primitives.ScrollBar" /> が押されたように表示される場合は <see langword="true" />。それ以外の場合は <see langword="false" />。</returns>
    </member>
    <member name="P:Microsoft.Windows.Themes.ScrollChrome.ScrollGlyph">
      <summary>
        <see cref="T:Microsoft.Windows.Themes.ScrollGlyph" /> の <see cref="T:Microsoft.Windows.Themes.ScrollChrome" /> の色を取得または設定します。</summary>
    </member>
    <member name="P:Microsoft.Windows.Themes.ScrollChrome.ThemeColor">
      <summary>テーマの色を取得または設定します。</summary>
      <returns>列挙体の値。</returns>
    </member>
    <member name="T:Microsoft.Windows.Themes.ScrollGlyph">
      <summary>
        <see cref="T:System.Windows.Controls.Primitives.Thumb" />を表すために使用されるグリフを記述します。</summary>
    </member>
    <member name="F:Microsoft.Windows.Themes.ScrollGlyph.DownArrow">
      <summary>下を指す矢印グリフ。</summary>
    </member>
    <member name="F:Microsoft.Windows.Themes.ScrollGlyph.HorizontalGripper">
      <summary>水平グリッパー グリフ。</summary>
    </member>
    <member name="F:Microsoft.Windows.Themes.ScrollGlyph.LeftArrow">
      <summary>左を指す矢印グリフ。</summary>
    </member>
    <member name="F:Microsoft.Windows.Themes.ScrollGlyph.None">
      <summary>グリフは使用されません。</summary>
    </member>
    <member name="F:Microsoft.Windows.Themes.ScrollGlyph.RightArrow">
      <summary>右を指す矢印グリフ。</summary>
    </member>
    <member name="F:Microsoft.Windows.Themes.ScrollGlyph.UpArrow">
      <summary>上を指す矢印グリフ。</summary>
    </member>
    <member name="F:Microsoft.Windows.Themes.ScrollGlyph.VerticalGripper">
      <summary>垂直グリッパー グリフ。</summary>
    </member>
    <member name="T:Microsoft.Windows.Themes.SystemDropShadowChrome">
      <summary>ドロップ シャドウ効果のテーマ固有の外観を作成します。</summary>
    </member>
    <member name="F:Microsoft.Windows.Themes.SystemDropShadowChrome.ColorProperty">
      <summary>
        <see cref="P:Microsoft.Windows.Themes.SystemDropShadowChrome.Color" /> 依存関係プロパティを識別します。</summary>
    </member>
    <member name="F:Microsoft.Windows.Themes.SystemDropShadowChrome.CornerRadiusProperty">
      <summary>
        <see cref="P:Microsoft.Windows.Themes.SystemDropShadowChrome.CornerRadius" /> 依存関係プロパティを識別します。</summary>
    </member>
    <member name="M:Microsoft.Windows.Themes.SystemDropShadowChrome.#ctor">
      <summary>
        <see cref="T:Microsoft.Windows.Themes.SystemDropShadowChrome" /> クラスの新しいインスタンスを初期化します。</summary>
    </member>
    <member name="P:Microsoft.Windows.Themes.SystemDropShadowChrome.Color">
      <summary>ドロップ シャドウで使用する色を取得または設定します。</summary>
      <returns>色。</returns>
    </member>
    <member name="P:Microsoft.Windows.Themes.SystemDropShadowChrome.CornerRadius">
      <summary>四角形の角の半径を取得または設定します。</summary>
      <returns>四角形の角の半径。</returns>
    </member>
  </members>
</doc>