<doc>
  <assembly>
    <name>System.Diagnostics.EventLog</name>
  </assembly>
  <members>
    <member name="T:System.Diagnostics.EventLog">
      <summary>Windows イベント ログとの相互作用を提供します。</summary>
    </member>
    <member name="P:System.Diagnostics.EventLog.Entries">
      <summary>イベント ログの内容を取得します。</summary>
      <returns>イベント ログのエントリを保持している <see cref="T:System.Diagnostics.EventLogEntryCollection" />。 1 つのエントリが <see cref="T:System.Diagnostics.EventLogEntry" /> クラスの 1 つのインスタンスに関連付けられます。</returns>
    </member>
    <member name="P:System.Diagnostics.EventLog.Log">
      <summary>読み取るログまたは書き込むログの名前を取得または設定します。</summary>
      <returns>ログの名前。 ログ名には、アプリケーション ログ名、システム ログ名、セキュリティ ログ名、またはカスタム ログ名を指定できます。 既定値は、空の文字列 ("") です。</returns>
    </member>
    <member name="P:System.Diagnostics.EventLog.MachineName">
      <summary>イベントを読み取るコンピューターまたは書き込むコンピューターの名前を取得または設定します。</summary>
      <exception cref="T:System.ArgumentException">コンピューター名が無効です。</exception>
      <returns>イベント ログが存在するサーバーの名前。 既定値はローカル コンピューター (".") です。</returns>
    </member>
    <member name="P:System.Diagnostics.EventLog.EnableRaisingEvents">
      <summary>
        <see cref="T:System.Diagnostics.EventLog" /> が <see cref="E:System.Diagnostics.EventLog.EntryWritten" /> イベント通知を受信するかどうかを示す値を取得または設定します。</summary>
      <exception cref="T:System.InvalidOperationException">イベント ログは、リモート コンピューター上にあります。</exception>
      <returns>エントリがログに書き込まれたときに <see cref="T:System.Diagnostics.EventLog" /> が通知を受信する場合は <see langword="true" />。それ以外の場合は <see langword="false" />。</returns>
    </member>
    <member name="P:System.Diagnostics.EventLog.SynchronizingObject">
      <summary>
        <see cref="T:System.Diagnostics.EventLog" /> エントリ書き込みイベントの結果として発行されるイベント ハンドラー呼び出しをマーシャリングするために使用するオブジェクトを取得または設定します。</summary>
      <returns>イベント ログの <see cref="E:System.Diagnostics.EventLog.EntryWritten" /> イベントの結果として発行されるイベント ハンドラー呼び出しをマーシャリングするために使用する <see cref="T:System.ComponentModel.ISynchronizeInvoke" />。</returns>
    </member>
    <member name="P:System.Diagnostics.EventLog.Source">
      <summary>イベント ログを書き込むときに登録して使用するソース名を取得または設定します。</summary>
      <exception cref="T:System.ArgumentException">ソース名は、254 文字を超えるレジストリ キーのパスになります。</exception>
      <returns>エントリのソースとしてイベント ログに登録される名前。 既定値は、空の文字列 ("") です。</returns>
    </member>
    <member name="E:System.Diagnostics.EventLog.EntryWritten">
      <summary>ローカル コンピューター上のイベント ログにエントリが書き込まれたときに発生します。</summary>
    </member>
    <member name="P:System.Diagnostics.EventLogEntry.MachineName">
      <summary>エントリを生成したコンピューターの名前を取得します。</summary>
      <returns>イベント ログを格納しているコンピューターの名前。</returns>
    </member>
    <member name="P:System.Diagnostics.EventLogEntry.Data">
      <summary>エントリに関連付けられているバイナリ データを取得します。</summary>
      <returns>エントリに関連付けられているバイナリ データを保持するバイト配列。</returns>
    </member>
    <member name="P:System.Diagnostics.EventLogEntry.Index">
      <summary>イベント ログでのこのエントリのインデックスを取得します。</summary>
      <returns>イベント ログでのこのエントリのインデックス。</returns>
    </member>
    <member name="P:System.Diagnostics.EventLogEntry.Category">
      <summary>このエントリの <see cref="P:System.Diagnostics.EventLogEntry.CategoryNumber" /> プロパティに関連付けられているテキストを取得します。</summary>
      <exception cref="T:System.Exception">カテゴリに関連付けられている挿入文字列の 1 つに空白を割り当てることはできませんでした。</exception>
      <returns>アプリケーション固有のカテゴリ テキスト。</returns>
    </member>
    <member name="P:System.Diagnostics.EventLogEntry.CategoryNumber">
      <summary>イベント ログ エントリのカテゴリ番号を取得します。</summary>
      <returns>このエントリのアプリケーション固有のカテゴリ番号。</returns>
    </member>
    <member name="P:System.Diagnostics.EventLogEntry.EventID">
      <summary>現在のイベント エントリのアプリケーション固有のイベント識別子を取得します。</summary>
      <returns>イベント メッセージの、アプリケーション固有の識別子。</returns>
    </member>
    <member name="P:System.Diagnostics.EventLogEntry.EntryType">
      <summary>エントリのイベントの種類を取得します。</summary>
      <returns>イベント ログ内のエントリに関連付けられているイベントの種類。</returns>
    </member>
    <member name="P:System.Diagnostics.EventLogEntry.Message">
      <summary>イベント エントリに関連付けられているローカライズ済みのメッセージを取得します。</summary>
      <exception cref="T:System.Exception">メッセージに関連付けられている挿入文字列の 1 つに空白を割り当てることはできませんでした。</exception>
      <returns>メッセージ用の書式設定されローカライズされたテキスト。 これには関連付けられた置換文字列が含まれます。</returns>
    </member>
    <member name="P:System.Diagnostics.EventLogEntry.Source">
      <summary>このイベントを発生させたアプリケーションの名前を取得します。</summary>
      <returns>このイベントのソースとしてイベント ログに登録される名前。</returns>
    </member>
    <member name="P:System.Diagnostics.EventLogEntry.ReplacementStrings">
      <summary>イベント ログ エントリに関連付けられている置換文字列を取得します。</summary>
      <returns>イベント エントリに格納されている置換文字列を保持する配列。</returns>
    </member>
    <member name="P:System.Diagnostics.EventLogEntry.InstanceId">
      <summary>イベント エントリのメッセージ テキストを指定するリソース識別子を取得します。</summary>
      <returns>イベント ソースのメッセージ リソース ファイルの文字列定義に対応するリソース識別子。</returns>
    </member>
    <member name="P:System.Diagnostics.EventLogEntry.TimeGenerated">
      <summary>このイベントが生成された現地時間を取得します。</summary>
      <returns>このイベントが生成された現地時間。</returns>
    </member>
    <member name="P:System.Diagnostics.EventLogEntry.TimeWritten">
      <summary>このイベントがログに書き込まれた現地時間を取得します。</summary>
      <returns>このイベントがログに書き込まれた現地時間。</returns>
    </member>
    <member name="P:System.Diagnostics.EventLogEntry.UserName">
      <summary>このイベントを発生させたユーザーの名前を取得します。</summary>
      <exception cref="T:System.SystemException">ユーザーの SID に対するアカウント情報を取得できませんでした。</exception>
      <returns>ユーザーまたはグループを一意に識別するセキュリティ識別子 (SID: Security Identifier)。</returns>
    </member>
    <member name="T:System.Diagnostics.Eventing.Reader.CoTaskMemSafeHandle">
      <summary>
            A SafeHandle implementation over a native CoTaskMem allocated via StringToCoTaskMemAuto.
            </summary>
    </member>
    <member name="T:System.Diagnostics.Eventing.Reader.CoTaskMemUnicodeSafeHandle">
      <summary>
            A SafeHandle implementation over a native CoTaskMem allocated via SecureStringToCoTaskMemUnicode.
            </summary>
    </member>
    <member name="T:System.Diagnostics.Eventing.Reader.EventBookmark">
      <summary>イベント ストリーム内のプレースホルダー (ブックマーク) を表します。 プレースホルダーを使用すると、位置をマークして、イベントのストリーム内のその位置に戻ることができます。 このオブジェクトのインスタンスは、<see cref="T:System.Diagnostics.Eventing.Reader.EventRecord" /> オブジェクトから取得できます。その場合、そのインスタンスはそのイベント レコードの位置に対応します。</summary>
    </member>
    <member name="T:System.Diagnostics.Eventing.Reader.EventKeyword">
      <summary>イベントのキーワードを表します。 キーワードはイベント プロバイダーで定義され、イベントの使用方法に基づいてイベントを他の類似イベントと共にグループ化するために使用されます。</summary>
    </member>
    <member name="T:System.Diagnostics.Eventing.Reader.EventLevel">
      <summary>イベント プロバイダーで定義されているイベント レベルを格納します。 このレベルは、イベントの重大度を示します。</summary>
    </member>
    <member name="T:System.Diagnostics.Eventing.Reader.EventLogType">
      <summary>イベント ログに記録されるイベントの種類を定義します。 各ログに含めることができるイベントの種類は 1 つだけです。</summary>
    </member>
    <member name="T:System.Diagnostics.Eventing.Reader.EventLogIsolation">
      <summary>イベント ログの既定のアクセス許可を定義します。 Application 値と System 値は、そのログがアクセス制御リスト (ACL: Access Control List) を該当する Windows ログ (アプリケーション イベント ログまたはシステム イベント ログ) と共有し、ETW (Event Tracing for Windows) セッションを同じ分離の他のログと共有することを示しています。 Custom 分離が設定されたすべてのチャネルは、プライベート ETW セッションを使用します。</summary>
    </member>
    <member name="T:System.Diagnostics.Eventing.Reader.EventLogMode">
      <summary>ログが最大サイズに達した (イベント ログがいっぱいになった) 場合にイベント ログを処理するイベント ログ サービスの動作を決定します。</summary>
    </member>
    <member name="T:System.Diagnostics.Eventing.Reader.EventLogConfiguration">
      <summary>イベント ログの静的な情報および構成設定を格納します。 構成設定の多くは、ログを作成したイベント プロバイダーにより定義されています。</summary>
    </member>
    <member name="T:System.Diagnostics.Eventing.Reader.EventLogException">
      <summary>イベント ログに関連する情報の読み取り中にエラーが発生した場合にスローされるすべての例外の基本クラスを表します。</summary>
    </member>
    <member name="T:System.Diagnostics.Eventing.Reader.EventLogNotFoundException">
      <summary>要求されたイベント ログ (通常はイベント ログの名前またはイベント ログ ファイルのパスで指定されます) が存在しないときにスローされる例外を表します。</summary>
    </member>
    <member name="T:System.Diagnostics.Eventing.Reader.EventLogReadingException">
      <summary>イベント ログのイベントに対する読み取り、照会、またはサブスクライブ中にエラーが発生した場合にスローされる例外を表します。</summary>
    </member>
    <member name="T:System.Diagnostics.Eventing.Reader.EventLogProviderDisabledException">
      <summary>指定したイベント プロバイダー名で、無効にされたイベント プロバイダーが参照されている場合にスローされる例外を表します。 無効にされたイベント プロバイダーは、イベントを発行できません。</summary>
    </member>
    <member name="T:System.Diagnostics.Eventing.Reader.EventLogInvalidDataException">
      <summary>イベント プロバイダーがイベントで無効なデータを発行したときにスローされる例外を表します。</summary>
    </member>
    <member name="T:System.Diagnostics.Eventing.Reader.EventLogHandle">
      <summary>
            A SafeHandle implementation over native EVT_HANDLE
            obtained from EventLog Native Methods.
            </summary>
    </member>
    <member name="T:System.Diagnostics.Eventing.Reader.EventLogInformation">
      <summary>アクティブなイベント ログおよびイベント ログ ファイルの、実行時に設定されるプロパティにアクセスできるようにします。 これらのプロパティには、ログ内のイベント数、ログのサイズ、ログがいっぱいかどうかを判断する値、およびログに最後に書き込んだ時刻や最後にアクセスした時刻が格納されます。</summary>
    </member>
    <member name="T:System.Diagnostics.Eventing.Reader.EventLogLink">
      <summary>イベント プロバイダーとそのイベント プロバイダーがイベントを発行する先のイベント ログの間のリンクを表します。 このオブジェクトはインスタンス化できません。</summary>
    </member>
    <member name="T:System.Diagnostics.Eventing.Reader.EventLogPropertySelector">
      <summary>イベントの XML 表現内の要素に対応する XPath クエリを表す文字列配列を格納します。これは、イベント スキーマに基づいています。 このオブジェクトのクエリは、イベントから値を抽出するために使用されます。</summary>
    </member>
    <member name="T:System.Diagnostics.Eventing.Reader.EventLogQuery">
      <summary>イベント ログ内のイベントのクエリと、クエリの実行方法および実行対象のコンピューターを定義する設定を表します。</summary>
    </member>
    <member name="T:System.Diagnostics.Eventing.Reader.EventLogReader">
      <summary>イベント クエリに基づいて、イベント ログからイベントを読み取ることができるようにします。 このオブジェクトによって読み取られるイベントは、<see cref="T:System.Diagnostics.Eventing.Reader.EventRecord" /> オブジェクトとして返されます。</summary>
    </member>
    <member name="F:System.Diagnostics.Eventing.Reader.EventLogReader._eventsBuffer">
      <summary>
            events buffer holds batched event (handles).
            </summary>
    </member>
    <member name="F:System.Diagnostics.Eventing.Reader.EventLogReader._currentIndex">
      <summary>
            The current index where the function GetNextEvent is (inside the eventsBuffer).
            </summary>
    </member>
    <member name="F:System.Diagnostics.Eventing.Reader.EventLogReader._eventCount">
      <summary>
            The number of events read from the batch into the eventsBuffer
            </summary>
    </member>
    <member name="F:System.Diagnostics.Eventing.Reader.EventLogReader._isEof">
      <summary>
            When the reader finishes (will always return only ERROR_NO_MORE_ITEMS).
            For subscription, this means we need to wait for next event.
            </summary>
    </member>
    <member name="F:System.Diagnostics.Eventing.Reader.EventLogReader._cachedMetadataInformation">
      <summary>
            Maintains cached display / metadata information returned from
            EventRecords that were obtained from this reader.
            </summary>
    </member>
    <member name="T:System.Diagnostics.Eventing.Reader.SessionAuthentication">
      <summary>サーバーにリモート プロシージャ コール (RPC: Remote Procedure Call) ログインするときに使用する認証の種類の値を定義します。 このログインは、リモート コンピューターへの接続を指定する <see cref="T:System.Diagnostics.Eventing.Reader.EventLogSession" /> オブジェクトを作成するときに発生します。</summary>
    </member>
    <member name="T:System.Diagnostics.Eventing.Reader.PathType">
      <summary>文字列に、イベント ログの名前が格納されているか、またはイベント ログ ファイルのファイル システム パスが格納されているかを指定します。</summary>
    </member>
    <member name="T:System.Diagnostics.Eventing.Reader.EventLogSession">
      <summary>ローカル コンピューターまたはリモート コンピューターのイベント ログ サービスへのアクセスに使用されます。これにより、コンピューター上のイベント ログおよびイベント プロバイダーに関する情報の管理と収集を行うことができます。</summary>
    </member>
    <member name="T:System.Diagnostics.Eventing.Reader.EventLogStatus">
      <summary>特定のイベント ログのステータス コードまたはエラー コードを格納します。 このステータスは、イベント ログの操作ができるかどうかを判断するために使用できます。</summary>
    </member>
    <member name="T:System.Diagnostics.Eventing.Reader.EventLogWatcher">
      <summary>受信イベントにサブスクライブできます。 目的のイベントがイベント ログに発行されるたびに <see cref="E:System.Diagnostics.Eventing.Reader.EventLogWatcher.EventRecordWritten" /> イベントが発生し、このイベントを処理するメソッドが実行されます。</summary>
    </member>
    <member name="F:System.Diagnostics.Eventing.Reader.EventLogWatcher.cachedMetadataInformation">
      <summary>
            Maintains cached display / metadata information returned from
            EventRecords that were obtained from this reader.
            </summary>
    </member>
    <member name="T:System.Diagnostics.Eventing.Reader.EventMetadata">
      <summary>イベント プロバイダーで定義されているイベントのメタデータ (プロパティおよび設定) を保持します。</summary>
    </member>
    <member name="T:System.Diagnostics.Eventing.Reader.EventOpcode">
      <summary>イベント プロバイダーで定義されているイベント オペコードを格納します。 オペコードは、アプリケーションでイベントが発生したときに実行していたアクティビティまたはアクティビティ内のポイントを識別する数値を定義します。</summary>
    </member>
    <member name="T:System.Diagnostics.Eventing.Reader.EventRecord">
      <summary>
        <see cref="T:System.Diagnostics.Eventing.Reader.EventLogReader" /> オブジェクトから受信するイベントのイベント インスタンスのプロパティを定義します。 イベント プロパティは、イベントが記録されたコンピューターの名前やイベントが作成された時刻などのイベントに関する情報を提供します。 このクラスは抽象クラスです。 <see cref="T:System.Diagnostics.Eventing.Reader.EventLogRecord" /> クラスは、このクラスを実装します。</summary>
    </member>
    <member name="T:System.Diagnostics.Eventing.Reader.EventRecordWrittenEventArgs">
      <summary>
        <see cref="E:System.Diagnostics.Eventing.Reader.EventLogWatcher.EventRecordWritten" /> イベントが発生したときに、そのイベントを処理するデリゲート メソッドにこのオブジェクトのインスタンスが渡されます。 このオブジェクトには、イベント ログに発行されたイベント、またはイベント サブスクリプションが失敗したときに発生した例外が格納されています。</summary>
    </member>
    <member name="P:System.Diagnostics.Eventing.Reader.EventRecordWrittenEventArgs.EventRecord">
      <summary>イベント ログに発行されたイベント レコードを取得します。 このイベントは、イベント サブスクリプションで指定されたクエリの基準に一致します。</summary>
      <returns>イベントレコード。</returns>
    </member>
    <member name="P:System.Diagnostics.Eventing.Reader.EventRecordWrittenEventArgs.EventException">
      <summary>イベント サブスクリプションが失敗したときに発生した例外を取得します。 この例外には、サブスクリプションが失敗した理由の記述が含まれています。</summary>
      <returns>イベントサブスクリプションが失敗したときに発生した例外。</returns>
    </member>
    <member name="T:System.Diagnostics.Eventing.Reader.EventTask">
      <summary>イベント プロバイダーで定義されているイベント タスクを格納します。 このタスクは、イベントを発行するアプリケーションまたはコンポーネントの部分を識別します。 タスクは 16 ビット値で、最大の 16 個の値は予約済みです。</summary>
    </member>
    <member name="T:System.Diagnostics.Eventing.Reader.NativeWrapper">
      <summary>
            This internal class contains wrapper methods over the Native
            Methods of the Eventlog API. Unlike the raw Native Methods,
            these methods throw EventLogExceptions, check platform
            availability and perform additional helper functionality
            specific to function. Also, all methods of this class expose
            the Link Demand for Unmanaged Permission to callers.
            </summary>
    </member>
    <member name="T:System.Diagnostics.Eventing.Reader.ProviderMetadata">
      <summary>プロバイダーの名前と ID、プロバイダーで定義されているイベントのコレクションなど、イベント プロバイダーに関する静的な情報を格納します。</summary>
    </member>
    <member name="T:System.Diagnostics.Eventing.Reader.ProviderMetadataCachedInformation">
      <summary>
            This class does not expose underlying Provider metadata objects. Instead it
            exposes a limited set of Provider metadata information from the cache. The reason
            for this is so the cache can easily Dispose the metadata object without worrying
            about who is using it.
            </summary>
    </member>
    <member name="T:System.Diagnostics.Eventing.Reader.StandardEventLevel">
      <summary>イベント ログ サービスで使用される標準のイベント レベルを定義します。 このレベルは、イベントの重大度レベルを定義します。 これらの標準レベルの他、カスタムのイベント レベルを定義できます。 レベルの詳細については、「<see cref="T:System.Diagnostics.Eventing.Reader.EventLevel" />」を参照してください。</summary>
    </member>
    <member name="F:System.Diagnostics.Eventing.Reader.StandardEventLevel.LogAlways">
      <summary>この値は、イベントの発行時にレベルに関するフィルター処理が行われなかったことを示します。</summary>
    </member>
    <member name="F:System.Diagnostics.Eventing.Reader.StandardEventLevel.Critical">
      <summary>このレベルは、重大なエラーに対応します。これは、主要なエラーを発生させる深刻なエラーです。</summary>
    </member>
    <member name="F:System.Diagnostics.Eventing.Reader.StandardEventLevel.Error">
      <summary>このレベルは、問題を示す通常のエラーに対応します。</summary>
    </member>
    <member name="F:System.Diagnostics.Eventing.Reader.StandardEventLevel.Warning">
      <summary>このレベルは、警告イベントに対応します。 たとえば、ディスクの空き容量がほとんどないために発行されたイベントは、警告イベントです。</summary>
    </member>
    <member name="F:System.Diagnostics.Eventing.Reader.StandardEventLevel.Informational">
      <summary>このレベルは、エラーではない情報イベントまたは情報メッセージに対応します。 これらのイベントは、アプリケーションの進行状況や状態を追跡するのに役立ちます。</summary>
    </member>
    <member name="F:System.Diagnostics.Eventing.Reader.StandardEventLevel.Verbose">
      <summary>このレベルは、詳細なイベントまたはメッセージに対応します。</summary>
    </member>
    <member name="T:System.Diagnostics.Eventing.Reader.StandardEventTask">
      <summary>イベント プロバイダーによりイベントにアタッチされる標準のタスクを定義します。 タスクの詳細については、「<see cref="T:System.Diagnostics.Eventing.Reader.EventTask" />」を参照してください。</summary>
    </member>
    <member name="F:System.Diagnostics.Eventing.Reader.StandardEventTask.None">
      <summary>タスクを使用せずに、イベントを発行するアプリケーションの部分を識別します。</summary>
    </member>
    <member name="T:System.Diagnostics.Eventing.Reader.StandardEventOpcode">
      <summary>イベント プロバイダーによりイベントにアタッチされる標準のオペコードを定義します。 オペコードの詳細については、「<see cref="T:System.Diagnostics.Eventing.Reader.EventOpcode" />」を参照してください。</summary>
    </member>
    <member name="F:System.Diagnostics.Eventing.Reader.StandardEventOpcode.Info">
      <summary>このオペコードがあるイベントは、情報イベントです。</summary>
    </member>
    <member name="F:System.Diagnostics.Eventing.Reader.StandardEventOpcode.Start">
      <summary>このオペコードがあるイベントは、アプリケーションが新しいトランザクションまたはアクティビティを開始したときに発行されます。 Start オペコードがあるイベントが、Stop オペコードのあるイベントを介さずに複数個連続している場合は、別のトランザクションまたはアクティビティに埋め込まれている可能性があります。</summary>
    </member>
    <member name="F:System.Diagnostics.Eventing.Reader.StandardEventOpcode.Stop">
      <summary>このオペコードがあるイベントは、アプリケーション内のアクティビティまたはトランザクションが終了したときに発行されます。 このイベントは、Start オペコードがあり、対になっていない直前のイベントに対応しています。</summary>
    </member>
    <member name="F:System.Diagnostics.Eventing.Reader.StandardEventOpcode.DataCollectionStart">
      <summary>このオペコードがあるイベントは、トレース コレクションの開始イベントです。</summary>
    </member>
    <member name="F:System.Diagnostics.Eventing.Reader.StandardEventOpcode.DataCollectionStop">
      <summary>このオペコードがあるイベントは、トレース コレクションの停止イベントです。</summary>
    </member>
    <member name="F:System.Diagnostics.Eventing.Reader.StandardEventOpcode.Extension">
      <summary>このオペコードがあるイベントは、拡張イベントです。</summary>
    </member>
    <member name="F:System.Diagnostics.Eventing.Reader.StandardEventOpcode.Reply">
      <summary>このオペコードがあるイベントは、アプリケーション内のアクティビティがイベントに応答した後に発行されます。</summary>
    </member>
    <member name="F:System.Diagnostics.Eventing.Reader.StandardEventOpcode.Resume">
      <summary>このオペコードがあるイベントは、アプリケーション内のアクティビティが中断状態から再開した後に発行されます。 このイベントは、Suspend オペコードがあるイベントに続いて発行されます。</summary>
    </member>
    <member name="F:System.Diagnostics.Eventing.Reader.StandardEventOpcode.Suspend">
      <summary>このオペコードがあるイベントは、アプリケーション内のアクティビティが中断されたときに発行されます。</summary>
    </member>
    <member name="F:System.Diagnostics.Eventing.Reader.StandardEventOpcode.Send">
      <summary>このオペコードがあるイベントは、アプリケーション内のアクティビティがデータまたはシステム リソースを別のアクティビティに転送したときに発行されます。</summary>
    </member>
    <member name="F:System.Diagnostics.Eventing.Reader.StandardEventOpcode.Receive">
      <summary>このオペコードがあるイベントは、アプリケーション内のアクティビティがデータを受信したときに発行されます。</summary>
    </member>
    <member name="T:System.Diagnostics.Eventing.Reader.StandardEventKeywords">
      <summary>イベント プロバイダーによりイベントにアタッチされる標準のキーワードを定義します。 キーワードの詳細については、「<see cref="T:System.Diagnostics.Eventing.Reader.EventKeyword" />」を参照してください。</summary>
    </member>
    <member name="F:System.Diagnostics.Eventing.Reader.StandardEventKeywords.None">
      <summary>この値は、イベントの発行時にキーワードに関するフィルター処理が行われなかったことを示します。</summary>
    </member>
    <member name="F:System.Diagnostics.Eventing.Reader.StandardEventKeywords.ResponseTime">
      <summary>すべての応答時間イベントにアタッチされます。</summary>
    </member>
    <member name="F:System.Diagnostics.Eventing.Reader.StandardEventKeywords.WdiContext">
      <summary>すべての Windows 診断インフラストラクチャ (WDI: Windows Diagnostic Infrastructure) コンテキスト イベントにアタッチされます。</summary>
    </member>
    <member name="F:System.Diagnostics.Eventing.Reader.StandardEventKeywords.WdiDiagnostic">
      <summary>すべての Windows 診断インフラストラクチャ (WDI: Windows Diagnostic Infrastructure) 診断イベントにアタッチされます。</summary>
    </member>
    <member name="F:System.Diagnostics.Eventing.Reader.StandardEventKeywords.Sqm">
      <summary>すべての SQM (Service Quality Mechanism) イベントにアタッチされます。</summary>
    </member>
    <member name="F:System.Diagnostics.Eventing.Reader.StandardEventKeywords.AuditFailure">
      <summary>失敗したすべてのセキュリティ監査イベントにアタッチされます。 このキーワードは、セキュリティ ログ内のイベントにだけ使用してください。</summary>
    </member>
    <member name="F:System.Diagnostics.Eventing.Reader.StandardEventKeywords.AuditSuccess">
      <summary>成功したすべてのセキュリティ監査イベントにアタッチされます。 このキーワードは、セキュリティ ログ内のイベントにだけ使用してください。</summary>
    </member>
    <member name="F:System.Diagnostics.Eventing.Reader.StandardEventKeywords.CorrelationHint">
      <summary>関連アクティビティ ID (相関 ID) が算出された値で、一意であるとは限らない (実際の GUID ではない) 転送イベントにアタッチされます。</summary>
    </member>
    <member name="F:System.Diagnostics.Eventing.Reader.StandardEventKeywords.CorrelationHint2">
      <summary>関連アクティビティ ID (相関 ID) が算出された値で、一意であるとは限らない (実際の GUID ではない) 転送イベントにアタッチされます。</summary>
    </member>
    <member name="F:System.Diagnostics.Eventing.Reader.StandardEventKeywords.EventLogClassic">
      <summary>RaiseEvent 関数を使用して発生するイベントにアタッチされます。</summary>
    </member>
    <member name="P:System.SR.BadLogName">
      <summary>Event log names must consist of printable characters and cannot contain \\, *, ?, or spaces</summary>
    </member>
    <member name="P:System.SR.CannotDeleteEqualSource">
      <summary>The event log source '{0}' cannot be deleted, because it's equal to the log name.</summary>
    </member>
    <member name="P:System.SR.CantMonitorEventLog">
      <summary>Cannot monitor EntryWritten events for this EventLog. This might be because the EventLog is on a remote machine which is not a supported scenario.</summary>
    </member>
    <member name="P:System.SR.CantOpenLog">
      <summary>Cannot open log {0} on computer '{1}'. {2}</summary>
    </member>
    <member name="P:System.SR.CantOpenLogAccess">
      <summary>Cannot open log for source '{0}'. You may not have write access.</summary>
    </member>
    <member name="P:System.SR.CantReadLogEntryAt">
      <summary>Cannot read log entry number {0}.  The event log may be corrupt.</summary>
    </member>
    <member name="P:System.SR.CantRetrieveEntries">
      <summary>Cannot retrieve all entries.</summary>
    </member>
    <member name="P:System.SR.DuplicateLogName">
      <summary>Only the first eight characters of a custom log name are significant, and there is already another log on the system using the first eight characters of the name given. Name given: '{0}', name of existing log: '{1}'.</summary>
    </member>
    <member name="P:System.SR.EventID">
      <summary>Invalid eventID value '{0}'. It must be in the range between '{1}' and '{2}'.</summary>
    </member>
    <member name="P:System.SR.IndexOutOfBounds">
      <summary>Index {0} is out of bounds.</summary>
    </member>
    <member name="P:System.SR.InitTwice">
      <summary>Cannot initialize the same object twice.</summary>
    </member>
    <member name="P:System.SR.InvalidCustomerLogName">
      <summary>The log name: '{0}' is invalid for customer log creation.</summary>
    </member>
    <member name="P:System.SR.InvalidParameter">
      <summary>Invalid value '{1}' for parameter '{0}'.</summary>
    </member>
    <member name="P:System.SR.InvalidParameterFormat">
      <summary>Invalid format for argument {0}.</summary>
    </member>
    <member name="P:System.SR.LocalLogAlreadyExistsAsSource">
      <summary>Log {0} has already been registered as a source on the local computer.</summary>
    </member>
    <member name="P:System.SR.LocalRegKeyMissing">
      <summary>Cannot open registry key {0}\\{1}\\{2}.</summary>
    </member>
    <member name="P:System.SR.LocalSourceAlreadyExists">
      <summary>Source {0} already exists on the local computer.</summary>
    </member>
    <member name="P:System.SR.LocalSourceNotRegistered">
      <summary>Source {0} is not registered on the local computer.</summary>
    </member>
    <member name="P:System.SR.LogDoesNotExists">
      <summary>The event log '{0}' on computer '{1}' does not exist.</summary>
    </member>
    <member name="P:System.SR.LogEntryTooLong">
      <summary>Log entry string is too long. A string written to the event log cannot exceed 32766 characters.</summary>
    </member>
    <member name="P:System.SR.LogSourceMismatch">
      <summary>The source '{0}' is not registered in log '{1}'. (It is registered in log '{2}'.) " The Source and Log properties must be matched, or you may set Log to the empty string, and it will automatically be matched to the Source property.NoAccountInfo=Cannot obta ...</summary>
    </member>
    <member name="P:System.SR.MaximumKilobytesOutOfRange">
      <summary>MaximumKilobytes must be between 64 KB and 4 GB, and must be in 64K increments.</summary>
    </member>
    <member name="P:System.SR.MessageNotFormatted">
      <summary>The description for Event ID '{0}' in Source '{1}' cannot be found.  The local computer may not have the necessary registry information or message DLL files to display the message, or you may not have permission to access them.  The following information i ...</summary>
    </member>
    <member name="P:System.SR.MissingLog">
      <summary>Cannot find Log {0} on computer '{1}'.</summary>
    </member>
    <member name="P:System.SR.MissingLogProperty">
      <summary>Log property value has not been specified.</summary>
    </member>
    <member name="P:System.SR.MissingParameter">
      <summary>Must specify value for {0}.</summary>
    </member>
    <member name="P:System.SR.NeedSourceToOpen">
      <summary>Source property was not set before opening the event log in write mode.</summary>
    </member>
    <member name="P:System.SR.NeedSourceToWrite">
      <summary>Source property was not set before writing to the event log.</summary>
    </member>
    <member name="P:System.SR.NoCurrentEntry">
      <summary>No current EventLog entry available, cursor is located before the first or after the last element of the enumeration.</summary>
    </member>
    <member name="P:System.SR.NoLogName">
      <summary>Log to delete was not specified.</summary>
    </member>
    <member name="P:System.SR.ParameterTooLong">
      <summary>The size of {0} is too big. It cannot be longer than {1} characters.</summary>
    </member>
    <member name="P:System.SR.PlatformNotSupported_EventLog">
      <summary>EventLog access is not supported on this platform.</summary>
    </member>
    <member name="P:System.SR.RegKeyMissing">
      <summary>Cannot open registry key {0}\\{1}\\{2} on computer '{3}'.</summary>
    </member>
    <member name="P:System.SR.RegKeyMissingShort">
      <summary>Cannot open registry key {0} on computer {1}.</summary>
    </member>
    <member name="P:System.SR.RegKeyNoAccess">
      <summary>Cannot open registry key {0} on computer {1}. You might not have access.</summary>
    </member>
    <member name="P:System.SR.RentionDaysOutOfRange">
      <summary>'retentionDays' must be between 1 and 365 days.</summary>
    </member>
    <member name="P:System.SR.SomeLogsInaccessible">
      <summary>The source was not found, but some or all event logs could not be searched.  Inaccessible logs: {0}.</summary>
    </member>
    <member name="P:System.SR.SomeLogsInaccessibleToCreate">
      <summary>The source was not found, but some or all event logs could not be searched.  To create the source, you need permission to read all event logs to make sure that the new source name is unique.  Inaccessible logs: {0}.</summary>
    </member>
    <member name="P:System.SR.SourceAlreadyExists">
      <summary>Source {0} already exists on the computer '{1}'.</summary>
    </member>
    <member name="P:System.SR.SourceNotRegistered">
      <summary>The source '{0}' is not registered on machine '{1}', or you do not have write access to the {2} registry key.</summary>
    </member>
    <member name="P:System.SR.TooManyReplacementStrings">
      <summary>The maximum allowed number of replacement strings is 255.</summary>
    </member>
    <member name="P:System.SR.LogAlreadyExistsAsSource">
      <summary>Log {0} has already been registered as a source on the local computer.</summary>
    </member>
    <member name="P:System.SR.NotSupported_IONonFileDevices">
      <summary>Opening Win32 devices other than file such as COM ports, printers, disk partitions and tape drives is not supported. Avoid use of "\\\\.\\" in the path.</summary>
    </member>
    <member name="T:Microsoft.Win32.UnsafeNativeMethods.EvtVariantType">
      <summary>
            Evt Variant types
            </summary>
    </member>
    <member name="T:Microsoft.Win32.UnsafeNativeMethods.EvtQueryPropertyId">
      <summary>
            The query flags to get information about query
            </summary>
    </member>
    <member name="T:Microsoft.Win32.UnsafeNativeMethods.EvtPublisherMetadataPropertyId">
      <summary>
            Publisher Metadata properties
            </summary>
    </member>
  </members>
</doc>