<doc>
  <assembly>
    <name>System.Windows.Input.Manipulations</name>
  </assembly>
  <members>
    <member name="T:System.Windows.Input.Manipulations.InertiaExpansionBehavior2D">
      <summary>慣性プロセッサの必要な展開動作を記述します。</summary>
    </member>
    <member name="M:System.Windows.Input.Manipulations.InertiaExpansionBehavior2D.#ctor">
      <summary>
        <see cref="T:System.Windows.Input.Manipulations.InertiaExpansionBehavior2D" /> クラスの新しいインスタンスを初期化します。</summary>
    </member>
    <member name="P:System.Windows.Input.Manipulations.InertiaExpansionBehavior2D.DesiredDeceleration">
      <summary>ミリ秒平方あたりの必要な膨張の減速 (座標単位) を取得または設定します。</summary>
      <returns>ミリ秒平方あたりの必要な膨張の減速 (座標単位)。</returns>
    </member>
    <member name="P:System.Windows.Input.Manipulations.InertiaExpansionBehavior2D.DesiredExpansionX">
      <summary>x 軸に沿った必要な膨張の量 (座標単位) を取得または設定します。</summary>
      <returns>x 軸に沿った必要な膨張の量 (座標単位)。</returns>
    </member>
    <member name="P:System.Windows.Input.Manipulations.InertiaExpansionBehavior2D.DesiredExpansionY">
      <summary>y 軸に沿った必要な膨張の量 (座標単位) を取得または設定します。</summary>
      <returns>y 軸に沿った必要な膨張の量 (座標単位)。</returns>
    </member>
    <member name="P:System.Windows.Input.Manipulations.InertiaExpansionBehavior2D.InitialRadius">
      <summary>平均半径の初期値 (座標単位) を取得または設定します。</summary>
      <returns>平均半径の初期値 (座標単位)。</returns>
    </member>
    <member name="P:System.Windows.Input.Manipulations.InertiaExpansionBehavior2D.InitialVelocityX">
      <summary>x 軸に沿ったミリ秒あたりの膨張の初期速度 (座標単位) を取得または設定します。</summary>
      <returns>x 軸に沿ったミリ秒あたりの膨張の初期速度 (座標単位)。</returns>
    </member>
    <member name="P:System.Windows.Input.Manipulations.InertiaExpansionBehavior2D.InitialVelocityY">
      <summary>y 軸に沿ったミリ秒あたりの膨張の初期速度 (座標単位) を取得または設定します。</summary>
      <returns>y 軸に沿ったミリ秒あたりの膨張の初期速度 (座標単位)。</returns>
    </member>
    <member name="T:System.Windows.Input.Manipulations.InertiaParameters2D">
      <summary>すべての慣性パラメーター クラスが派生する基本クラス。</summary>
    </member>
    <member name="T:System.Windows.Input.Manipulations.InertiaProcessor2D">
      <summary>操作の位置、方向、および平均半径の外挿を実装します。</summary>
    </member>
    <member name="E:System.Windows.Input.Manipulations.InertiaProcessor2D.Completed">
      <summary>外挿の完了時に発生します。</summary>
    </member>
    <member name="E:System.Windows.Input.Manipulations.InertiaProcessor2D.Delta">
      <summary>外挿の起点が変更された場合や、変換、拡大と縮小、または回転が行われた場合に発生します。</summary>
    </member>
    <member name="M:System.Windows.Input.Manipulations.InertiaProcessor2D.#ctor">
      <summary>
        <see cref="T:System.Windows.Input.Manipulations.InertiaProcessor2D" /> クラスの新しいインスタンスを初期化します。</summary>
    </member>
    <member name="M:System.Windows.Input.Manipulations.InertiaProcessor2D.Complete(System.Int64)">
      <summary>指定したタイムスタンプを使用して最終的な推定を完了し、<see cref="E:System.Windows.Input.Manipulations.InertiaProcessor2D.Completed" /> イベントを発生させます。</summary>
      <param name="timestamp">100 ナノ秒タイマー刻み単位での推定を完了するためのタイムスタンプ。</param>
      <exception cref="T:System.ArgumentOutOfRangeException">タイムスタンプ パラメーターは最初または前のタイムスタンプより小さいです。</exception>
    </member>
    <member name="M:System.Windows.Input.Manipulations.InertiaProcessor2D.Process(System.Int64)">
      <summary>指定された時間に、操作の位置、向き、および平均半径を推定します。</summary>
      <param name="timestamp">100 ナノ秒タイマー刻み単位での推定を行うためのタイムスタンプ。</param>
      <exception cref="T:System.ArgumentOutOfRangeException">タイムスタンプ パラメーターは最初または前のタイムスタンプより小さいです。</exception>
      <returns>指定された時間の、操作の位置、向き、および平均半径。 推定を実行中の場合は<see langword="true" /> 。それ以外の場合、推定が完了した場合は <see langword="false" /> 。</returns>
    </member>
    <member name="M:System.Windows.Input.Manipulations.InertiaProcessor2D.SetParameters(System.Windows.Input.Manipulations.InertiaParameters2D)">
      <summary>慣性プロセッサのパラメーターを設定します。</summary>
      <param name="parameters">設定するパラメーター。</param>
    </member>
    <member name="P:System.Windows.Input.Manipulations.InertiaProcessor2D.ExpansionBehavior">
      <summary>慣性プロセッサの展開動作を取得または設定します。</summary>
      <returns>慣性プロセッサの展開動作。</returns>
    </member>
    <member name="P:System.Windows.Input.Manipulations.InertiaProcessor2D.InitialOriginX">
      <summary>最初の起点の x 座標を座標単位で取得または設定します。</summary>
      <returns>最初の起点の x 座標 (座標単位)。</returns>
    </member>
    <member name="P:System.Windows.Input.Manipulations.InertiaProcessor2D.InitialOriginY">
      <summary>最初の起点の y 座標を座標単位で取得または設定します。</summary>
      <returns>最初の起点の y 座標 (座標単位)。</returns>
    </member>
    <member name="P:System.Windows.Input.Manipulations.InertiaProcessor2D.IsRunning">
      <summary>慣性が現在処理中かどうかを取得します。</summary>
      <returns>慣性が現在処理中かどうかを示すブール値。</returns>
    </member>
    <member name="P:System.Windows.Input.Manipulations.InertiaProcessor2D.RotationBehavior">
      <summary>慣性プロセッサの回転動作を取得または設定します。</summary>
      <returns>慣性プロセッサの回転動作。</returns>
    </member>
    <member name="P:System.Windows.Input.Manipulations.InertiaProcessor2D.TranslationBehavior">
      <summary>慣性プロセッサの変換動作を取得または設定します。</summary>
      <returns>慣性プロセッサの変換動作。</returns>
    </member>
    <member name="T:System.Windows.Input.Manipulations.InertiaRotationBehavior2D">
      <summary>慣性プロセッサの必要な回転動作を記述します。</summary>
    </member>
    <member name="M:System.Windows.Input.Manipulations.InertiaRotationBehavior2D.#ctor">
      <summary>
        <see cref="T:System.Windows.Input.Manipulations.InertiaRotationBehavior2D" /> クラスの新しいインスタンスを初期化します。</summary>
    </member>
    <member name="P:System.Windows.Input.Manipulations.InertiaRotationBehavior2D.DesiredDeceleration">
      <summary>ミリ秒平方あたりの必要な角度の減速 (ラジアン単位) を取得または設定します。</summary>
      <returns>ミリ秒平方あたりの必要な角度の減速 (ラジアン単位)。</returns>
    </member>
    <member name="P:System.Windows.Input.Manipulations.InertiaRotationBehavior2D.DesiredRotation">
      <summary>必要な回転 (ラジアン単位) で取得または設定します。</summary>
      <returns>必要な回転 (ラジアン単位)。</returns>
    </member>
    <member name="P:System.Windows.Input.Manipulations.InertiaRotationBehavior2D.InitialVelocity">
      <summary>ミリ秒あたりの初期回転速度 (ラジアン単位) を取得または設定します。</summary>
      <returns>ミリ秒あたりの初期回転速度 (ラジアン単位)。</returns>
    </member>
    <member name="T:System.Windows.Input.Manipulations.InertiaTranslationBehavior2D">
      <summary>慣性プロセッサの必要な変換動作を記述します。</summary>
    </member>
    <member name="M:System.Windows.Input.Manipulations.InertiaTranslationBehavior2D.#ctor">
      <summary>
        <see cref="T:System.Windows.Input.Manipulations.InertiaTranslationBehavior2D" /> クラスの新しいインスタンスを初期化します。</summary>
    </member>
    <member name="P:System.Windows.Input.Manipulations.InertiaTranslationBehavior2D.DesiredDeceleration">
      <summary>ミリ秒平方あたりの必要な減速 (座標単位) を取得または設定します。</summary>
      <returns>ミリ秒平方あたりの必要な減速 (座標単位)。</returns>
    </member>
    <member name="P:System.Windows.Input.Manipulations.InertiaTranslationBehavior2D.DesiredDisplacement">
      <summary>オブジェクトが速度ベクターに沿って移動する必要のある絶対距離 (座標単位) を取得または設定します。</summary>
      <returns>オブジェクトが速度ベクターに沿って移動する必要のある絶対距離 (座標単位)。</returns>
    </member>
    <member name="P:System.Windows.Input.Manipulations.InertiaTranslationBehavior2D.InitialVelocityX">
      <summary>x 軸に沿ったミリ秒あたりの初期速度 (座標単位) を取得または設定します。</summary>
      <returns>x 軸に沿ったミリ秒あたりの初期速度 (座標単位)。</returns>
    </member>
    <member name="P:System.Windows.Input.Manipulations.InertiaTranslationBehavior2D.InitialVelocityY">
      <summary>y 軸に沿ったミリ秒あたりの初期速度 (座標単位) を取得または設定します。</summary>
      <returns>y 軸に沿ったミリ秒あたりの初期速度 (座標単位)。</returns>
    </member>
    <member name="T:System.Windows.Input.Manipulations.Manipulation2DCompletedEventArgs">
      <summary>Manipulationprocessor2d.completedイベントまたはInertiaProcessor2Dイベントを使用して送信されるデータを表します。</summary>
    </member>
    <member name="P:System.Windows.Input.Manipulations.Manipulation2DCompletedEventArgs.OriginX">
      <summary>操作の複合位置の新しい x 座標を取得します。</summary>
      <returns>操作の複合位置の新しい x 座標。</returns>
    </member>
    <member name="P:System.Windows.Input.Manipulations.Manipulation2DCompletedEventArgs.OriginY">
      <summary>操作の複合位置の新しい y 座標を取得します。</summary>
      <returns>操作の複合位置の新しい y 座標。</returns>
    </member>
    <member name="P:System.Windows.Input.Manipulations.Manipulation2DCompletedEventArgs.Total">
      <summary>操作開始後の変更の総量を取得します。</summary>
      <returns>操作開始後の変更の総量。</returns>
    </member>
    <member name="P:System.Windows.Input.Manipulations.Manipulation2DCompletedEventArgs.Velocities">
      <summary>操作の現在の速度を取得します。</summary>
      <returns>操作の現在の速度。</returns>
    </member>
    <member name="T:System.Windows.Input.Manipulations.Manipulation2DDeltaEventArgs">
      <summary>
        <see cref="E:System.Windows.Input.Manipulations.ManipulationProcessor2D.Delta" /> イベントまたは <see cref="E:System.Windows.Input.Manipulations.InertiaProcessor2D.Delta" /> イベントで送信されたデータを表します。</summary>
    </member>
    <member name="P:System.Windows.Input.Manipulations.Manipulation2DDeltaEventArgs.Cumulative">
      <summary>操作開始後の変更の総量を取得します。</summary>
      <returns>操作開始後の変更の総量。</returns>
    </member>
    <member name="P:System.Windows.Input.Manipulations.Manipulation2DDeltaEventArgs.Delta">
      <summary>最後のイベント以降の変更の量を取得します。</summary>
      <returns>最後のイベント以降の変更の量。</returns>
    </member>
    <member name="P:System.Windows.Input.Manipulations.Manipulation2DDeltaEventArgs.OriginX">
      <summary>操作の複合位置の新しい x 座標を取得します。</summary>
      <returns>操作の複合位置の新しい x 座標。</returns>
    </member>
    <member name="P:System.Windows.Input.Manipulations.Manipulation2DDeltaEventArgs.OriginY">
      <summary>操作の複合位置の新しい y 座標を取得します。</summary>
      <returns>操作の複合位置の新しい y 座標。</returns>
    </member>
    <member name="P:System.Windows.Input.Manipulations.Manipulation2DDeltaEventArgs.Velocities">
      <summary>操作の現在の速度を取得します。</summary>
      <returns>操作の現在の速度。</returns>
    </member>
    <member name="T:System.Windows.Input.Manipulations.Manipulation2DStartedEventArgs">
      <summary>
        <see cref="E:System.Windows.Input.Manipulations.ManipulationProcessor2D.Started" /> イベントで送信されたデータを表します。</summary>
    </member>
    <member name="P:System.Windows.Input.Manipulations.Manipulation2DStartedEventArgs.OriginX">
      <summary>原点の x 座標を取得します。</summary>
      <returns>原点の x 座標。</returns>
    </member>
    <member name="P:System.Windows.Input.Manipulations.Manipulation2DStartedEventArgs.OriginY">
      <summary>原点の y 座標を取得します。</summary>
      <returns>原点の y 座標。</returns>
    </member>
    <member name="T:System.Windows.Input.Manipulations.ManipulationDelta2D">
      <summary>2D 操作の結果を表します。</summary>
    </member>
    <member name="P:System.Windows.Input.Manipulations.ManipulationDelta2D.ExpansionX">
      <summary>x 軸に沿った膨張の量 (座標単位) を取得します。</summary>
      <returns>x 軸に沿った膨張の量 (座標単位)。</returns>
    </member>
    <member name="P:System.Windows.Input.Manipulations.ManipulationDelta2D.ExpansionY">
      <summary>y 軸に沿った膨張の量 (座標単位) を取得します。</summary>
      <returns>y 軸に沿った膨張の量 (座標単位)。</returns>
    </member>
    <member name="P:System.Windows.Input.Manipulations.ManipulationDelta2D.Rotation">
      <summary>回転の量 (ラジアン単位) を取得します。</summary>
      <returns>回転の量 (ラジアン)。</returns>
    </member>
    <member name="P:System.Windows.Input.Manipulations.ManipulationDelta2D.ScaleX">
      <summary>x 軸に沿ったスケール ファクターを取得します。</summary>
      <returns>x 軸に沿ったスケール ファクター。</returns>
    </member>
    <member name="P:System.Windows.Input.Manipulations.ManipulationDelta2D.ScaleY">
      <summary>y 軸に沿ったスケール ファクターを取得します。</summary>
      <returns>y 軸に沿ったスケール ファクター。</returns>
    </member>
    <member name="P:System.Windows.Input.Manipulations.ManipulationDelta2D.TranslationX">
      <summary>x 軸に沿った変換 (座標単位) を取得します。</summary>
      <returns>x 軸に沿った変換 (座標単位)。</returns>
    </member>
    <member name="P:System.Windows.Input.Manipulations.ManipulationDelta2D.TranslationY">
      <summary>y 軸に沿った変換 (座標単位) を取得します。</summary>
      <returns>y 軸に沿った変換 (座標単位)。</returns>
    </member>
    <member name="T:System.Windows.Input.Manipulations.ManipulationParameters2D">
      <summary>すべての操作パラメーター クラスが派生する基本クラス。</summary>
    </member>
    <member name="T:System.Windows.Input.Manipulations.ManipulationPivot2D">
      <summary>単一マニピュレーターの回転の操作プロセッサによって使用されたピボット情報を表します。</summary>
    </member>
    <member name="M:System.Windows.Input.Manipulations.ManipulationPivot2D.#ctor">
      <summary>
        <see cref="T:System.Windows.Input.Manipulations.ManipulationPivot2D" /> クラスの新しいインスタンスを初期化します。</summary>
    </member>
    <member name="P:System.Windows.Input.Manipulations.ManipulationPivot2D.Radius">
      <summary>ピボット ポイントから操作可能な領域の端までの距離を取得または設定します。</summary>
      <returns>ピボット ポイントから操作可能な領域の端までの距離。</returns>
    </member>
    <member name="P:System.Windows.Input.Manipulations.ManipulationPivot2D.X">
      <summary>ピボットの X 位置を取得または設定します。</summary>
      <returns>ピボットの X 位置。</returns>
    </member>
    <member name="P:System.Windows.Input.Manipulations.ManipulationPivot2D.Y">
      <summary>ピボットの Y 位置を取得または設定します。</summary>
      <returns>ピボットの Y 位置。</returns>
    </member>
    <member name="T:System.Windows.Input.Manipulations.ManipulationProcessor2D">
      <summary>共有座標空間での 2 次元 (2-D) 変換を行う、複数の入力および単一の出力を持つコンポジターを実装します。</summary>
    </member>
    <member name="E:System.Windows.Input.Manipulations.ManipulationProcessor2D.Completed">
      <summary>操作の完了時に発生します。</summary>
    </member>
    <member name="E:System.Windows.Input.Manipulations.ManipulationProcessor2D.Delta">
      <summary>操作の起点が変更された場合や、変換、拡大と縮小、または回転が行われた場合に発生します。</summary>
    </member>
    <member name="E:System.Windows.Input.Manipulations.ManipulationProcessor2D.Started">
      <summary>新しい操作の開始時に発生します。</summary>
    </member>
    <member name="M:System.Windows.Input.Manipulations.ManipulationProcessor2D.#ctor(System.Windows.Input.Manipulations.Manipulations2D)">
      <summary>新しい <see cref="T:System.Windows.Input.Manipulations.ManipulationProcessor2D" /> オブジェクトを作成します。</summary>
      <param name="supportedManipulations">サポートされている操作の初期セット。</param>
      <exception cref="T:System.ArgumentOutOfRangeException">
        <paramref name="supportedManipulations" /> パラメーターが、<see cref="T:System.Windows.Input.Manipulations.Manipulations2D" /> 列挙値の有効な組み合わせではありません。</exception>
    </member>
    <member name="M:System.Windows.Input.Manipulations.ManipulationProcessor2D.#ctor(System.Windows.Input.Manipulations.Manipulations2D,System.Windows.Input.Manipulations.ManipulationPivot2D)">
      <summary>新しい <see cref="T:System.Windows.Input.Manipulations.ManipulationProcessor2D" /> オブジェクトを作成します。</summary>
      <param name="supportedManipulations">サポートされている操作の初期セット。</param>
      <param name="pivot">単一マニピュレーターの回転のピボット情報。</param>
      <exception cref="T:System.ArgumentOutOfRangeException">
        <paramref name="supportedManipulations" /> パラメーターが、<see cref="T:System.Windows.Input.Manipulations.Manipulations2D" /> 列挙値の有効な組み合わせではありません。</exception>
    </member>
    <member name="M:System.Windows.Input.Manipulations.ManipulationProcessor2D.CompleteManipulation(System.Int64)">
      <summary>現在の操作を強制的に完了し、<see cref="E:System.Windows.Input.Manipulations.ManipulationProcessor2D.Completed" /> イベントを発生させます。</summary>
      <param name="timestamp">操作を完了する 100 ナノ秒単位のタイムスタンプ。</param>
      <exception cref="T:System.ArgumentOutOfRangeException">タイムスタンプは、現在の操作の前のタイムスタンプより小さいです。</exception>
    </member>
    <member name="M:System.Windows.Input.Manipulations.ManipulationProcessor2D.ProcessManipulators(System.Int64,System.Collections.Generic.IEnumerable{System.Windows.Input.Manipulations.Manipulator2D})">
      <summary>指定されたマニピュレーターを単一のバッチ操作として処理します。</summary>
      <param name="timestamp">100 ナノ秒単位のバッチのタイムスタンプ。</param>
      <param name="manipulators">現在スコープ内にあるマニピュレーターのセット。</param>
      <exception cref="T:System.ArgumentOutOfRangeException">タイムスタンプは、現在の操作の前のタイムスタンプより小さいです。</exception>
    </member>
    <member name="M:System.Windows.Input.Manipulations.ManipulationProcessor2D.SetParameters(System.Windows.Input.Manipulations.ManipulationParameters2D)">
      <summary>操作プロセッサのパラメーターを設定します。</summary>
      <param name="parameters">設定するパラメーター。</param>
    </member>
    <member name="P:System.Windows.Input.Manipulations.ManipulationProcessor2D.MinimumScaleRotateRadius">
      <summary>マニピュレーターが拡大と縮小および回転に参加するために必要な座標単位の最小半径を取得または設定します。</summary>
      <returns>マニピュレーターが拡大と縮小および回転に参加するために必要な座標単位の最小半径。</returns>
    </member>
    <member name="P:System.Windows.Input.Manipulations.ManipulationProcessor2D.Pivot">
      <summary>操作プロセッサのピボット情報を取得または設定します。</summary>
      <returns>操作プロセッサのピボット情報。</returns>
    </member>
    <member name="P:System.Windows.Input.Manipulations.ManipulationProcessor2D.SupportedManipulations">
      <summary>サポートされている操作の現在のセットを取得または設定します。</summary>
      <exception cref="T:System.ArgumentOutOfRangeException">このプロパティは、<see cref="T:System.Windows.Input.Manipulations.Manipulations2D" /> 列挙値の有効な組み合わせではない値への設定を試みます。</exception>
      <returns>サポートされている操作の現在のセット。</returns>
    </member>
    <member name="T:System.Windows.Input.Manipulations.Manipulations2D">
      <summary>2 次元 (2-D) の可能なアフィン操作を表します。</summary>
    </member>
    <member name="F:System.Windows.Input.Manipulations.Manipulations2D.All">
      <summary>すべての可能な操作。</summary>
    </member>
    <member name="F:System.Windows.Input.Manipulations.Manipulations2D.None">
      <summary>操作なし。</summary>
    </member>
    <member name="F:System.Windows.Input.Manipulations.Manipulations2D.Rotate">
      <summary>回転。</summary>
    </member>
    <member name="F:System.Windows.Input.Manipulations.Manipulations2D.Scale">
      <summary>上下および左右方向のスケール</summary>
    </member>
    <member name="F:System.Windows.Input.Manipulations.Manipulations2D.Translate">
      <summary>x または y 軸方向の変換。</summary>
    </member>
    <member name="F:System.Windows.Input.Manipulations.Manipulations2D.TranslateX">
      <summary>x 軸方向の変換。</summary>
    </member>
    <member name="F:System.Windows.Input.Manipulations.Manipulations2D.TranslateY">
      <summary>y 軸方向の変換。</summary>
    </member>
    <member name="T:System.Windows.Input.Manipulations.ManipulationVelocities2D">
      <summary>操作および慣性プロセッサによって計算された速度のセットを表します。</summary>
    </member>
    <member name="F:System.Windows.Input.Manipulations.ManipulationVelocities2D.Zero">
      <summary>速度設定がすべて 0 に設定されている <see cref="T:System.Windows.Input.Manipulations.ManipulationVelocities2D" /> を取得します。</summary>
    </member>
    <member name="P:System.Windows.Input.Manipulations.ManipulationVelocities2D.AngularVelocity">
      <summary>ミリ秒あたりの角度の速度 (ラジアン単位) を取得します。</summary>
      <returns>ミリ秒あたりの角度の速度 (ラジアン単位)。</returns>
    </member>
    <member name="P:System.Windows.Input.Manipulations.ManipulationVelocities2D.ExpansionVelocityX">
      <summary>x 軸に沿ってミリ秒あたりの展開速度 (座標単位) を取得します。</summary>
      <returns>x 軸に沿ったミリ秒あたりの展開速度 (座標単位)。</returns>
    </member>
    <member name="P:System.Windows.Input.Manipulations.ManipulationVelocities2D.ExpansionVelocityY">
      <summary>y 軸に沿ってミリ秒あたりの展開速度 (座標単位) を取得します。</summary>
      <returns>y 軸に沿ったミリ秒あたりの展開速度 (座標単位)。</returns>
    </member>
    <member name="P:System.Windows.Input.Manipulations.ManipulationVelocities2D.LinearVelocityX">
      <summary>x 軸に沿ってミリ秒あたりの速度 (座標単位) を取得します。</summary>
      <returns>x 軸に沿ったミリ秒あたりの速度 (座標単位)。</returns>
    </member>
    <member name="P:System.Windows.Input.Manipulations.ManipulationVelocities2D.LinearVelocityY">
      <summary>y 軸に沿ってミリ秒あたりの速度 (座標単位) を取得します。</summary>
      <returns>y 軸に沿ったミリ秒あたりの速度 (座標単位)。</returns>
    </member>
    <member name="T:System.Windows.Input.Manipulations.Manipulator2D">
      <summary>ある特定の時点での 2D 操作を表します。</summary>
    </member>
    <member name="M:System.Windows.Input.Manipulations.Manipulator2D.#ctor(System.Int32,System.Single,System.Single)">
      <summary>新しい <see cref="T:System.Windows.Input.Manipulations.Manipulator2D" /> オブジェクトを、プロパティを指定して作成します。</summary>
      <param name="id">このマニピュレーターの一意の ID。</param>
      <param name="x">マニピュレーターの x 座標。</param>
      <param name="y">マニピュレーターの y 座標。</param>
      <exception cref="T:System.ArgumentOutOfRangeException">
        <paramref name="x" /> 座標または <paramref name="y" /> 座標は、<see langword="float.NaN" />、<see langword="float.PositiveInfinity" />、または <see langword="float.NegativeInfinity" /> です。 これらの値はすべて無効です。</exception>
    </member>
    <member name="M:System.Windows.Input.Manipulations.Manipulator2D.Equals(System.Object)">
      <summary>この <see cref="T:System.Windows.Input.Manipulations.Manipulator2D" /> オブジェクトの値が指定した <see cref="T:System.Windows.Input.Manipulations.Manipulator2D" /> オブジェクトの値と同一かどうかを判断します。</summary>
      <param name="obj">このオブジェクトと比較する <see cref="T:System.Windows.Input.Manipulations.Manipulator2D" /> オブジェクト。</param>
      <returns>2 つの <see cref="T:System.Windows.Input.Manipulations.Manipulator2D" />オブジェクトが同じ型で、同じ値を表している場合は <see langword="true" />。それ以外の場合は <see langword="false" />。</returns>
    </member>
    <member name="M:System.Windows.Input.Manipulations.Manipulator2D.GetHashCode">
      <summary>このインスタンスのハッシュ コードを返します。</summary>
      <returns>対象のインスタンスのハッシュ コード。</returns>
    </member>
    <member name="M:System.Windows.Input.Manipulations.Manipulator2D.op_Equality(System.Windows.Input.Manipulations.Manipulator2D,System.Windows.Input.Manipulations.Manipulator2D)">
      <summary>指定した 2 つの <see cref="T:System.Windows.Input.Manipulations.Manipulator2D" /> オブジェクトの値が同一かどうかを判断します。</summary>
      <param name="manipulator1">比較する最初の <see cref="T:System.Windows.Input.Manipulations.Manipulator2D" /> オブジェクト。</param>
      <param name="manipulator2">比較する 2 番目の <see cref="T:System.Windows.Input.Manipulations.Manipulator2D" /> オブジェクトです。</param>
      <returns>2 つの <see cref="T:System.Windows.Input.Manipulations.Manipulator2D" /> オブジェクトが同じ値を持つ場合は <see langword="true" />。それ以外の場合は <see langword="false" />。</returns>
    </member>
    <member name="M:System.Windows.Input.Manipulations.Manipulator2D.op_Inequality(System.Windows.Input.Manipulations.Manipulator2D,System.Windows.Input.Manipulations.Manipulator2D)">
      <summary>指定した 2 つの <see cref="T:System.Windows.Input.Manipulations.Manipulator2D" /> オブジェクトの値が異なるかどうかを判断します。</summary>
      <param name="manipulator1">比較する最初の <see cref="T:System.Windows.Input.Manipulations.Manipulator2D" /> オブジェクト。</param>
      <param name="manipulator2">比較する 2 番目の <see cref="T:System.Windows.Input.Manipulations.Manipulator2D" /> オブジェクトです。</param>
      <returns>2 つの <see cref="T:System.Windows.Input.Manipulations.Manipulator2D" /> オブジェクトの値が異なる場合は <see langword="true" />。それ以外の場合は <see langword="false" />。</returns>
    </member>
    <member name="P:System.Windows.Input.Manipulations.Manipulator2D.Id">
      <summary>この <see cref="T:System.Windows.Input.Manipulations.Manipulator2D" /> オブジェクトの一意の ID を取得または設定します。</summary>
      <returns>この <see cref="T:System.Windows.Input.Manipulations.Manipulator2D" /> オブジェクトの一意の ID。</returns>
    </member>
    <member name="P:System.Windows.Input.Manipulations.Manipulator2D.X">
      <summary>この <see cref="T:System.Windows.Input.Manipulations.Manipulator2D" /> オブジェクトの x 座標を取得または設定します。</summary>
      <returns>この <see cref="T:System.Windows.Input.Manipulations.Manipulator2D" /> オブジェクトの x 座標。</returns>
    </member>
    <member name="P:System.Windows.Input.Manipulations.Manipulator2D.Y">
      <summary>この <see cref="T:System.Windows.Input.Manipulations.Manipulator2D" /> オブジェクトの y 座標を取得または設定します。</summary>
      <returns>この <see cref="T:System.Windows.Input.Manipulations.Manipulator2D" /> オブジェクトの y 座標。</returns>
    </member>
  </members>
</doc>