<doc>
  <assembly>
    <name>System.DirectoryServices</name>
  </assembly>
  <members>
    <member name="T:System.DirectoryServices.AuthenticationTypes">
      <summary>
        <see cref="T:System.DirectoryServices.AuthenticationTypes" /> 列挙体は、<see cref="N:System.DirectoryServices" /> で使用する認証の種類を指定します。 この列挙体には、メンバー値のビットごとの組み合わせを可能にする <see cref="T:System.FlagsAttribute" /> 属性があります。</summary>
    </member>
    <member name="F:System.DirectoryServices.AuthenticationTypes.Secure">
      <summary>セキュリティで保護された認証を要求します。 このフラグを設定した場合、WinNT プロバイダーは NTLM を使用してクライアントを認証します。 Active Directory Domain Services は Kerberos と、場合によっては NTLM を使用して、クライアントを認証します。 ユーザー名とパスワードが null 参照 (Visual Basic の場合は <see langword="Nothing" />) の場合、ADSI は呼び出し元スレッドのセキュリティ コンテキストを使用してオブジェクトにバインドします。これはアプリケーションを実行しているユーザー アカウントまたは呼び出し元スレッドが偽装しているクライアント ユーザー アカウントのセキュリティ コンテキストのいずれかです。</summary>
    </member>
    <member name="F:System.DirectoryServices.AuthenticationTypes.Encryption">
      <summary>送信者を識別し、送信中に変更されていないことが保証されるメッセージに暗号化署名を添付します。</summary>
    </member>
    <member name="F:System.DirectoryServices.AuthenticationTypes.SecureSocketsLayer">
      <summary>送信者を識別し、送信中に変更されていないことが保証されるメッセージに暗号化署名を添付します。 Active Directory Domain Services では、SSL (Secure Sockets Layer) 暗号化をサポートするために、Certificate Server のインストールが必要です。</summary>
    </member>
    <member name="F:System.DirectoryServices.AuthenticationTypes.ReadonlyServer">
      <summary>WinNT プロバイダーでは、ADSI はドメイン コントローラーに接続を試みます。 Active Directory Domain Services では、このフラグは、書き込み可能なサーバーがサーバーレス バインディングで要求されないことを示します。</summary>
    </member>
    <member name="F:System.DirectoryServices.AuthenticationTypes.Anonymous">
      <summary>認証は実行されません。</summary>
    </member>
    <member name="F:System.DirectoryServices.AuthenticationTypes.FastBind">
      <summary>ADSI が Active Directory Domain Services の objectClass プロパティを照会しないように指定します。 したがって、すべての ADSI オブジェクトによってサポートされる基本インターフェイスだけが公開されます。 オブジェクトがサポートする他のインターフェイスは使用できません。 ユーザーはこのオプションを使用して、基本インターフェイスのメソッドだけを含んでいる一連のオブジェクト操作のパフォーマンスを改善できます。 ただし、いずれかの要求オブジェクトがサーバー上に実際に存在する場合、ADSI は検証しません。 詳細については、「バッチ書き込みおよび変更操作の高速バインディング オプション」の記事を参照してください。 objectClass プロパティの詳細については、Object-Class に関する記事を参照してください。</summary>
    </member>
    <member name="F:System.DirectoryServices.AuthenticationTypes.Signing">
      <summary>受信データが送信データと同じであることを確認するために、データの整合性を検証します。 署名を使用するには、<see cref="F:System.DirectoryServices.AuthenticationTypes.Secure" /> フラグも設定する必要があります。</summary>
    </member>
    <member name="F:System.DirectoryServices.AuthenticationTypes.Sealing">
      <summary>Kerberos を使用してデータを暗号化します。 シーリングを使用するには、<see cref="F:System.DirectoryServices.AuthenticationTypes.Secure" /> フラグも設定する必要があります。</summary>
    </member>
    <member name="F:System.DirectoryServices.AuthenticationTypes.Delegation">
      <summary>ADSI (Active Directory Services Interface) がユーザーのセキュリティ コンテキストをデリゲートできるようにします。これは、オブジェクトをドメイン間で移動するために必要です。</summary>
    </member>
    <member name="F:System.DirectoryServices.AuthenticationTypes.ServerBind">
      <summary>ADsPath にサーバー名が含まれる場合は、LDAP プロバイダーを使用するときにこのフラグを指定します。 ドメイン名を含むパスまたはサーバーレス パスにこのフラグを使用しないでください。 また、このフラグを指定せずにサーバー名を指定すると、不必要なネットワーク トラフィックが発生します。</summary>
    </member>
    <member name="T:System.DirectoryServices.DereferenceAlias">
      <summary>
        <see cref="T:System.DirectoryServices.DereferenceAlias" /> 列挙体では、エイリアスの解決方法を指定します。 この列挙体は、<see cref="P:System.DirectoryServices.DirectorySearcher.DerefAlias" /> プロパティの値を設定します。</summary>
    </member>
    <member name="T:System.DirectoryServices.DirectoryEntries">
      <summary>
        <see cref="T:System.DirectoryServices.DirectoryEntry" /> オブジェクトのコレクションを含んでいます。</summary>
    </member>
    <member name="P:System.DirectoryServices.DirectoryEntries.SchemaFilter">
      <summary>コレクションに格納する子オブジェクトを指定するスキーマを取得します。</summary>
      <returns>
        <see cref="T:System.DirectoryServices.SchemaNameCollection" /> インスタンスに格納する子オブジェクトを指定する <see cref="T:System.DirectoryServices.DirectoryEntries" />。</returns>
    </member>
    <member name="M:System.DirectoryServices.DirectoryEntries.Add(System.String,System.String)">
      <summary>コンテナーに新しいエントリを作成します。</summary>
      <param name="name">新しいエントリの名前。</param>
      <param name="schemaClassName">新しいエントリで使用されるスキーマの名前。</param>
      <exception cref="T:System.Runtime.InteropServices.COMException">基になるインターフェイスへの呼び出し中にエラーが発生しました。</exception>
      <returns>新しいエントリを表す <see cref="T:System.DirectoryServices.DirectoryEntry" /> オブジェクト。</returns>
    </member>
    <member name="M:System.DirectoryServices.DirectoryEntries.Find(System.String)">
      <summary>指定した名前を持つこのコレクションのメンバーを返します。</summary>
      <param name="name">検索する子オブジェクトの名前を格納します。</param>
      <exception cref="T:System.InvalidOperationException">Active Directory ドメイン サービスがコンテナーではありません。</exception>
      <exception cref="T:System.Runtime.InteropServices.COMException">基になるインターフェイスへの呼び出し中にエラーが発生しました。</exception>
      <returns>見つかった子オブジェクトを表す <see cref="T:System.DirectoryServices.DirectoryEntry" />。</returns>
    </member>
    <member name="M:System.DirectoryServices.DirectoryEntries.Find(System.String,System.String)">
      <summary>指定した名前を持ち、指定した型のこのコレクションのメンバーを返します。</summary>
      <param name="name">検索する子ディレクトリ オブジェクトの名前。</param>
      <param name="schemaClassName">検索する子ディレクトリ オブジェクトのクラス名。</param>
      <exception cref="T:System.InvalidOperationException">Active Directory ドメイン サービスがコンテナーではありません。</exception>
      <exception cref="T:System.Runtime.InteropServices.COMException">基になるインターフェイスへの呼び出し中にエラーが発生しました。</exception>
      <returns>見つかった子オブジェクトを表す <see cref="T:System.DirectoryServices.DirectoryEntry" /> オブジェクト。</returns>
    </member>
    <member name="M:System.DirectoryServices.DirectoryEntries.Remove(System.DirectoryServices.DirectoryEntry)">
      <summary>このコレクションのメンバーを削除します。</summary>
      <param name="entry">削除する <see cref="T:System.DirectoryServices.DirectoryEntry" /> オブジェクトの名前。</param>
      <exception cref="T:System.Runtime.InteropServices.COMException">基になるインターフェイスへの呼び出し中にエラーが発生しました。</exception>
    </member>
    <member name="T:System.DirectoryServices.DirectoryEntries.ChildEnumerator">
      <devdoc>
            Supports a simple ForEach-style iteration over a collection and defines
            enumerators, size, and synchronization methods.
            </devdoc>
    </member>
    <member name="P:System.DirectoryServices.DirectoryEntries.ChildEnumerator.Current">
      <devdoc>
            Gets the current element in the collection.
            </devdoc>
    </member>
    <member name="M:System.DirectoryServices.DirectoryEntries.ChildEnumerator.MoveNext">
      <devdoc>
            Advances the enumerator to the next element of the collection
            and returns a Boolean value indicating whether a valid element is available.
            </devdoc>
    </member>
    <member name="M:System.DirectoryServices.DirectoryEntries.ChildEnumerator.Reset">
      <devdoc>
            Resets the enumerator back to its initial position before the first element in the collection.
            </devdoc>
    </member>
    <member name="T:System.DirectoryServices.DirectoryEntry">
      <summary>
        <see cref="T:System.DirectoryServices.DirectoryEntry" /> クラスは、Active Directory Domain Services 階層のノードまたはオブジェクトをカプセル化します。</summary>
    </member>
    <member name="M:System.DirectoryServices.DirectoryEntry.#ctor">
      <summary>
        <see cref="T:System.DirectoryServices.DirectoryEntry" /> クラスの新しいインスタンスを初期化します。</summary>
    </member>
    <member name="M:System.DirectoryServices.DirectoryEntry.#ctor(System.String)">
      <summary>指定したパスにある Active Directory Domain Services のノードに対象のインスタンスをバインドする <see cref="T:System.DirectoryServices.DirectoryEntry" /> クラスの新しいインスタンスを初期化します。</summary>
      <param name="path">
        <see cref="M:System.DirectoryServices.DirectoryEntry.#ctor(System.String)" /> をディレクトリにバインドするパス。 <see cref="P:System.DirectoryServices.DirectoryEntry.Path" /> プロパティは、この値に初期化されます。</param>
    </member>
    <member name="M:System.DirectoryServices.DirectoryEntry.#ctor(System.String,System.String,System.String)">
      <summary>
        <see cref="T:System.DirectoryServices.DirectoryEntry" /> クラスの新しいインスタンスを初期化します。</summary>
      <param name="path">
        <see cref="T:System.DirectoryServices.DirectoryEntry" /> のパス。 <see cref="P:System.DirectoryServices.DirectoryEntry.Path" /> プロパティは、この値に初期化されます。</param>
      <param name="username">クライアントを認証するときに使用するユーザー名です。 <see cref="P:System.DirectoryServices.DirectoryEntry.Username" /> プロパティは、この値に初期化されます。</param>
      <param name="password">クライアントを認証するときに使用するパスワードです。 <see cref="P:System.DirectoryServices.DirectoryEntry.Password" /> プロパティは、この値に初期化されます。</param>
    </member>
    <member name="M:System.DirectoryServices.DirectoryEntry.#ctor(System.String,System.String,System.String,System.DirectoryServices.AuthenticationTypes)">
      <summary>
        <see cref="T:System.DirectoryServices.DirectoryEntry" /> クラスの新しいインスタンスを初期化します。</summary>
      <param name="path">
        <see cref="T:System.DirectoryServices.DirectoryEntry" /> のパス。 <see cref="P:System.DirectoryServices.DirectoryEntry.Path" /> プロパティは、この値に初期化されます。</param>
      <param name="username">クライアントを認証するときに使用するユーザー名です。 <see cref="P:System.DirectoryServices.DirectoryEntry.Username" /> プロパティは、この値に初期化されます。</param>
      <param name="password">クライアントを認証するときに使用するパスワードです。 <see cref="P:System.DirectoryServices.DirectoryEntry.Password" /> プロパティは、この値に初期化されます。</param>
      <param name="authenticationType">
        <see cref="T:System.DirectoryServices.AuthenticationTypes" /> 値のいずれか 1 つ。 <see cref="P:System.DirectoryServices.DirectoryEntry.AuthenticationType" /> プロパティは、この値に初期化されます。</param>
    </member>
    <member name="M:System.DirectoryServices.DirectoryEntry.#ctor(System.Object)">
      <summary>指定したネイティブ Active Directory Domain Services オブジェクトにバインドする <see cref="T:System.DirectoryServices.DirectoryEntry" /> クラスの新しいインスタンスを初期化します。</summary>
      <param name="adsObject">バインド先のネイティブ Active Directory ドメイン サービス オブジェクトの名前。</param>
    </member>
    <member name="P:System.DirectoryServices.DirectoryEntry.Children">
      <summary>Active Directory Domain Services 階層でこのノードの子エントリを取得します。</summary>
      <returns>Active Directory Domain Services 階層でこのノードの子エントリを格納している <see cref="T:System.DirectoryServices.DirectoryEntries" /> オブジェクト。</returns>
    </member>
    <member name="P:System.DirectoryServices.DirectoryEntry.Guid">
      <summary>
        <see cref="T:System.DirectoryServices.DirectoryEntry" /> の GUID を取得します。</summary>
      <returns>
        <see cref="T:System.DirectoryServices.DirectoryEntry" /> の GUID を表す <see cref="T:System.Guid" /> 構造体。</returns>
    </member>
    <member name="P:System.DirectoryServices.DirectoryEntry.Name">
      <summary>基になるディレクトリ サービスで命名されているオブジェクトの名前を取得します。</summary>
      <returns>基になるディレクトリ サービスで命名されているオブジェクトの名前。</returns>
    </member>
    <member name="P:System.DirectoryServices.DirectoryEntry.NativeObject">
      <summary>ネイティブ Active Directory Service Interfaces (ADSI) オブジェクトを取得します。</summary>
      <returns>ネイティブ ADSI オブジェクト。</returns>
    </member>
    <member name="P:System.DirectoryServices.DirectoryEntry.Parent">
      <summary>Active Directory Domain Services 階層でのこのエントリの親を取得します。</summary>
      <returns>このエントリの親を表す <see cref="T:System.DirectoryServices.DirectoryEntry" /> オブジェクト。</returns>
    </member>
    <member name="P:System.DirectoryServices.DirectoryEntry.Password">
      <summary>クライアントの認証時に使用するパスワードを設定します。</summary>
      <returns>クライアントを認証するときに使用するパスワードです。</returns>
    </member>
    <member name="P:System.DirectoryServices.DirectoryEntry.Path">
      <summary>この <see cref="T:System.DirectoryServices.DirectoryEntry" /> のパスを取得または設定します。</summary>
      <returns>この <see cref="T:System.DirectoryServices.DirectoryEntry" /> オブジェクトのパス。 既定値は、空の文字列 ("") です。</returns>
    </member>
    <member name="P:System.DirectoryServices.DirectoryEntry.Properties">
      <summary>この <see cref="T:System.DirectoryServices.DirectoryEntry" /> オブジェクトの Active Directory ドメイン サービスのプロパティを取得します。</summary>
      <returns>このエントリに設定されるプロパティが格納された <see cref="T:System.DirectoryServices.PropertyCollection" /> オブジェクト。</returns>
    </member>
    <member name="P:System.DirectoryServices.DirectoryEntry.SchemaClassName">
      <summary>この <see cref="T:System.DirectoryServices.DirectoryEntry" /> オブジェクトのスキーマ クラスの名前を取得します。</summary>
      <returns>この <see cref="T:System.DirectoryServices.DirectoryEntry" /> オブジェクトのスキーマ クラスの名前。</returns>
    </member>
    <member name="P:System.DirectoryServices.DirectoryEntry.SchemaEntry">
      <summary>このエントリのスキーマ オブジェクトを取得します。</summary>
      <returns>このエントリのスキーマ クラスを表す <see cref="T:System.DirectoryServices.DirectoryEntry" /> オブジェクト。</returns>
    </member>
    <member name="P:System.DirectoryServices.DirectoryEntry.UsePropertyCache">
      <summary>操作を実行するたびにキャッシュをコミットするかどうかを示す値を取得または設定します。</summary>
      <returns>操作を実行するたびにキャッシュをコミットしない場合は <see langword="true" />。それ以外の場合は <see langword="false" />。 既定値は、<see langword="true" /> です。</returns>
    </member>
    <member name="P:System.DirectoryServices.DirectoryEntry.Username">
      <summary>クライアントの認証時に使用するユーザー名を取得または設定します。</summary>
      <returns>クライアントを認証するときに使用するユーザー名です。</returns>
    </member>
    <member name="M:System.DirectoryServices.DirectoryEntry.Bind">
      <devdoc>
            Binds to the ADs object (if not already bound).
            </devdoc>
    </member>
    <member name="M:System.DirectoryServices.DirectoryEntry.Close">
      <summary>
        <see cref="T:System.DirectoryServices.DirectoryEntry" /> オブジェクトを閉じ、このコンポーネントと関連付けられているシステム リソースを解放します。</summary>
    </member>
    <member name="M:System.DirectoryServices.DirectoryEntry.CommitChanges">
      <summary>ディレクトリ エントリに加えられた変更を基になるディレクトリ ストアに保存します。</summary>
    </member>
    <member name="M:System.DirectoryServices.DirectoryEntry.CopyTo(System.DirectoryServices.DirectoryEntry)">
      <summary>指定した親の子として、このエントリのコピーを作成します。</summary>
      <param name="newParent">作成されるコピーの親になる <see cref="T:System.DirectoryServices.DirectoryEntry" /> オブジェクトの識別名。</param>
      <exception cref="T:System.InvalidOperationException">指定した <see cref="T:System.DirectoryServices.DirectoryEntry" /> がコンテナーではありません。</exception>
      <returns>新しい親の子としてのこのエントリのコピーを表す <see cref="T:System.DirectoryServices.DirectoryEntry" /> オブジェクト。</returns>
    </member>
    <member name="M:System.DirectoryServices.DirectoryEntry.CopyTo(System.DirectoryServices.DirectoryEntry,System.String)">
      <summary>指定した新しい名前で、指定した親 <see cref="T:System.DirectoryServices.DirectoryEntry" /> オブジェクトの子として、この <see cref="T:System.DirectoryServices.DirectoryEntry" /> オブジェクトのコピーを作成します。</summary>
      <param name="newParent">作成されるコピーの親になる <see cref="T:System.DirectoryServices.DirectoryEntry" /> オブジェクトの DN。</param>
      <param name="newName">このエントリのコピーの名前。</param>
      <exception cref="T:System.InvalidOperationException">指定した <see cref="T:System.DirectoryServices.DirectoryEntry" /> オブジェクトがコンテナーではありません。</exception>
      <returns>指定した親の子として名前を変更したこのエントリのコピー。</returns>
    </member>
    <member name="M:System.DirectoryServices.DirectoryEntry.DeleteTree">
      <summary>Active Directory ドメイン サービス階層からこのエントリとそのサブツリー全体を削除します。</summary>
      <exception cref="T:System.InvalidOperationException">指定した <see cref="T:System.DirectoryServices.DirectoryEntry" /> がコンテナーではありません。</exception>
    </member>
    <member name="M:System.DirectoryServices.DirectoryEntry.Exists(System.String)">
      <summary>指定したパスがディレクトリ サービスの実際のエントリを表しているかどうかを判断します。</summary>
      <param name="path">確認するエントリのパス。</param>
      <returns>指定したパスがディレクトリ サービスの有効なエントリを表している場合は <see langword="true" />。それ以外の場合は <see langword="false" />。</returns>
    </member>
    <member name="M:System.DirectoryServices.DirectoryEntry.FillCache(System.String)">
      <devdoc>
            If UsePropertyCache is true, calls GetInfo the first time it's necessary.
            If it's false, calls GetInfoEx on the given property name.
            </devdoc>
    </member>
    <member name="M:System.DirectoryServices.DirectoryEntry.Invoke(System.String,System.Object[])">
      <summary>ネイティブ Active Directory ドメイン サービス オブジェクトでメソッドを呼び出します。</summary>
      <param name="methodName">呼び出すメソッドの名前。</param>
      <param name="args">呼び出すメソッドの引数を格納している型 <see cref="T:System.Object" /> のオブジェクトの配列。</param>
      <exception cref="T:System.DirectoryServices.DirectoryServicesCOMException">ネイティブ メソッドが <see cref="T:System.Runtime.InteropServices.COMException" /> 例外をスローしました。</exception>
      <exception cref="T:System.Reflection.TargetInvocationException">ネイティブ メソッドが <see cref="T:System.Reflection.TargetInvocationException" /> 例外をスローしました。 <see cref="P:System.Exception.InnerException" /> プロパティには、発生した実際のエラーに関する情報が格納された <see cref="T:System.Runtime.InteropServices.COMException" /> 例外が含まれます。</exception>
      <returns>呼び出されたメソッドの戻り値。</returns>
    </member>
    <member name="M:System.DirectoryServices.DirectoryEntry.InvokeGet(System.String)">
      <summary>ネイティブ Active Directory Domain Services オブジェクトからプロパティを取得します。</summary>
      <param name="propertyName">取得するプロパティの名前。</param>
      <returns>要求されたプロパティを表すオブジェクト。</returns>
    </member>
    <member name="M:System.DirectoryServices.DirectoryEntry.InvokeSet(System.String,System.Object[])">
      <summary>ネイティブ Active Directory Domain Services オブジェクトでプロパティを設定します。</summary>
      <param name="propertyName">設定するプロパティの名前。</param>
      <param name="args">設定する Active Directory ドメイン サービス オブジェクト。</param>
    </member>
    <member name="M:System.DirectoryServices.DirectoryEntry.MoveTo(System.DirectoryServices.DirectoryEntry)">
      <summary>この <see cref="T:System.DirectoryServices.DirectoryEntry" /> オブジェクトを指定した親に移動します。</summary>
      <param name="newParent">このエントリの移動先の親。</param>
      <exception cref="T:System.InvalidOperationException">指定した <see cref="T:System.DirectoryServices.DirectoryEntry" /> がコンテナーではありません。</exception>
    </member>
    <member name="M:System.DirectoryServices.DirectoryEntry.MoveTo(System.DirectoryServices.DirectoryEntry,System.String)">
      <summary>この <see cref="T:System.DirectoryServices.DirectoryEntry" /> オブジェクトを指定した親に移動し、その名前を指定した値に変更します。</summary>
      <param name="newParent">このエントリの移動先の親。</param>
      <param name="newName">このエントリの新しい名前。</param>
      <exception cref="T:System.InvalidOperationException">指定した <see cref="T:System.DirectoryServices.DirectoryEntry" /> がコンテナーではありません。</exception>
    </member>
    <member name="M:System.DirectoryServices.DirectoryEntry.RefreshCache">
      <summary>この <see cref="T:System.DirectoryServices.DirectoryEntry" /> オブジェクトのプロパティ値をプロパティ キャッシュに読み込みます。</summary>
    </member>
    <member name="M:System.DirectoryServices.DirectoryEntry.RefreshCache(System.String[])">
      <summary>指定したプロパティの値をプロパティ キャッシュに読み込みます。</summary>
      <param name="propertyNames">指定したプロパティの配列。</param>
    </member>
    <member name="M:System.DirectoryServices.DirectoryEntry.Rename(System.String)">
      <summary>この <see cref="T:System.DirectoryServices.DirectoryEntry" /> オブジェクトの名前を変更します。</summary>
      <param name="newName">エントリの新しい名前。</param>
    </member>
    <member name="T:System.DirectoryServices.DirectorySearcher">
      <summary>Active Directory ドメイン サービスに対してクエリを実行します。</summary>
    </member>
    <member name="M:System.DirectoryServices.DirectorySearcher.#ctor">
      <summary>
        <see cref="T:System.DirectoryServices.DirectorySearcher" /> クラスの新しいインスタンスを既定値で初期化します。</summary>
    </member>
    <member name="M:System.DirectoryServices.DirectorySearcher.#ctor(System.DirectoryServices.DirectoryEntry)">
      <summary>指定した検索ルートを使用して、<see cref="T:System.DirectoryServices.DirectorySearcher" /> クラスの新しいインスタンスを初期化します。</summary>
      <param name="searchRoot">検索を開始する Active Directory ドメイン サービス階層のノード。 <see cref="P:System.DirectoryServices.DirectorySearcher.SearchRoot" /> プロパティは、この値に初期化されます。</param>
    </member>
    <member name="M:System.DirectoryServices.DirectorySearcher.#ctor(System.DirectoryServices.DirectoryEntry,System.String)">
      <summary>検索ルートと検索フィルターを指定して、<see cref="T:System.DirectoryServices.DirectorySearcher" /> クラスの新しいインスタンスを初期化します。</summary>
      <param name="searchRoot">検索を開始する Active Directory ドメイン サービス階層のノード。 <see cref="P:System.DirectoryServices.DirectorySearcher.SearchRoot" /> プロパティは、この値に初期化されます。</param>
      <param name="filter">LDAP 書式の検索フィルター文字列。 <see cref="P:System.DirectoryServices.DirectorySearcher.Filter" /> プロパティは、この値に初期化されます。</param>
    </member>
    <member name="M:System.DirectoryServices.DirectorySearcher.#ctor(System.DirectoryServices.DirectoryEntry,System.String,System.String[])">
      <summary>検索ルート、検索フィルター、および取得するプロパティを指定して、<see cref="T:System.DirectoryServices.DirectorySearcher" /> クラスの新しいインスタンスを初期化します。</summary>
      <param name="searchRoot">検索を開始する Active Directory ドメイン サービス階層のノード。 <see cref="P:System.DirectoryServices.DirectorySearcher.SearchRoot" /> プロパティは、この値に初期化されます。</param>
      <param name="filter">LDAP 書式の検索フィルター文字列。 <see cref="P:System.DirectoryServices.DirectorySearcher.Filter" /> プロパティは、この値に初期化されます。</param>
      <param name="propertiesToLoad">検索中に取得するプロパティのセット。 <see cref="P:System.DirectoryServices.DirectorySearcher.PropertiesToLoad" /> プロパティは、この値に初期化されます。</param>
    </member>
    <member name="M:System.DirectoryServices.DirectorySearcher.#ctor(System.String)">
      <summary>検索フィルターを指定して、<see cref="T:System.DirectoryServices.DirectorySearcher" /> クラスの新しいインスタンスを初期化します。</summary>
      <param name="filter">LDAP 書式の検索フィルター文字列。 <see cref="P:System.DirectoryServices.DirectorySearcher.Filter" /> プロパティは、この値に初期化されます。</param>
    </member>
    <member name="M:System.DirectoryServices.DirectorySearcher.#ctor(System.String,System.String[])">
      <summary>検索フィルターと取得するプロパティを指定して、<see cref="T:System.DirectoryServices.DirectorySearcher" /> クラスの新しいインスタンスを初期化します。</summary>
      <param name="filter">LDAP 書式の検索フィルター文字列。 <see cref="P:System.DirectoryServices.DirectorySearcher.Filter" /> プロパティは、この値に初期化されます。</param>
      <param name="propertiesToLoad">検索中に取得するプロパティのセット。 <see cref="P:System.DirectoryServices.DirectorySearcher.PropertiesToLoad" /> プロパティは、この値に初期化されます。</param>
    </member>
    <member name="M:System.DirectoryServices.DirectorySearcher.#ctor(System.String,System.String[],System.DirectoryServices.SearchScope)">
      <summary>検索フィルター、取得するプロパティ、および検索のスコープを指定して、<see cref="T:System.DirectoryServices.DirectorySearcher" /> クラスの新しいインスタンスを初期化します。</summary>
      <param name="filter">LDAP 書式の検索フィルター文字列。 <see cref="P:System.DirectoryServices.DirectorySearcher.Filter" /> プロパティは、この値に初期化されます。</param>
      <param name="propertiesToLoad">検索中に取得するプロパティのセット。 <see cref="P:System.DirectoryServices.DirectorySearcher.PropertiesToLoad" /> プロパティは、この値に初期化されます。</param>
      <param name="scope">サーバーが監視する検索のスコープ。 <see cref="T:System.DirectoryServices.SearchScope" /> プロパティは、この値に初期化されます。</param>
    </member>
    <member name="M:System.DirectoryServices.DirectorySearcher.#ctor(System.DirectoryServices.DirectoryEntry,System.String,System.String[],System.DirectoryServices.SearchScope)">
      <summary>検索ルート、検索フィルター、取得するプロパティ、および検索のスコープを指定して、<see cref="T:System.DirectoryServices.DirectorySearcher" /> クラスの新しいインスタンスを初期化します。</summary>
      <param name="searchRoot">検索を開始する Active Directory ドメイン サービス階層のノード。 <see cref="P:System.DirectoryServices.DirectorySearcher.SearchRoot" /> プロパティは、この値に初期化されます。</param>
      <param name="filter">LDAP 書式の検索フィルター文字列。 <see cref="P:System.DirectoryServices.DirectorySearcher.Filter" /> プロパティは、この値に初期化されます。</param>
      <param name="propertiesToLoad">検索中に取得するプロパティのセット。 <see cref="P:System.DirectoryServices.DirectorySearcher.PropertiesToLoad" /> プロパティは、この値に初期化されます。</param>
      <param name="scope">サーバーが監視する検索のスコープ。 <see cref="T:System.DirectoryServices.SearchScope" /> プロパティは、この値に初期化されます。</param>
    </member>
    <member name="P:System.DirectoryServices.DirectorySearcher.CacheResults">
      <summary>クライアント コンピューターに結果をキャッシュするかどうかを示す値を取得または設定します。</summary>
      <returns>クライアント コンピューターに結果をキャッシュする場合は <see langword="true" />。それ以外の場合は <see langword="false" />。 既定値は、<see langword="true" /> です。</returns>
    </member>
    <member name="P:System.DirectoryServices.DirectorySearcher.ClientTimeout">
      <summary>サーバーが結果を返すまでクライアントが待機する最大時間を取得または設定します。 サーバーがこの時間内に応答しない場合、検索は中止され、結果は返されません。</summary>
      <returns>サーバーが結果を返すまでクライアントが待機する最大時間が格納される <see cref="T:System.TimeSpan" /> 構造体。  
  
既定値は -1 秒です。この値は、タイムアウトが無制限であることを示します。</returns>
    </member>
    <member name="P:System.DirectoryServices.DirectorySearcher.PropertyNamesOnly">
      <summary>検索で値が割り当てられている属性の名前だけを取得するかどうかを示す値を取得または設定します。</summary>
      <returns>検索で値が割り当てられている属性の名前だけを取得する場合は <see langword="true" />。検索で要求されたすべての属性の名前と値を取得する場合は <see langword="false" />。 既定値は <see langword="false" /> です。</returns>
    </member>
    <member name="P:System.DirectoryServices.DirectorySearcher.Filter">
      <summary>LDAP 書式のフィルター文字列を示す値を取得または設定します。</summary>
      <returns>"(objectClass=user)" などの LDAP 書式の検索フィルター文字列。 既定は "(objectClass=*)" で、すべてのオブジェクトを取得します。</returns>
    </member>
    <member name="P:System.DirectoryServices.DirectorySearcher.PageSize">
      <summary>ページ検索のページのサイズを示す値を取得または設定します。</summary>
      <exception cref="T:System.ArgumentException">新しい値が 0 未満です。</exception>
      <returns>サーバーがページ検索で返すことができるオブジェクトの最大数。 既定値は 0 で、ページ検索を実行しません。</returns>
    </member>
    <member name="P:System.DirectoryServices.DirectorySearcher.PropertiesToLoad">
      <summary>検索中に取得するプロパティの一覧を示す値を取得または設定します。</summary>
      <returns>検索中に取得するプロパティのセットが格納される <see cref="T:System.Collections.Specialized.StringCollection" /> オブジェクト。  
  
既定値は空の <see cref="T:System.Collections.Specialized.StringCollection" /> です。これは、すべてのプロパティを取得することを示します。</returns>
    </member>
    <member name="P:System.DirectoryServices.DirectorySearcher.ReferralChasing">
      <summary>参照追跡を行う方法を示す値を取得または設定します。</summary>
      <exception cref="T:System.ComponentModel.InvalidEnumArgumentException">値が、<see cref="T:System.DirectoryServices.ReferralChasingOption" /> 値ではありません。</exception>
      <returns>
        <see cref="T:System.DirectoryServices.ReferralChasingOption" /> 値のいずれか 1 つ。 既定値は、<see cref="F:System.DirectoryServices.ReferralChasingOption.External" /> です。</returns>
    </member>
    <member name="P:System.DirectoryServices.DirectorySearcher.SearchScope">
      <summary>サーバーが監視する検索のスコープを示す値を取得または設定します。</summary>
      <exception cref="T:System.ComponentModel.InvalidEnumArgumentException">値が、<see cref="T:System.DirectoryServices.SearchScope" /> 値ではありません。</exception>
      <returns>
        <see cref="T:System.DirectoryServices.SearchScope" /> 値のいずれか 1 つ。 既定値は、<see cref="F:System.DirectoryServices.SearchScope.Subtree" /> です。</returns>
    </member>
    <member name="P:System.DirectoryServices.DirectorySearcher.ServerPageTimeLimit">
      <summary>サーバーが結果の各ページを検索するための最大時間を示す値を取得または設定します。 これは、全体を検索するときの制限時間とは異なります。</summary>
      <returns>サーバーが結果のページを検索するための時間を表す <see cref="T:System.TimeSpan" />。  
  
既定値は -1 秒です。この値は、検索が無制限であることを示します。</returns>
    </member>
    <member name="P:System.DirectoryServices.DirectorySearcher.ServerTimeLimit">
      <summary>
        <see cref="P:System.DirectoryServices.DirectorySearcher.ServerTimeLimit" /> プロパティは、サーバーが検索に使用する最大時間を示す値を取得または設定します。 時間制限に達した場合は、その時点までに検索されたエントリだけが返されます。</summary>
      <returns>サーバーが検索するための制限時間を表す <see cref="T:System.TimeSpan" />。  
  
既定値は -1 秒です。これはサーバーが決定する 120 秒の既定値を使用することを示します。</returns>
    </member>
    <member name="P:System.DirectoryServices.DirectorySearcher.SizeLimit">
      <summary>サーバーが検索で返すオブジェクトの最大数を示す値を取得または設定します。</summary>
      <exception cref="T:System.ArgumentException">新しい値が 0 未満です。</exception>
      <returns>サーバーが検索で返すオブジェクトの最大数。 既定値はゼロです。これはサーバーが決定する 1000 エントリの既定サイズ制限を使用することを示します。</returns>
    </member>
    <member name="P:System.DirectoryServices.DirectorySearcher.SearchRoot">
      <summary>検索を開始する Active Directory ドメイン サービス階層のノードを示す値を取得または設定します。</summary>
      <returns>検索を開始する Active Directory ドメイン サービス階層の <see cref="T:System.DirectoryServices.DirectoryEntry" /> オブジェクト。 既定値は null 参照 (Visual Basic では <see langword="Nothing" />) です。</returns>
    </member>
    <member name="P:System.DirectoryServices.DirectorySearcher.Sort">
      <summary>結果を並べ替えるプロパティを示す値を取得または設定します。</summary>
      <exception cref="T:System.ArgumentNullException">プロパティ値が <see langword="null" /> (Visual Basic の場合は Nothing) です。</exception>
      <returns>検索結果を並べ替える必要があるプロパティと、並べ替えの方向を示す <see cref="T:System.DirectoryServices.SortOption" /> オブジェクト。</returns>
    </member>
    <member name="P:System.DirectoryServices.DirectorySearcher.Asynchronous">
      <summary>検索が非同期に実行されるかどうかを示す値を取得または設定します。</summary>
      <returns>検索が非同期の場合は <see langword="true" />。それ以外の場合は <see langword="false" />。</returns>
    </member>
    <member name="P:System.DirectoryServices.DirectorySearcher.Tombstone">
      <summary>検索フィルターに一致する削除されたオブジェクトも、検索で返す必要があるかどうかを示す値を取得または設定します。</summary>
      <returns>削除されたオブジェクトを検索対象に含める場合は <see langword="true" />。それ以外の場合は <see langword="false" />。 既定値は <see langword="false" /> です。</returns>
    </member>
    <member name="P:System.DirectoryServices.DirectorySearcher.AttributeScopeQuery">
      <summary>検索対象とする識別名の属性の LDAP 表示名を取得または設定します。 この種類の検索では 1 つの属性だけを使用できます。</summary>
      <exception cref="T:System.ArgumentException">
        <see cref="P:System.DirectoryServices.DirectorySearcher.SearchScope" /> プロパティは、<see cref="F:System.DirectoryServices.SearchScope.Base" /> 以外の値に設定されています。</exception>
      <returns>検索の実行対象となる属性の LDAP 表示名。または属性のスコープのクエリが設定されていない場合は空の文字列。</returns>
    </member>
    <member name="P:System.DirectoryServices.DirectorySearcher.DerefAlias">
      <summary>検索中に見つかったオブジェクトのエイリアスを解決する方法を示す値を取得または設定します。</summary>
      <returns>エイリアスが逆参照される動作を指定する <see cref="T:System.DirectoryServices.DereferenceAlias" /> 値。 このプロパティの既定の設定は <see cref="F:System.DirectoryServices.DereferenceAlias.Never" /> です。</returns>
    </member>
    <member name="P:System.DirectoryServices.DirectorySearcher.SecurityMasks">
      <summary>検索によって返される必要がある、指定した属性に対するセキュリティ アクセス情報を示す値を取得または設定します。</summary>
      <returns>
        <see cref="T:System.DirectoryServices.SecurityMasks" /> 値のいずれか 1 つ。</returns>
    </member>
    <member name="P:System.DirectoryServices.DirectorySearcher.ExtendedDN">
      <summary>識別名の形式を示す値を取得または設定します。</summary>
      <returns>
        <see cref="T:System.DirectoryServices.ExtendedDN" /> 値のいずれか 1 つ。</returns>
    </member>
    <member name="P:System.DirectoryServices.DirectorySearcher.DirectorySynchronization">
      <summary>検索時に使用するディレクトリ同期の制御を表すオブジェクトを取得または設定します。</summary>
      <returns>検索する <see cref="T:System.DirectoryServices.DirectorySynchronization" /> オブジェクト。 ディレクトリ同期の制御を使用する必要がない場合は <see langword="null" />。</returns>
    </member>
    <member name="P:System.DirectoryServices.DirectorySearcher.VirtualListView">
      <summary>仮想一覧表示の検索時のオプションを示す値を取得または設定します。</summary>
      <returns>仮想一覧表示の検索情報が格納される <see cref="T:System.DirectoryServices.DirectoryVirtualListView" /> オブジェクト。 このプロパティの既定値は <see langword="null" /> です。この値は、仮想一覧表示の検索オプションを使用しないことを示します。</returns>
    </member>
    <member name="M:System.DirectoryServices.DirectorySearcher.FindOne">
      <summary>検索を実行し、最初に見つかったエントリだけを返します。</summary>
      <returns>検索中に見つかった最初のエントリが格納される <see cref="T:System.DirectoryServices.SearchResult" /> オブジェクト。</returns>
    </member>
    <member name="M:System.DirectoryServices.DirectorySearcher.FindAll">
      <summary>検索を実行し、見つかったエントリのコレクションを返します。</summary>
      <exception cref="T:System.InvalidOperationException">指定した <see cref="T:System.DirectoryServices.DirectoryEntry" /> がコンテナーではありません。</exception>
      <exception cref="T:System.NotSupportedException">使用しているプロバイダーが、検索をサポートしていません。</exception>
      <returns>検索の結果が格納される <see cref="T:System.DirectoryServices.SearchResultCollection" /> オブジェクト。</returns>
    </member>
    <member name="T:System.DirectoryServices.ExtendedDN">
      <summary>拡張された識別名を返す形式を指定する <see cref="T:System.DirectoryServices.ExtendedDN" /> 列挙体。 この列挙体は <see cref="P:System.DirectoryServices.DirectorySearcher.ExtendedDN" /> プロパティで使用されます。</summary>
    </member>
    <member name="T:System.DirectoryServices.PropertyCollection">
      <summary>
        <see cref="T:System.DirectoryServices.PropertyCollection" /> クラスには、<see cref="T:System.DirectoryServices.DirectoryEntry" /> のプロパティが含まれています。</summary>
    </member>
    <member name="P:System.DirectoryServices.PropertyCollection.Item(System.String)">
      <summary>指定したプロパティを取得します。</summary>
      <param name="propertyName">取得するプロパティの名前。</param>
      <returns>指定したプロパティの値。</returns>
    </member>
    <member name="P:System.DirectoryServices.PropertyCollection.Count">
      <summary>このコレクション内のプロパティの数を取得します。</summary>
      <exception cref="T:System.Runtime.InteropServices.COMException">基になるインターフェイスへの呼び出し中にエラーが発生しました。</exception>
      <exception cref="T:System.NotSupportedException">ディレクトリがプロパティ数を報告できません。</exception>
      <returns>このコレクション内のプロパティの数。</returns>
    </member>
    <member name="M:System.DirectoryServices.PropertyCollection.CopyTo(System.DirectoryServices.PropertyValueCollection[],System.Int32)">
      <summary>このコレクション内のすべてのオブジェクトを配列にコピーします。コピー先の配列の指定したインデックスからコピーが開始されます。</summary>
      <param name="array">このコレクションの要素を受け取る <see cref="T:System.DirectoryServices.PropertyValueCollection" /> オブジェクトの配列。</param>
      <param name="index">
        <paramref name="array" /> の 0 から始まるインデックス。この位置からこのコレクションのコピーが開始されます。</param>
      <exception cref="T:System.Runtime.InteropServices.COMException">基になるインターフェイスへの呼び出し中にエラーが発生しました。</exception>
    </member>
    <member name="M:System.DirectoryServices.PropertyCollection.GetEnumerator">
      <summary>このコレクションを反復処理するために使用できる列挙子を返します。</summary>
      <exception cref="T:System.Runtime.InteropServices.COMException">基になるインターフェイスへの呼び出し中にエラーが発生しました。</exception>
      <returns>このコレクションを反復処理するために使用できる <see cref="T:System.Collections.IDictionaryEnumerator" />。</returns>
    </member>
    <member name="T:System.DirectoryServices.PropertyValueCollection">
      <summary>
        <see cref="T:System.DirectoryServices.DirectoryEntry" /> プロパティの値を含みます。</summary>
    </member>
    <member name="M:System.DirectoryServices.PropertyValueCollection.Add(System.Object)">
      <summary>指定された <see cref="T:System.DirectoryServices.PropertyValueCollection" /> オブジェクトをこのコレクションに追加します。</summary>
      <param name="value">このコレクションに追加する <see cref="T:System.DirectoryServices.PropertyValueCollection" /> オブジェクト。</param>
      <exception cref="T:System.Runtime.InteropServices.COMException">基になるインターフェイスへの呼び出し中にエラーが発生しました。</exception>
      <exception cref="T:System.ArgumentNullException">プロパティ値は null 参照 (Visual Basic では<see langword="Nothing" /> ) です。</exception>
      <returns>このコレクションに追加される <see cref="T:System.DirectoryServices.PropertyValueCollection" /> オブジェクトの 0 から始まるインデックス番号。</returns>
    </member>
    <member name="M:System.DirectoryServices.PropertyValueCollection.AddRange(System.Object[])">
      <summary>指定された <see cref="T:System.DirectoryServices.PropertyValueCollection" /> オブジェクトの内容をこのコレクションに追加します。</summary>
      <param name="value">このコレクションに追加するオブジェクトが格納された <see cref="T:System.DirectoryServices.PropertyValueCollection" /> 配列。</param>
      <exception cref="T:System.ArgumentNullException">プロパティ値は null 参照 (Visual Basic では<see langword="Nothing" /> ) です。</exception>
    </member>
    <member name="M:System.DirectoryServices.PropertyValueCollection.AddRange(System.DirectoryServices.PropertyValueCollection)">
      <summary>
        <see cref="T:System.DirectoryServices.PropertyValueCollection" /> オブジェクトの内容をこのコレクションに追加します。</summary>
      <param name="value">このコレクションに追加するオブジェクトが格納された <see cref="T:System.DirectoryServices.PropertyValueCollection" /> オブジェクト。</param>
      <exception cref="T:System.ArgumentNullException">プロパティ値は null 参照 (Visual Basic では<see langword="Nothing" /> ) です。</exception>
    </member>
    <member name="M:System.DirectoryServices.PropertyValueCollection.CopyTo(System.Object[],System.Int32)">
      <summary>このコレクション内のすべての <see cref="T:System.DirectoryServices.PropertyValueCollection" /> オブジェクトを指定された配列にコピーします。コピー先の配列の指定したインデックスからコピーが開始されます。</summary>
      <param name="array">このコレクションの要素を受け取る <see cref="T:System.DirectoryServices.PropertyValueCollection" /> オブジェクトの配列。</param>
      <param name="index">
        <paramref name="array" /> の 0 から始まるインデックス。この位置からこのコレクションのコピーが開始されます。</param>
    </member>
    <member name="M:System.DirectoryServices.PropertyValueCollection.Remove(System.Object)">
      <summary>このコレクションから指定したプロパティ値を削除します。</summary>
      <param name="value">削除するプロパティ値。</param>
      <exception cref="T:System.ArgumentNullException">プロパティ値は null 参照 (Visual Basic では<see langword="Nothing" /> ) です。</exception>
      <exception cref="T:System.Runtime.InteropServices.COMException">基になるインターフェイスへの呼び出し中にエラーが発生しました。</exception>
    </member>
    <member name="T:System.DirectoryServices.ReferralChasingOption">
      <summary>
        <see cref="T:System.DirectoryServices.ReferralChasingOption" /> 列挙体では、参照追跡を実行するかどうか、および追跡する場合はその方法を指定します。</summary>
    </member>
    <member name="F:System.DirectoryServices.ReferralChasingOption.None">
      <summary>参照先サーバーを追跡しません。 このオプションを設定すると、クライアントは参照を処理するために他のサーバーには接続しません。</summary>
    </member>
    <member name="F:System.DirectoryServices.ReferralChasingOption.Subordinate">
      <summary>ディレクトリ ツリー内の下位の名前付きコンテキストである下位参照だけを追跡します。 ADSI LDAP プロバイダーは、ページング検索に対しては常にこのフラグをオフにします。</summary>
    </member>
    <member name="F:System.DirectoryServices.ReferralChasingOption.External">
      <summary>外部参照を追跡します。  参照追跡のオプションがディレクトリ検索に指定されない場合、実行される参照追跡の種類は <see cref="F:System.DirectoryServices.ReferralChasingOption.External" /> です。</summary>
    </member>
    <member name="F:System.DirectoryServices.ReferralChasingOption.All">
      <summary>下位または外部のいずれかの種類の参照を追跡します。</summary>
    </member>
    <member name="T:System.DirectoryServices.ResultPropertyCollection">
      <summary>
        <see cref="T:System.DirectoryServices.SearchResult" /> インスタンスのプロパティを含みます。</summary>
    </member>
    <member name="P:System.DirectoryServices.ResultPropertyCollection.Item(System.String)">
      <summary>指定した名前のプロパティをこのコレクションから取得します。</summary>
      <param name="name">取得するプロパティの名前。</param>
      <returns>指定した名前の <see cref="T:System.DirectoryServices.ResultPropertyValueCollection" />。</returns>
    </member>
    <member name="T:System.DirectoryServices.ResultPropertyValueCollection">
      <summary>
        <see cref="T:System.DirectoryServices.SearchResult" /> プロパティの値を含みます。</summary>
    </member>
    <member name="T:System.DirectoryServices.SchemaNameCollection">
      <summary>
        <see cref="T:System.DirectoryServices.DirectoryEntries" /> オブジェクトの <see cref="P:System.DirectoryServices.DirectoryEntries.SchemaFilter" /> プロパティで使用できるスキーマ名の一覧が含まれます。</summary>
    </member>
    <member name="P:System.DirectoryServices.SchemaNameCollection.Item(System.Int32)">
      <summary>指定したインデックスにあるオブジェクトを取得または設定します。</summary>
      <param name="index">コレクションの 0 から始まるインデックス。</param>
      <returns>指定されたインデックスにあるオブジェクト。</returns>
    </member>
    <member name="P:System.DirectoryServices.SchemaNameCollection.Count">
      <summary>
        <see cref="P:System.DirectoryServices.SchemaNameCollection.Count" /> プロパティは、このコレクション内のオブジェクトの数を取得します。</summary>
      <returns>このコレクション内のオブジェクトの数。</returns>
    </member>
    <member name="M:System.DirectoryServices.SchemaNameCollection.Add(System.String)">
      <summary>指定したスキーマ名をこのコレクションに追加します。</summary>
      <param name="value">このコレクションに追加するスキーマ名。</param>
      <returns>指定したプロパティ値の 0 から始まるインデックス番号。 オブジェクトが見つからない場合は、-1 が返されます。</returns>
    </member>
    <member name="M:System.DirectoryServices.SchemaNameCollection.AddRange(System.String[])">
      <summary>指定した一連のスキーマ名をこのコレクションに追加します。</summary>
      <param name="value">追加するスキーマ名を格納する <see cref="T:System.String" /> 型の配列。</param>
    </member>
    <member name="M:System.DirectoryServices.SchemaNameCollection.Clear">
      <summary>すべてのオブジェクトをこのコレクションから削除します。</summary>
    </member>
    <member name="M:System.DirectoryServices.SchemaNameCollection.Contains(System.String)">
      <summary>指定したスキーマ名がこのコレクションにあるかどうかを確認します。</summary>
      <param name="value">検索するスキーマ名。</param>
      <returns>指定したプロパティがこのコレクションにある場合、戻り値は <see langword="true" />。それ以外の場合は <see langword="false" />。</returns>
    </member>
    <member name="M:System.DirectoryServices.SchemaNameCollection.IndexOf(System.String)">
      <summary>このコレクション内での指定したスキーマ名の位置を示すインデックスを判断します。</summary>
      <param name="value">検索するスキーマ名。</param>
      <returns>指定したスキーマ名の 0 から始まるインデックス番号。コレクション内でスキーマ名が見つからなかった場合は -1。</returns>
    </member>
    <member name="M:System.DirectoryServices.SchemaNameCollection.Insert(System.Int32,System.String)">
      <summary>スキーマ名をこのコレクションの指定したインデックス位置に挿入します。</summary>
      <param name="index">スキーマ名を挿入するコレクション内の 0 から始まるインデックス番号。</param>
      <param name="value">このコレクションに挿入するスキーマ名。</param>
    </member>
    <member name="M:System.DirectoryServices.SchemaNameCollection.Remove(System.String)">
      <summary>指定したスキーマ名をこのコレクションから削除します。</summary>
      <param name="value">削除するスキーマ名。</param>
    </member>
    <member name="M:System.DirectoryServices.SchemaNameCollection.RemoveAt(System.Int32)">
      <summary>指定したインデックス位置にあるスキーマ名をこのコレクションから削除します。</summary>
      <param name="index">削除するスキーマ名の 0 から始まるインデックス番号。</param>
      <exception cref="T:System.IndexOutOfRangeException">0 から始まるインデックス番号が、0 未満またはコレクションのサイズと同じです。</exception>
    </member>
    <member name="T:System.DirectoryServices.SearchResult">
      <summary>
        <see cref="T:System.DirectoryServices.SearchResult" /> クラスは、<see cref="T:System.DirectoryServices.DirectorySearcher" /> を使用した検索中に返される Active Directory ドメイン サービス階層のノードをカプセル化します。</summary>
    </member>
    <member name="M:System.DirectoryServices.SearchResult.GetDirectoryEntry">
      <summary>Active Directory ドメイン サービス階層から <see cref="T:System.DirectoryServices.DirectoryEntry" /> に対応する <see cref="T:System.DirectoryServices.SearchResult" /> を取得します。</summary>
      <returns>
        <see cref="T:System.DirectoryServices.DirectoryEntry" /> に対応する <see cref="T:System.DirectoryServices.SearchResult" />。</returns>
    </member>
    <member name="P:System.DirectoryServices.SearchResult.Path">
      <summary>
        <see cref="T:System.DirectoryServices.SearchResult" /> のパスを取得します。</summary>
      <returns>
        <see cref="T:System.DirectoryServices.SearchResult" /> のパス。</returns>
    </member>
    <member name="P:System.DirectoryServices.SearchResult.Properties">
      <summary>このオブジェクトのプロパティの <see cref="T:System.DirectoryServices.ResultPropertyCollection" /> コレクションを取得します。</summary>
      <returns>オブジェクトに設定されたプロパティの <see cref="T:System.DirectoryServices.ResultPropertyCollection" />。</returns>
    </member>
    <member name="T:System.DirectoryServices.SearchResultCollection">
      <summary>
        <see cref="T:System.DirectoryServices.SearchResultCollection" /> クラスは、<see cref="T:System.DirectoryServices.SearchResult" /> クエリの実行中に Active Directory 階層から返された <see cref="T:System.DirectoryServices.DirectorySearcher" /> インスタンスを格納します。</summary>
    </member>
    <member name="P:System.DirectoryServices.SearchResultCollection.Handle">
      <summary>実際の検索を実行する <c>IDirectorySearch::ExecuteSearch</c> メソッドによって返されるハンドルを取得します。 詳細については、IDirectorySearch::ExecuteSearch に関する記事を参照してください。</summary>
      <returns>このコレクションが使用する ADS_SEARCH_HANDLE 値。</returns>
    </member>
    <member name="P:System.DirectoryServices.SearchResultCollection.PropertiesLoaded">
      <summary>検索を実行する前に指定された <see cref="T:System.DirectoryServices.DirectorySearcher" /> プロパティを取得します。</summary>
      <returns>検索を実行する前に <see cref="P:System.DirectoryServices.DirectorySearcher.PropertiesToLoad" /> プロパティのコレクションで指定されたプロパティを含む <see cref="T:System.String" /> 型の配列。</returns>
    </member>
    <member name="T:System.DirectoryServices.SearchResultCollection.ResultsEnumerator">
      <devdoc>
            Supports a simple ForEach-style iteration over a collection.
            </devdoc>
    </member>
    <member name="P:System.DirectoryServices.SearchResultCollection.ResultsEnumerator.Current">
      <devdoc>
            Gets the current element in the collection.
            </devdoc>
    </member>
    <member name="M:System.DirectoryServices.SearchResultCollection.ResultsEnumerator.MoveNext">
      <devdoc>
            Advances the enumerator to the next element of the collection
            and returns a Boolean value indicating whether a valid element is available.
            </devdoc>
    </member>
    <member name="M:System.DirectoryServices.SearchResultCollection.ResultsEnumerator.Reset">
      <devdoc>
            Resets the enumerator back to its initial position before the first element in the collection.
            </devdoc>
    </member>
    <member name="T:System.DirectoryServices.SearchScope">
      <summary>
        <see cref="T:System.DirectoryServices.DirectorySearcher" /> オブジェクトを使用して実行されるディレクトリ検索に、検索可能なスコープを指定します。</summary>
    </member>
    <member name="F:System.DirectoryServices.SearchScope.Base">
      <summary>ベース オブジェクトの検索を制限します。 結果には、最大 1 つのオブジェクトが含まれます。  <see cref="P:System.DirectoryServices.DirectorySearcher.AttributeScopeQuery" /> プロパティが検索に指定される場合、検索のスコープは <see cref="F:System.DirectoryServices.SearchScope.Base" /> に設定される必要があります。</summary>
    </member>
    <member name="F:System.DirectoryServices.SearchScope.OneLevel">
      <summary>ベース オブジェクトの直下の子オブジェクトを検索します。ベース オブジェクトは検索しません。</summary>
    </member>
    <member name="F:System.DirectoryServices.SearchScope.Subtree">
      <summary>サブツリー全体を検索します。ベース オブジェクトとすべての子オブジェクトが検索対象に含まれます。 ディレクトリ検索のスコープが指定されない場合は、<see cref="F:System.DirectoryServices.SearchScope.Subtree" /> 型の検索が実行されます。</summary>
    </member>
    <member name="T:System.DirectoryServices.SecurityMasks">
      <summary>ディレクトリ オブジェクトのセキュリティ情報を調べるために使用できるオプションを指定します。 この列挙体は、<see cref="P:System.DirectoryServices.DirectorySearcher.SecurityMasks" /> プロパティおよび <see cref="P:System.DirectoryServices.DirectoryEntryConfiguration.SecurityMasks" /> プロパティで使用されます。</summary>
    </member>
    <member name="M:System.DirectoryServices.ActiveDirectory.ActiveDirectorySchemaProperty.InitializeSearchFlags">
      <summary>
             Initializes the search flags attribute value i.e. fetches it from
             the directory, if this object is bound.
             </summary>
    </member>
    <member name="M:System.DirectoryServices.ActiveDirectory.ConfigurationSet.GetRoleOwner(System.DirectoryServices.ActiveDirectory.AdamRole)">
      <returns>Returns a DomainController object for the DC that holds the specified FSMO role</returns>
    </member>
    <member name="T:System.DirectoryServices.ActiveDirectory.DistinguishedName">
      <summary>
            Internal class that is used as a key in the hashtable
            of directory entries
            </summary>
    </member>
    <member name="T:System.DirectoryServices.ActiveDirectory.DirectoryEntryManager">
      <summary>
            This class manages a list of directory entries
            for an object that needs to bind to several
            objects in AD. This maintains a cache of directory entries
            and creates a new directory entry (for a given dn) only if
            it doesn't already exist
            </summary>
    </member>
    <member name="F:System.DirectoryServices.ActiveDirectory.Domain._crossRefDN">
            Private Variables
        </member>
    <member name="M:System.DirectoryServices.ActiveDirectory.Domain.GetRoleOwner(System.DirectoryServices.ActiveDirectory.ActiveDirectoryRole)">
      <returns>Returns a DomainController object for the DC that holds the specified FSMO role</returns>
    </member>
    <member name="T:System.DirectoryServices.Interop.AdsValueHelper">
      <summary>
            Helper class for dealing with struct AdsValue.
            </summary>
    </member>
    <member name="M:System.DirectoryServices.Interop.SafeNativeMethods.EnumVariant.GetNext">
      <devdoc>
            Moves the enumerator to the next value In the list.
            </devdoc>
    </member>
    <member name="M:System.DirectoryServices.Interop.SafeNativeMethods.EnumVariant.GetValue">
      <devdoc>
            Returns the current value of the enumerator. If GetNext() has never been called,
            or if it has been called but it returned false, will throw an exception.
            </devdoc>
    </member>
    <member name="M:System.DirectoryServices.Interop.SafeNativeMethods.EnumVariant.Reset">
      <devdoc>
            Returns the enumerator to the start of the sequence.
            </devdoc>
    </member>
    <member name="M:System.DirectoryServices.Interop.SafeNativeMethods.EnumVariant.Advance">
      <devdoc>
            Moves the pointer to the next value In the contained IEnumVariant, and
            stores the current value In currentValue.
            </devdoc>
    </member>
    <member name="T:System.DirectoryServices.Interop.UnsafeNativeMethods.PropertyValue">
      <summary>
            PropertyValue as a co-class that implements the IAdsPropertyValue interface.
            </summary>
    </member>
    <member name="T:System.DirectoryServices.Interop.UnsafeNativeMethods.PropertyEntry">
      <summary>
             PropertyEntry as a co-class that implements the IAdsPropertyEntry interface.
            </summary>
    </member>
    <member name="T:System.DirectoryServices.Interop.UnsafeNativeMethods.IAdsObjectOptions2">
      <summary>
            For boolean type, the default marshaller does not work, so need to have specific marshaller. For other types, use the
            default marshaller which is more efficient. There is no such interface on the type library this is the same as IAdsObjectOptions
            with a different signature.
            </summary>
    </member>
    <member name="P:System.SR.DSDoesNotImplementIADs">
      <summary>The value provided for adsObject does not implement IADs.</summary>
    </member>
    <member name="P:System.SR.DSNoObject">
      <summary>There is no such object on the server.</summary>
    </member>
    <member name="P:System.SR.DSInvalidPath">
      <summary>The path is invalid.</summary>
    </member>
    <member name="P:System.SR.DSNotAContainer">
      <summary>The Active Directory object located at the path {0} is not a container.</summary>
    </member>
    <member name="P:System.SR.DSCannotDelete">
      <summary>The object cannot be deleted.</summary>
    </member>
    <member name="P:System.SR.DSNoCurrentChild">
      <summary>There is no current child object.</summary>
    </member>
    <member name="P:System.SR.DSCannotCount">
      <summary>The directory cannot report the number of properties.</summary>
    </member>
    <member name="P:System.SR.DSCannotEmunerate">
      <summary>The entry properties cannot be enumerated. Consider using the entry schema to determine what properties are available.</summary>
    </member>
    <member name="P:System.SR.DSNoCurrentProperty">
      <summary>No current property exists.</summary>
    </member>
    <member name="P:System.SR.DSNoCurrentValue">
      <summary>No current value is available.</summary>
    </member>
    <member name="P:System.SR.DSBadPageSize">
      <summary>The PageSize must be greater than 0 or set to 0 for no paging.</summary>
    </member>
    <member name="P:System.SR.DSBadSizeLimit">
      <summary>SizeLimit must be greater than or equal to 0.</summary>
    </member>
    <member name="P:System.SR.DSSearchUnsupported">
      <summary>The provider does not support searching and cannot search {0}.</summary>
    </member>
    <member name="P:System.SR.DSNoCurrentEntry">
      <summary>No current entry exists.</summary>
    </member>
    <member name="P:System.SR.DSInvalidSearchFilter">
      <summary>The {0} search filter is invalid.</summary>
    </member>
    <member name="P:System.SR.DSConvertFailed">
      <summary>The ADSVALUE with the union value {0} cannot be converted to the ADSTYPEENUM type {1}.</summary>
    </member>
    <member name="P:System.SR.DSConvertTypeInvalid">
      <summary>ADSVALUE type is invalid.</summary>
    </member>
    <member name="P:System.SR.DSAdsvalueTypeNYI">
      <summary>Handling of this ADSVALUE type is not yet implemented (type = {0}).</summary>
    </member>
    <member name="P:System.SR.DSAdsiNotInstalled">
      <summary>Active Directory Client is not installed on this computer.</summary>
    </member>
    <member name="P:System.SR.DSNotSet">
      <summary>[Not Set]</summary>
    </member>
    <member name="P:System.SR.DSEnumerator">
      <summary>Enumerator is positioned before the first item or after the last item.</summary>
    </member>
    <member name="P:System.SR.DSPropertySetSupported">
      <summary>New PropertyValueCollection cannot be set into a DirectoryEntry PropertyCollection.</summary>
    </member>
    <member name="P:System.SR.DSAddNotSupported">
      <summary>New properties cannot be added to a DirectoryEntry PropertyCollection.</summary>
    </member>
    <member name="P:System.SR.DSClearNotSupported">
      <summary>DirectoryEntry PropertyCollection cannot be cleared.</summary>
    </member>
    <member name="P:System.SR.DSRemoveNotSupported">
      <summary>Properties cannot be removed from a DirectoryEntry PropertyCollection.</summary>
    </member>
    <member name="P:System.SR.DSSearchPreferencesNotAccepted">
      <summary>The value for the property {0} cannot be set.</summary>
    </member>
    <member name="P:System.SR.DSBadBeforeCount">
      <summary>BeforeCount must be greater than or equal to 0.</summary>
    </member>
    <member name="P:System.SR.DSBadAfterCount">
      <summary>AfterCount must be greater than or equal to 0.</summary>
    </member>
    <member name="P:System.SR.DSBadOffset">
      <summary>Offset must be greater than or equal to 0.</summary>
    </member>
    <member name="P:System.SR.DSBadTargetPercentage">
      <summary>Target percentage should be in the range of 0 to 100 inclusively.</summary>
    </member>
    <member name="P:System.SR.DSBadApproximateTotal">
      <summary>ApproximateTotal must be greater or equal to 0.</summary>
    </member>
    <member name="P:System.SR.DSBadPageSizeDirsync">
      <summary>DirectorySynchronization cannot be combined with PageSize.</summary>
    </member>
    <member name="P:System.SR.DSBadCacheResultsVLV">
      <summary>VirtualListView cannot be combined with CacheResults.</summary>
    </member>
    <member name="P:System.SR.DSBadASQSearchScope">
      <summary>When AttributeScopeQuery is specified, only SearchScope.Base is supported.</summary>
    </member>
    <member name="P:System.SR.DSPropertyValueSupportOneOperation">
      <summary>Only one type of operation can be performed in a sequence.</summary>
    </member>
    <member name="P:System.SR.ConfigSectionsUnique">
      <summary>The '{0}' section can only appear once in a configuration file.</summary>
    </member>
    <member name="P:System.SR.DSUnknownFailure">
      <summary>An unknown error occurred.</summary>
    </member>
    <member name="P:System.SR.DSNotSupportOnClient">
      <summary>This property is only supported on computers running Windows XP and later operating systems.</summary>
    </member>
    <member name="P:System.SR.DSNotSupportOnDC">
      <summary>This property is not supported when targeting Windows Server 2000 domain controllers.</summary>
    </member>
    <member name="P:System.SR.DirectoryContextNeedHost">
      <summary>The target of the directory context should be an Active Directory domain controller or ADAM instance.</summary>
    </member>
    <member name="P:System.SR.DSSyncAllFailure">
      <summary>An error occurred when synchronizing the server.</summary>
    </member>
    <member name="P:System.SR.UnknownTransport">
      <summary>"{0}" is an unknown ActiveDirectoryTransportType.</summary>
    </member>
    <member name="P:System.SR.NotSupportTransportSMTP">
      <summary>ActiveDirectoryTransportType.Smtp not supported.</summary>
    </member>
    <member name="P:System.SR.CannotDelete">
      <summary>The newly created object has not been committed to the backend store, so it cannot be deleted.</summary>
    </member>
    <member name="P:System.SR.CannotGetObject">
      <summary>The newly created object has not been committed to the backend store, so GetDirectoryEntry cannot be called.</summary>
    </member>
    <member name="P:System.SR.DSNotFound">
      <summary>The Specified directory object cannot be found.</summary>
    </member>
    <member name="P:System.SR.TransportNotFound">
      <summary>The transport "{0}" cannot be found.</summary>
    </member>
    <member name="P:System.SR.SiteNotExist">
      <summary>The site "{0}" does not exist.</summary>
    </member>
    <member name="P:System.SR.SiteNotCommitted">
      <summary>The site "{0}" is newly created and has not been committed to the backend store.</summary>
    </member>
    <member name="P:System.SR.NoCurrentSite">
      <summary>The computer is not in a site.</summary>
    </member>
    <member name="P:System.SR.SubnetNotCommitted">
      <summary>The subnet "{0}" is newly created and has not been committed to the backend store.</summary>
    </member>
    <member name="P:System.SR.SiteLinkNotCommitted">
      <summary>The site link "{0}" is newly created and has not been committed to the backend store.</summary>
    </member>
    <member name="P:System.SR.ConnectionNotCommitted">
      <summary>The replication connection "{0}" is newly created and has not been committed to the backend store.</summary>
    </member>
    <member name="P:System.SR.AlreadyExistingForestTrust">
      <summary>A forest trust relationship exists between "{0}" and "{1}".</summary>
    </member>
    <member name="P:System.SR.AlreadyExistingDomainTrust">
      <summary>A domain trust relationship exists between "{0}" and "{1}".</summary>
    </member>
    <member name="P:System.SR.NotFoundInCollection">
      <summary>Cannot remove "{0}". It was not found in the specified collection.</summary>
    </member>
    <member name="P:System.SR.AlreadyExistingInCollection">
      <summary>Cannot add "{0}". It currently exists in the specified collection.</summary>
    </member>
    <member name="P:System.SR.NTDSSiteSetting">
      <summary>The site "{0}" does not contain a nTDSSiteSettings object.</summary>
    </member>
    <member name="P:System.SR.NotWithinSite">
      <summary>This directory server is not in the current site.</summary>
    </member>
    <member name="P:System.SR.InvalidTime">
      <summary>The end time must be later than the start time.</summary>
    </member>
    <member name="P:System.SR.UnableToRetrieveDomainInfo">
      <summary>Information about the domain could not be retrieved ({0}).</summary>
    </member>
    <member name="P:System.SR.UnableToOpenToken">
      <summary>The thread or process token could not be accessed ({0}).</summary>
    </member>
    <member name="P:System.SR.UnableToRetrieveTokenInfo">
      <summary>Information from the thread token could not be retrieved ({0}).</summary>
    </member>
    <member name="P:System.SR.UnableToRetrievePolicy">
      <summary>This computer's policy information could not be retrieved ({0}).</summary>
    </member>
    <member name="P:System.SR.UpdateAvailableRIDPoolOverflowFailure">
      <summary>Failure in updating rIDAvailablePool value. New value exceeds the maximum limit.</summary>
    </member>
    <member name="P:System.SR.EmptyStringParameter">
      <summary>The specified string parameter is empty.</summary>
    </member>
    <member name="P:System.SR.SupportedPlatforms">
      <summary>The System.DirectoryServices.ActiveDirectory namespace is only supported on computers running Windows 2000 and later operating systems.</summary>
    </member>
    <member name="P:System.SR.TargetShouldBeADAMServer">
      <summary>The name specified in the directory context must be an ADAM instance.</summary>
    </member>
    <member name="P:System.SR.TargetShouldBeDC">
      <summary>The name specified in the directory context must be an Active Directory domain controller.</summary>
    </member>
    <member name="P:System.SR.TargetShouldBeAppNCDnsName">
      <summary>The name specified in the directory context must be the DNS name of the application partition.</summary>
    </member>
    <member name="P:System.SR.TargetShouldBeServerORForest">
      <summary>The name specified in the directory context must be an Active Directory domain controller or a forest.</summary>
    </member>
    <member name="P:System.SR.TargetShouldBeServerORDomain">
      <summary>The name specified in the directory context must be an Active Directory domain controller or a domain.</summary>
    </member>
    <member name="P:System.SR.TargetShouldBeDomain">
      <summary>The name specified in the directory context must be an Active Directory domain.</summary>
    </member>
    <member name="P:System.SR.TargetShouldBeForest">
      <summary>The name specified in the directory context must be an Active Directory forest.</summary>
    </member>
    <member name="P:System.SR.TargetShouldBeConfigSet">
      <summary>The name specified in the directory context must be an ADAM configuration set.</summary>
    </member>
    <member name="P:System.SR.TargetShouldBeServerORConfigSet">
      <summary>The name specified in the directory context must be an ADAM instance or an ADAM configuration set.</summary>
    </member>
    <member name="P:System.SR.TargetShouldBeGC">
      <summary>The name specified in the directory context must be a global catalog.</summary>
    </member>
    <member name="P:System.SR.TargetShouldBeServer">
      <summary>The name specified in the directory context must be an Active Directory domain controller or an ADAM instance.</summary>
    </member>
    <member name="P:System.SR.NotADOrADAM">
      <summary>The specified name is not a forest, Active Directory domain controller, ADAM instance, or ADAM configuration set.</summary>
    </member>
    <member name="P:System.SR.ServerNotAReplica">
      <summary>The directory server does not host the specified application partition.</summary>
    </member>
    <member name="P:System.SR.AppNCNotFound">
      <summary>The specified application partition does not exist.</summary>
    </member>
    <member name="P:System.SR.ReplicaNotFound">
      <summary>A Directory server that hosts the specified application partition not found.</summary>
    </member>
    <member name="P:System.SR.GCNotFoundInForest">
      <summary>Global catalog not found in forest "{0}".</summary>
    </member>
    <member name="P:System.SR.DCNotFoundInDomain">
      <summary>Domain controller not found in the domain "{0}".</summary>
    </member>
    <member name="P:System.SR.ADAMInstanceNotFoundInConfigSet">
      <summary>ADAM instance not found in configuration set "{0}".</summary>
    </member>
    <member name="P:System.SR.DCNotFound">
      <summary>Domain controller "{0}" does not exist or cannot be contacted.</summary>
    </member>
    <member name="P:System.SR.GCNotFound">
      <summary>Global catalog "{0}" does not exist or cannot be contacted.</summary>
    </member>
    <member name="P:System.SR.AINotFound">
      <summary>ADAM instance "{0}" does not exist or cannot be contacted.</summary>
    </member>
    <member name="P:System.SR.ServerNotFound">
      <summary>Directory server "{0}" does not exist or cannot be contacted.</summary>
    </member>
    <member name="P:System.SR.DomainNotFound">
      <summary>The specified domain does not exist or cannot be contacted.</summary>
    </member>
    <member name="P:System.SR.ForestNotFound">
      <summary>The specified forest does not exist or cannot be contacted.</summary>
    </member>
    <member name="P:System.SR.ConfigSetNotFound">
      <summary>The specified ADAM configuration set does not exist or cannot be contacted.</summary>
    </member>
    <member name="P:System.SR.NDNCNotFound">
      <summary>The specified application partition does not exist or cannot be contacted.</summary>
    </member>
    <member name="P:System.SR.PropertyNotFoundOnObject">
      <summary>Property "{0}" on object "{1}" not found.</summary>
    </member>
    <member name="P:System.SR.PropertyNotFound">
      <summary>Property "{0}" not found.</summary>
    </member>
    <member name="P:System.SR.ADAMInstanceNotFound">
      <summary>An ADAM instance could not be found.</summary>
    </member>
    <member name="P:System.SR.CannotPerformOperationOnUncommittedObject">
      <summary>Operation valid only for objects that exist on the backend store.</summary>
    </member>
    <member name="P:System.SR.InvalidServerNameFormat">
      <summary>The server object name has an invalid format.</summary>
    </member>
    <member name="P:System.SR.NoObjectClassForADPartition">
      <summary>Object class must not be specified for Active Directory application partitions.</summary>
    </member>
    <member name="P:System.SR.InvalidDNFormat">
      <summary>The specified distinguished name has an invalid format.</summary>
    </member>
    <member name="P:System.SR.ApplicationPartitionTypeUnknown">
      <summary>Application partition is neither an Active Directory, nor ADAM application partition.</summary>
    </member>
    <member name="P:System.SR.UnknownSyntax">
      <summary>Schema property "{0}" has an unknown syntax.</summary>
    </member>
    <member name="P:System.SR.InvalidMode">
      <summary>The requested mode is invalid.</summary>
    </member>
    <member name="P:System.SR.NoW2K3DCs">
      <summary>No Windows Server 2003 domain controllers exist in the domain.</summary>
    </member>
    <member name="P:System.SR.DCInfoNotFound">
      <summary>Domain controller data not found for the specified Active Directory domain controller.</summary>
    </member>
    <member name="P:System.SR.NoW2K3DCsInForest">
      <summary>No Windows Server 2003 domain controllers exist in the forest.</summary>
    </member>
    <member name="P:System.SR.SchemaObjectNotCommitted">
      <summary>The schema object "{0}" is newly created and has not been committed to the backend store.</summary>
    </member>
    <member name="P:System.SR.InvalidFlags">
      <summary>One or more flags are invalid.</summary>
    </member>
    <member name="P:System.SR.CannotPerformOnGCObject">
      <summary>Cannot perform this operation on a global catalog object.</summary>
    </member>
    <member name="P:System.SR.ValueCannotBeModified">
      <summary>The specified value cannot be removed or overwritten. It is inherited from a super class.</summary>
    </member>
    <member name="P:System.SR.ServerShouldBeW2K3">
      <summary>The Active Directory domain controller must be running Windows Server 2003 operating system or later.</summary>
    </member>
    <member name="P:System.SR.LinkedPropertyNotFound">
      <summary>Schema property with link id "{0}" not found.</summary>
    </member>
    <member name="P:System.SR.GCDisabled">
      <summary>Cannot perform this operation on disabled global catalog object.</summary>
    </member>
    <member name="P:System.SR.PropertyInvalidForADAM">
      <summary>This property is not supported for an ADAM application partition.</summary>
    </member>
    <member name="P:System.SR.OperationInvalidForADAM">
      <summary>This operation is not supported for an ADAM application partition.</summary>
    </member>
    <member name="P:System.SR.ContextNotAssociatedWithDomain">
      <summary>Current security context is not associated with an Active Directory domain or forest.</summary>
    </member>
    <member name="P:System.SR.ComputerNotJoinedToDomain">
      <summary>The local computer is not joined to a domain or the domain cannot be contacted.</summary>
    </member>
    <member name="P:System.SR.VersionFailure">
      <summary>Failed to get the version of the operating system, error is "{0}".</summary>
    </member>
    <member name="P:System.SR.NoHostName">
      <summary>Unable to obtain DNS hostname of Active Directory domain controller with ntdsa object name "{0}".</summary>
    </member>
    <member name="P:System.SR.NoHostNameOrPortNumber">
      <summary>Unable to obtain DNS hostname or port number of ADAM instance with ntdsa object name "{0}".</summary>
    </member>
    <member name="P:System.SR.Name">
      <summary>Name: "{0}"</summary>
    </member>
    <member name="P:System.SR.OneLevelPartitionNotSupported">
      <summary>Creation of single level application partition is not supported.</summary>
    </member>
    <member name="P:System.SR.SiteNameNotFound">
      <summary>Unable to obtain the site name of domain controller "{0}".</summary>
    </member>
    <member name="P:System.SR.SiteObjectNameNotFound">
      <summary>Unable to obtain the distinguished name of the site object for domain controller "{0}".</summary>
    </member>
    <member name="P:System.SR.ComputerObjectNameNotFound">
      <summary>Unable to obtain the distinguished name of the computer object of domain controller "{0}".</summary>
    </member>
    <member name="P:System.SR.ServerObjectNameNotFound">
      <summary>Unable to obtain the distinguished name of the server object of domain controller "{0}".</summary>
    </member>
    <member name="P:System.SR.NtdsaObjectNameNotFound">
      <summary>Unable to obtain the distinguished name of the ntds settings object of domain controller "{0}".</summary>
    </member>
    <member name="P:System.SR.NtdsaObjectGuidNotFound">
      <summary>Unable to obtain the guid of the ntds settings object of domain controller "{0}".</summary>
    </member>
    <member name="P:System.SR.OnlyDomainOrForest">
      <summary>DirectoryContextType.Domain and DirectoryContextType.Forest are the only valid values for contextType when the name of the context is not specified.</summary>
    </member>
    <member name="P:System.SR.ServerShouldBeDC">
      <summary>The specified directory server must be an Active Directory domain controller.</summary>
    </member>
    <member name="P:System.SR.ServerShouldBeAI">
      <summary>The specified directory server must be an ADAM instance.</summary>
    </member>
    <member name="P:System.SR.CannotModifySacl">
      <summary>The system acl cannot be modified as it was not retrieved from the backend store.</summary>
    </member>
    <member name="P:System.SR.CannotModifyDacl">
      <summary>The discretionary acl cannot be modified as it was not retrieved from the backend store.</summary>
    </member>
    <member name="P:System.SR.ForestTrustCollision">
      <summary>A collision occurred in the forest trust relationship.</summary>
    </member>
    <member name="P:System.SR.ForestTrustDoesNotExist">
      <summary>A forest trust relationship does not exist between "{0}" and "{1}".</summary>
    </member>
    <member name="P:System.SR.DomainTrustDoesNotExist">
      <summary>A domain trust relationship does not exist between "{0}" and "{1}".</summary>
    </member>
    <member name="P:System.SR.WrongForestTrust">
      <summary>A forest trust relationship should not exist between "{0}" and "{1}".</summary>
    </member>
    <member name="P:System.SR.WrongTrustDirection">
      <summary>The trust relationship between "{0}" and "{1}" is not "{2}".</summary>
    </member>
    <member name="P:System.SR.NT4NotSupported">
      <summary>Trust relationship with Windows NT 4.0 domain not supported.</summary>
    </member>
    <member name="P:System.SR.KerberosNotSupported">
      <summary>Operation for Kerberos type trust not supported.</summary>
    </member>
    <member name="P:System.SR.DSPropertyListUnsupported">
      <summary>The provider does not support retrieval of the security descriptor in binary form.</summary>
    </member>
    <member name="P:System.SR.DSMultipleSDNotSupported">
      <summary>Multiple security descriptors for an object are not supported.</summary>
    </member>
    <member name="P:System.SR.DSSDNoValues">
      <summary>ntSecurityDescriptor property exists in cache, but has no values.</summary>
    </member>
    <member name="P:System.SR.ConnectionSourcServerShouldBeDC">
      <summary>Must be the name of an Active Directory domain controller.</summary>
    </member>
    <member name="P:System.SR.ConnectionSourcServerShouldBeADAM">
      <summary>Must be the name of an ADAM instance.</summary>
    </member>
    <member name="P:System.SR.ConnectionSourcServerSameForest">
      <summary>Must be in the same Active Directory forest as the name specified in the directory context.</summary>
    </member>
    <member name="P:System.SR.ConnectionSourcServerSameConfigSet">
      <summary>Must be in the same ADAM Configuration Set as the name specified in the directory context.</summary>
    </member>
    <member name="P:System.SR.TrustVerificationNotSupport">
      <summary>Trust verification not supported.</summary>
    </member>
    <member name="P:System.SR.OnlyAllowSingleDimension">
      <summary>Only single dimensional arrays are supported for the requested action.</summary>
    </member>
    <member name="P:System.SR.LessThanZero">
      <summary>Number was less than the array's lower bound in the first dimension.</summary>
    </member>
    <member name="P:System.SR.DestinationArrayNotLargeEnough">
      <summary>Destination array was not long enough. Check destIndex and length, and the array's lower bounds.</summary>
    </member>
    <member name="P:System.SR.NoNegativeTime">
      <summary>A negative value is not permitted for the replication interval.</summary>
    </member>
    <member name="P:System.SR.ReplicationIntervalExceedMax">
      <summary>The value exceeds the maximum allowed for replication interval.</summary>
    </member>
    <member name="P:System.SR.ReplicationIntervalInMinutes">
      <summary>The value can not be represented in whole minutes.</summary>
    </member>
    <member name="P:System.SR.TimespanExceedMax">
      <summary>The value exceeds the maximum allowed.</summary>
    </member>
    <member name="P:System.SR.DirectoryServices_PlatformNotSupported">
      <summary>System.DirectoryServices is not supported on this platform.</summary>
    </member>
  </members>
</doc>