<doc>
  <assembly>
    <name>System.Windows.Presentation</name>
  </assembly>
  <members>
    <member name="T:System.Windows.Threading.DispatcherExtensions">
      <summary>
        <see cref="T:System.Windows.Threading.Dispatcher" /> クラスを拡張する <see langword="static" /> メソッドのセットを提供します。</summary>
    </member>
    <member name="M:System.Windows.Threading.DispatcherExtensions.BeginInvoke(System.Windows.Threading.Dispatcher,System.Action)">
      <summary>指定した <see cref="T:System.Windows.Threading.Dispatcher" /> が作成されたスレッドで、指定したデリゲートを通常の優先順位で非同期的に実行します。</summary>
      <param name="dispatcher">デリゲートを実行するディスパッチャー。</param>
      <param name="action">実行するデリゲート。引数は受け取らず、値も返しません。</param>
      <exception cref="T:System.ArgumentNullException">
        <paramref name="action" /> が <see langword="null" />です。</exception>
      <returns>
        <see cref="T:System.IAsyncResult" /> 操作の結果を表す <see cref="M:System.Windows.Threading.DispatcherExtensions.BeginInvoke(System.Windows.Threading.Dispatcher,System.Action)" /> オブジェクト。</returns>
    </member>
    <member name="M:System.Windows.Threading.DispatcherExtensions.BeginInvoke(System.Windows.Threading.Dispatcher,System.Action,System.Windows.Threading.DispatcherPriority)">
      <summary>指定した <see cref="T:System.Windows.Threading.Dispatcher" /> が作成されたスレッドで、指定したデリゲートを指定した優先順位で非同期的に実行します。</summary>
      <param name="dispatcher">デリゲートを実行するディスパッチャー。</param>
      <param name="action">実行するデリゲート。引数は受け取らず、値も返しません。</param>
      <param name="priority">デリゲートの実行優先順位。これは、<see cref="T:System.Windows.Threading.Dispatcher" /> イベント キューにある保留中のその他の操作に対する優先順位です。</param>
      <exception cref="T:System.ArgumentNullException">
        <paramref name="action" /> が <see langword="null" />です。</exception>
      <exception cref="T:System.ComponentModel.InvalidEnumArgumentException">
        <paramref name="priority" /> は有効な <see cref="T:System.Windows.Threading.DispatcherPriority" /> ではありません。</exception>
      <returns>
        <see cref="T:System.IAsyncResult" /> 操作の結果を表す <see cref="M:System.Windows.Threading.DispatcherExtensions.BeginInvoke(System.Windows.Threading.Dispatcher,System.Action,System.Windows.Threading.DispatcherPriority)" /> オブジェクト。</returns>
    </member>
    <member name="M:System.Windows.Threading.DispatcherExtensions.Invoke(System.Windows.Threading.Dispatcher,System.Action)">
      <summary>指定した <see cref="T:System.Windows.Threading.Dispatcher" /> が作成されたスレッドで、指定したデリゲートを通常の優先順位で同期的に実行します。</summary>
      <param name="dispatcher">デリゲートを実行するディスパッチャー。</param>
      <param name="action">実行するデリゲート。引数は受け取らず、値も返しません。</param>
      <exception cref="T:System.ArgumentNullException">
        <paramref name="action" /> が <see langword="null" />です。</exception>
    </member>
    <member name="M:System.Windows.Threading.DispatcherExtensions.Invoke(System.Windows.Threading.Dispatcher,System.Action,System.TimeSpan)">
      <summary>指定した <see cref="T:System.Windows.Threading.Dispatcher" /> が作成されたスレッドで、指定したデリゲートを同期的に実行し、指定したタイムアウト時間が経過した後、実行を停止します。</summary>
      <param name="dispatcher">デリゲートを実行するディスパッチャー。</param>
      <param name="action">実行するデリゲート。引数は受け取らず、値も返しません。</param>
      <param name="timeout">操作が完了するまでの最大待機時間。</param>
      <exception cref="T:System.ArgumentNullException">
        <paramref name="action" /> が <see langword="null" />です。</exception>
      <exception cref="T:System.ArgumentException">
        <paramref name="priority" /> と <see cref="F:System.Windows.Threading.DispatcherPriority.Inactive" /> が等価です。</exception>
      <exception cref="T:System.ComponentModel.InvalidEnumArgumentException">
        <paramref name="priority" /> は有効な <see cref="T:System.Windows.Threading.DispatcherPriority" /> ではありません。</exception>
    </member>
    <member name="M:System.Windows.Threading.DispatcherExtensions.Invoke(System.Windows.Threading.Dispatcher,System.Action,System.TimeSpan,System.Windows.Threading.DispatcherPriority)">
      <summary>指定した <see cref="T:System.Windows.Threading.Dispatcher" /> が作成されたスレッドで、指定したデリゲートを指定した優先順位で同期的に実行し、指定したタイムアウト時間が経過した後、実行を停止します。</summary>
      <param name="dispatcher">デリゲートを実行するディスパッチャー。</param>
      <param name="action">実行するデリゲート。引数は受け取らず、値も返しません。</param>
      <param name="timeout">操作が完了するまでの最大待機時間。</param>
      <param name="priority">デリゲートの実行優先順位。これは、<see cref="T:System.Windows.Threading.Dispatcher" /> イベント キューにある保留中のその他の操作に対する優先順位です。</param>
      <exception cref="T:System.ArgumentNullException">
        <paramref name="action" /> が <see langword="null" />です。</exception>
      <exception cref="T:System.ArgumentException">
        <paramref name="priority" /> と <see cref="F:System.Windows.Threading.DispatcherPriority.Inactive" /> が等価です。</exception>
      <exception cref="T:System.ComponentModel.InvalidEnumArgumentException">
        <paramref name="priority" /> は有効な <see cref="T:System.Windows.Threading.DispatcherPriority" /> ではありません。</exception>
    </member>
    <member name="M:System.Windows.Threading.DispatcherExtensions.Invoke(System.Windows.Threading.Dispatcher,System.Action,System.Windows.Threading.DispatcherPriority)">
      <summary>指定した <see cref="T:System.Windows.Threading.Dispatcher" /> が作成されたスレッドで、指定したデリゲートを指定した優先順位で同期的に実行します。</summary>
      <param name="dispatcher">デリゲートを実行するディスパッチャー。</param>
      <param name="action">実行するデリゲート。引数は受け取らず、値も返しません。</param>
      <param name="priority">デリゲートの実行優先順位。これは、<see cref="T:System.Windows.Threading.Dispatcher" /> イベント キューにある保留中のその他の操作に対する優先順位です。</param>
      <exception cref="T:System.ArgumentNullException">
        <paramref name="action" /> が <see langword="null" />です。</exception>
      <exception cref="T:System.ArgumentException">
        <paramref name="priority" /> と <see cref="F:System.Windows.Threading.DispatcherPriority.Inactive" /> が等価です。</exception>
      <exception cref="T:System.ComponentModel.InvalidEnumArgumentException">
        <paramref name="priority" /> は有効な <see cref="T:System.Windows.Threading.DispatcherPriority" /> ではありません。</exception>
    </member>
    <member name="T:System.Windows.Threading.TaskExtensions">
      <summary>
        <see cref="T:System.Threading.Tasks.Task" /> クラスを拡張する <see langword="static" /> メソッドのセットを提供します。</summary>
    </member>
    <member name="M:System.Windows.Threading.TaskExtensions.DispatcherOperationWait(System.Threading.Tasks.Task)">
      <summary>基になる <see cref="T:System.Windows.Threading.DispatcherOperation" /> が完了するまで無期限に待機します。</summary>
      <param name="this">
        <see cref="T:System.Threading.Tasks.Task" /> に関連付けられている <see cref="T:System.Windows.Threading.DispatcherOperation" />。</param>
      <exception cref="T:System.NotSupportedException">
        <see cref="T:System.Threading.Tasks.Task" /> が <see cref="T:System.Windows.Threading.DispatcherOperation" /> に関連付けられていません。</exception>
      <returns>基になる <see cref="T:System.Windows.Threading.DispatcherOperation" /> のステータス。</returns>
    </member>
    <member name="M:System.Windows.Threading.TaskExtensions.DispatcherOperationWait(System.Threading.Tasks.Task,System.TimeSpan)">
      <summary>基になる <see cref="T:System.Windows.Threading.DispatcherOperation" /> が完了するまで、指定された時間待機します。</summary>
      <param name="this">
        <see cref="T:System.Threading.Tasks.Task" /> に関連付けられている <see cref="T:System.Windows.Threading.DispatcherOperation" />。</param>
      <param name="timeout">待機する時間。</param>
      <exception cref="T:System.NotSupportedException">
        <see cref="T:System.Threading.Tasks.Task" /> が <see cref="T:System.Windows.Threading.DispatcherOperation" /> に関連付けられていません。</exception>
      <returns>基になる <see cref="T:System.Windows.Threading.DispatcherOperation" /> のステータス。</returns>
    </member>
    <member name="M:System.Windows.Threading.TaskExtensions.IsDispatcherOperationTask(System.Threading.Tasks.Task)">
      <summary>この <see cref="T:System.Threading.Tasks.Task" /> が <see cref="T:System.Windows.Threading.DispatcherOperation" /> に関連付けられているかどうかを示す値を返します。</summary>
      <param name="this">確認対象の <see cref="T:System.Threading.Tasks.Task" />。</param>
      <returns>基になる <see cref="T:System.Windows.Threading.DispatcherOperation" /> のステータス。</returns>
    </member>
  </members>
</doc>