<doc>
  <assembly>
    <name>System.Windows.Forms.Primitives</name>
  </assembly>
  <members>
    <member name="T:System.Windows.Forms.Automation.AutomationLiveSetting">
      <summary>特定のライブ領域の通知特性について説明します。</summary>
    </member>
    <member name="F:System.Windows.Forms.Automation.AutomationLiveSetting.Assertive">
      <summary>ライブ領域の内容が変更された場合、要素により割り込み通知が送信されます。 この設定では、ライブ領域への変更を通知するために、UI オートメーション クライアントおよび支援技術によりユーザーの作業が中断されます。</summary>
    </member>
    <member name="F:System.Windows.Forms.Automation.AutomationLiveSetting.Off">
      <summary>ライブ領域の内容が変更された場合でも、要素が通知を送信することはありません。</summary>
    </member>
    <member name="F:System.Windows.Forms.Automation.AutomationLiveSetting.Polite">
      <summary>ライブ領域の内容が変更された場合、要素は非割り込み型の通知を送信します。 この設定では、ライブ領域への変更を通知するために、UI オートメーション クライアントおよび支援技術によってユーザーの作業が中断されることはありません。</summary>
    </member>
    <member name="T:System.Windows.Forms.Automation.AutomationNotificationKind">
      <summary>UI オートメーションの通知イベントが発生するときの、通知の種類を示します。</summary>
    </member>
    <member name="F:System.Windows.Forms.Automation.AutomationNotificationKind.ActionAborted">
      <summary>現在の要素には、操作が中止されたという通知が含まれています。</summary>
    </member>
    <member name="F:System.Windows.Forms.Automation.AutomationNotificationKind.ActionCompleted">
      <summary>現在の要素には、操作が完了したという通知が含まれています。</summary>
    </member>
    <member name="F:System.Windows.Forms.Automation.AutomationNotificationKind.ItemAdded">
      <summary>ユーザーに表示する必要がある内容が、現在の要素に追加されました。</summary>
    </member>
    <member name="F:System.Windows.Forms.Automation.AutomationNotificationKind.ItemRemoved">
      <summary>ユーザーに表示する必要がある内容が、現在の要素から削除されました。</summary>
    </member>
    <member name="F:System.Windows.Forms.Automation.AutomationNotificationKind.Other">
      <summary>現在の要素には、何かの追加や削除、または操作の完了や中止が原因ではない通知が含まれています。</summary>
    </member>
    <member name="T:System.Windows.Forms.Automation.AutomationNotificationProcessing">
      <summary>通知を処理する順序を指定します。</summary>
    </member>
    <member name="F:System.Windows.Forms.Automation.AutomationNotificationProcessing.All">
      <summary>これらの通知は、可能であればユーザーに表示する必要があります。 このソースからのすべての通知を、ユーザーに配信する必要があります。</summary>
    </member>
    <member name="F:System.Windows.Forms.Automation.AutomationNotificationProcessing.CurrentThenMostRecent">
      <summary>これらの通知は、可能であればユーザーに表示する必要があります。 この現在の通知には割り込みしないでください。 現在の通知が表示されているときに新しい通知が同じソースから発生している場合は、最も新しい通知を保持し、現在の処理が完了するまで残りは無視してください。 それから、現在のメッセージとして、最新のメッセージを使用します。</summary>
    </member>
    <member name="F:System.Windows.Forms.Automation.AutomationNotificationProcessing.ImportantAll">
      <summary>これらの通知は、できるだけ早くユーザーに表示する必要があります。 このソースからのすべての通知を、ユーザーに配信する必要があります。重要: このオプションはなるべく使用しないでください。ユーザーにすべての通知を配信すると、情報過多により混乱させる可能性があります。</summary>
    </member>
    <member name="F:System.Windows.Forms.Automation.AutomationNotificationProcessing.ImportantMostRecent">
      <summary>これらの通知は、できるだけ早くユーザーに表示する必要があります。 最新の通知は他のどの通知よりも優先されるため、このソースからの最新の通知をユーザーに配信する必要があります。</summary>
    </member>
    <member name="F:System.Windows.Forms.Automation.AutomationNotificationProcessing.MostRecent">
      <summary>これらの通知は、可能であればユーザーに表示する必要があります。 この現在の通知に割り込みしてください。</summary>
    </member>
    <member name="T:System.Windows.Forms.Automation.IAutomationLiveRegion">
      <summary>UI オートメーション ライブ領域のサポートを提供します。</summary>
    </member>
    <member name="P:System.Windows.Forms.Automation.IAutomationLiveRegion.LiveSetting">
      <summary>ライブ領域の通知特性を取得または設定します。</summary>
      <returns>ライブ領域の通知特性。</returns>
    </member>
    <member name="T:System.Windows.Forms.FileDialogCustomPlace">
      <summary>Windows Vista の <see cref="T:System.Windows.Forms.FileDialog" /> カスタム プレース コレクション内のエントリを表します。</summary>
    </member>
    <member name="M:System.Windows.Forms.FileDialogCustomPlace.#ctor(System.Guid)">
      <summary>Windows Vista の既知のフォルダーの GUID で表されるカスタム プレースで <see cref="T:System.Windows.Forms.FileDialogCustomPlace" /> クラスの新しいインスタンスを初期化します。</summary>
      <param name="knownFolderGuid">Windows Vista Known Folder を表す <see cref="T:System.Guid" />。</param>
    </member>
    <member name="M:System.Windows.Forms.FileDialogCustomPlace.#ctor(System.String)">
      <summary>
        <see cref="T:System.Windows.Forms.FileDialogCustomPlace" /> クラスの新しいインスタンスを初期化します。 カスタム プレースへの指定されたフォルダー パスを使用します。</summary>
      <param name="path">カスタム プレースへのフォルダー パス。</param>
    </member>
    <member name="M:System.Windows.Forms.FileDialogCustomPlace.ToString">
      <summary>この <see cref="T:System.Windows.Forms.FileDialogCustomPlace" /> インスタンスを表す文字列を返します。</summary>
      <returns>この <see cref="T:System.Windows.Forms.FileDialogCustomPlace" /> インスタンスを表す文字列。</returns>
    </member>
    <member name="P:System.Windows.Forms.FileDialogCustomPlace.KnownFolderGuid">
      <summary>Windows Vista のカスタム プレイス用既知のフォルダー GUID を取得または設定します。</summary>
      <returns>Windows Vista のカスタム プレイス用既知のフォルダーを示す <see cref="T:System.Guid" />。 フォルダー パスを使用してカスタム プレイスを指定すると、空の GUID が返されます。 使用可能な既知のフォルダーの一覧につい Windows Vista ては、「 ファイルダイアログボックスのカスタムプレースの既知のフォルダー guid 」または「Windows SDK の knownfolders ファイル」を参照してください。</returns>
    </member>
    <member name="P:System.Windows.Forms.FileDialogCustomPlace.Path">
      <summary>カスタム プレースへのフォルダー パスを取得または設定します。</summary>
      <returns>カスタム プレースへのフォルダー パス。 カスタム プレースが Windows Vista の既知のフォルダーの GUID で指定されていた場合は空の文字列が返されます。</returns>
    </member>
    <member name="T:System.Windows.Forms.FileDialogCustomPlacesCollection">
      <summary>
        <see cref="T:System.Windows.Forms.FileDialog" /> クラスの Windows Vista カスタム プレースのコレクションを表します。</summary>
    </member>
    <member name="M:System.Windows.Forms.FileDialogCustomPlacesCollection.#ctor">
      <summary>
        <see cref="T:System.Windows.Forms.FileDialogCustomPlacesCollection" /> クラスの新しいインスタンスを初期化します。</summary>
    </member>
    <member name="M:System.Windows.Forms.FileDialogCustomPlacesCollection.Add(System.Guid)">
      <summary>
        <see cref="T:System.Windows.Forms.FileDialogCustomPlacesCollection" /> コレクションにカスタム プレースを追加します。</summary>
      <param name="knownFolderGuid">Windows Vista Known Folder を表す <see cref="T:System.Guid" />。</param>
    </member>
    <member name="M:System.Windows.Forms.FileDialogCustomPlacesCollection.Add(System.String)">
      <summary>
        <see cref="T:System.Windows.Forms.FileDialogCustomPlacesCollection" /> コレクションにカスタム プレースを追加します。</summary>
      <param name="path">カスタム プレースへのフォルダー パス。</param>
    </member>
    <member name="T:System.Windows.Forms.HighDpiMode">
      <summary>アプリケーションに適用できるさまざまな高 DPI モードを指定します。</summary>
    </member>
    <member name="F:System.Windows.Forms.HighDpiMode.DpiUnaware">
      <summary>アプリケーション ウィンドウは DPI の変更に合わせて拡大縮小されず、常に 100% の倍率が想定されます。</summary>
    </member>
    <member name="F:System.Windows.Forms.HighDpiMode.DpiUnawareGdiScaled">
      <summary>
        <see cref="F:System.Windows.Forms.HighDpiMode.DpiUnaware" /> に似ていますが、GDI/GDI+ ベースのコンテンツの品質が向上します。</summary>
    </member>
    <member name="F:System.Windows.Forms.HighDpiMode.PerMonitor">
      <summary>このウィンドウでは、作成時に DPI が確認され、DPI が変化したときに倍率が調整されます。</summary>
    </member>
    <member name="F:System.Windows.Forms.HighDpiMode.PerMonitorV2">
      <summary>
        <see cref="F:System.Windows.Forms.HighDpiMode.PerMonitor" /> に似ていますが、子ウィンドウの DPI 変更通知、comctl32.dll コントロールの拡大縮小の改善、およびダイアログの拡大縮小を使用できます。</summary>
    </member>
    <member name="F:System.Windows.Forms.HighDpiMode.SystemAware">
      <summary>このウィンドウでは、プライマリ モニターの DPI が 1 回照会され、それがすべてのモニターのアプリケーションに対して使用されます。</summary>
    </member>
    <member name="T:System.Windows.Forms.Message">
      <summary>Windows メッセージを実装します。</summary>
    </member>
    <member name="M:System.Windows.Forms.Message.Create(System.IntPtr,System.Int32,System.IntPtr,System.IntPtr)">
      <summary>新しい <see cref="T:System.Windows.Forms.Message" /> を作成します。</summary>
      <param name="hWnd">メッセージのウィンドウ ハンドル。</param>
      <param name="msg">メッセージ ID。</param>
      <param name="wparam">メッセージの <paramref name="wparam" /> フィールド。</param>
      <param name="lparam">メッセージの <paramref name="lparam" /> フィールド。</param>
      <returns>作成されたメッセージを表す <see cref="T:System.Windows.Forms.Message" />。</returns>
    </member>
    <member name="M:System.Windows.Forms.Message.Equals(System.Object)">
      <summary>指定されたオブジェクトが現在のオブジェクトと等しいかどうかを判断します。</summary>
      <param name="o">現在のオブジェクトと比較するオブジェクト。</param>
      <returns>指定したオブジェクトが現在のオブジェクトと等しい場合は <see langword="true" />。それ以外の場合は <see langword="false" />です。</returns>
    </member>
    <member name="M:System.Windows.Forms.Message.GetHashCode">
      <summary>このインスタンスのハッシュ コードを返します。</summary>
      <returns>このインスタンスのハッシュ コードである 32 ビット符号付き整数。</returns>
    </member>
    <member name="M:System.Windows.Forms.Message.GetLParam(System.Type)">
      <summary>
        <see cref="P:System.Windows.Forms.Message.LParam" /> 値を取得し、取得した値をオブジェクトに変換します。</summary>
      <param name="cls">インスタンスの作成に使用する型。 この型は構造体型として宣言する必要があります。</param>
      <returns>メッセージの <see cref="T:System.Object" /> フィールドから取得したデータを保持している、<paramref name="cls" /> パラメーターで指定されたクラスのインスタンスを表す <see cref="P:System.Windows.Forms.Message.LParam" />。</returns>
    </member>
    <member name="M:System.Windows.Forms.Message.op_Equality(System.Windows.Forms.Message,System.Windows.Forms.Message)">
      <summary>
        <see cref="T:System.Windows.Forms.Message" /> の 2 つのインスタンスが等しいかどうかを確認します。</summary>
      <param name="a">
        <paramref name="b" /> と比較する <see cref="T:System.Windows.Forms.Message" />。</param>
      <param name="b">
        <paramref name="a" /> と比較する <see cref="T:System.Windows.Forms.Message" />。</param>
      <returns>
        <paramref name="a" /> と <paramref name="b" /> が同一の <see cref="T:System.Windows.Forms.Message" /> を表す場合は <see langword="true" />、同一ではない場合は <see langword="false" /> です。</returns>
    </member>
    <member name="M:System.Windows.Forms.Message.op_Inequality(System.Windows.Forms.Message,System.Windows.Forms.Message)">
      <summary>
        <see cref="T:System.Windows.Forms.Message" /> の 2 つのインスタンスが等しくないかどうかを確認します。</summary>
      <param name="a">
        <paramref name="b" /> と比較する <see cref="T:System.Windows.Forms.Message" />。</param>
      <param name="b">
        <paramref name="a" /> と比較する <see cref="T:System.Windows.Forms.Message" />。</param>
      <returns>
        <paramref name="a" /> と <paramref name="b" /> が同じ <see cref="T:System.Windows.Forms.Message" /> を表していない場合は <see langword="true" />。それ以外の場合は <see langword="false" />。</returns>
    </member>
    <member name="M:System.Windows.Forms.Message.ToString">
      <summary>現在の <see cref="T:System.Windows.Forms.Message" /> を表す <see cref="T:System.String" /> を返します。</summary>
      <returns>現在の <see cref="T:System.Windows.Forms.Message" /> を表す <see cref="T:System.String" />。</returns>
    </member>
    <member name="P:System.Windows.Forms.Message.HWnd">
      <summary>メッセージのウィンドウ ハンドルを取得または設定します。</summary>
      <returns>メッセージのウィンドウ ハンドル。</returns>
    </member>
    <member name="P:System.Windows.Forms.Message.LParam">
      <summary>メッセージの <see cref="P:System.Windows.Forms.Message.LParam" /> フィールドを指定します。</summary>
      <returns>メッセージの <see cref="P:System.Windows.Forms.Message.LParam" /> フィールド。</returns>
    </member>
    <member name="P:System.Windows.Forms.Message.Msg">
      <summary>メッセージの ID 番号を取得または設定します。</summary>
      <returns>メッセージの ID 番号。</returns>
    </member>
    <member name="P:System.Windows.Forms.Message.Result">
      <summary>メッセージの処理に応答して Windows に返される値を指定します。</summary>
      <returns>メッセージの戻り値。</returns>
    </member>
    <member name="P:System.Windows.Forms.Message.WParam">
      <summary>メッセージの <see cref="P:System.Windows.Forms.Message.WParam" /> フィールドを取得または設定します。</summary>
      <returns>メッセージの <see cref="P:System.Windows.Forms.Message.WParam" /> フィールド。</returns>
    </member>
    <member name="T:System.Windows.Forms.Padding">
      <summary>ユーザー インターフェイス (UI) 要素に関連付けられている埋め込みまたはマージンの情報を表します。</summary>
    </member>
    <member name="F:System.Windows.Forms.Padding.Empty">
      <summary>埋め込みなしの <see cref="T:System.Windows.Forms.Padding" /> オブジェクトを提供します。</summary>
    </member>
    <member name="M:System.Windows.Forms.Padding.#ctor(System.Int32)">
      <summary>指定されたすべての端の埋め込みサイズを使用して、<see cref="T:System.Windows.Forms.Padding" /> クラスの新しいインスタンスを初期化します。</summary>
      <param name="all">すべての端の埋め込みに使用するピクセル数。</param>
    </member>
    <member name="M:System.Windows.Forms.Padding.#ctor(System.Int32,System.Int32,System.Int32,System.Int32)">
      <summary>それぞれの端について個別の埋め込みサイズを指定して、<see cref="T:System.Windows.Forms.Padding" /> クラスの新しいインスタンスを初期化します。</summary>
      <param name="left">左端の埋め込みサイズ (ピクセル単位)。</param>
      <param name="top">上端の埋め込みサイズ (ピクセル単位)。</param>
      <param name="right">右端の埋め込みサイズ (ピクセル単位)。</param>
      <param name="bottom">下端の埋め込みサイズ (ピクセル単位)。</param>
    </member>
    <member name="M:System.Windows.Forms.Padding.Add(System.Windows.Forms.Padding,System.Windows.Forms.Padding)">
      <summary>指定した 2 つの <see cref="T:System.Windows.Forms.Padding" /> 値の合計を計算します。</summary>
      <param name="p1">
        <see cref="T:System.Windows.Forms.Padding" />。</param>
      <param name="p2">
        <see cref="T:System.Windows.Forms.Padding" />。</param>
      <returns>指定した 2 つの <see cref="T:System.Windows.Forms.Padding" /> 値の合計を格納している <see cref="T:System.Windows.Forms.Padding" />。</returns>
    </member>
    <member name="M:System.Windows.Forms.Padding.Equals(System.Object)">
      <summary>指定したオブジェクトの値が現在の <see cref="T:System.Windows.Forms.Padding" /> と同じであるかどうかを判断します。</summary>
      <param name="other">現在の <see cref="T:System.Windows.Forms.Padding" /> と比較するオブジェクトです。</param>
      <returns>
        <see cref="T:System.Windows.Forms.Padding" /> オブジェクトが同じ場合は <see langword="true" />。それ以外の場合は <see langword="false" />。</returns>
    </member>
    <member name="M:System.Windows.Forms.Padding.GetHashCode">
      <summary>現在の <see cref="T:System.Windows.Forms.Padding" /> のハッシュ コードを生成します。</summary>
      <returns>32 ビット符号付き整数ハッシュ コード。</returns>
    </member>
    <member name="M:System.Windows.Forms.Padding.op_Addition(System.Windows.Forms.Padding,System.Windows.Forms.Padding)">
      <summary>2 つの指定した <see cref="T:System.Windows.Forms.Padding" /> オブジェクトでベクター加算を実行して、新しい <see cref="T:System.Windows.Forms.Padding" /> を算出します。</summary>
      <param name="p1">最初に加算する <see cref="T:System.Windows.Forms.Padding" />。</param>
      <param name="p2">2 番目に加算する <see cref="T:System.Windows.Forms.Padding" />。</param>
      <returns>
        <paramref name="p1" /> と <paramref name="p2" /> の加算によって算出された新しい <see cref="T:System.Windows.Forms.Padding" />。</returns>
    </member>
    <member name="M:System.Windows.Forms.Padding.op_Equality(System.Windows.Forms.Padding,System.Windows.Forms.Padding)">
      <summary>指定した 2 つの <see cref="T:System.Windows.Forms.Padding" /> オブジェクトが等しいかどうかをテストします。</summary>
      <param name="p1">テスト対象の <see cref="T:System.Windows.Forms.Padding" />。</param>
      <param name="p2">テスト対象の <see cref="T:System.Windows.Forms.Padding" />。</param>
      <returns>2 つの <see cref="T:System.Windows.Forms.Padding" /> オブジェクトが等しい場合は <see langword="true" />。それ以外の場合は <see langword="false" />。</returns>
    </member>
    <member name="M:System.Windows.Forms.Padding.op_Inequality(System.Windows.Forms.Padding,System.Windows.Forms.Padding)">
      <summary>指定した 2 つの <see cref="T:System.Windows.Forms.Padding" /> オブジェクトが等しくないかどうかをテストします。</summary>
      <param name="p1">テスト対象の <see cref="T:System.Windows.Forms.Padding" />。</param>
      <param name="p2">テスト対象の <see cref="T:System.Windows.Forms.Padding" />。</param>
      <returns>2 つの <see cref="T:System.Windows.Forms.Padding" /> オブジェクトが異なる場合は <see langword="true" />。それ以外の場合は <see langword="false" />。</returns>
    </member>
    <member name="M:System.Windows.Forms.Padding.op_Subtraction(System.Windows.Forms.Padding,System.Windows.Forms.Padding)">
      <summary>2 つの指定した <see cref="T:System.Windows.Forms.Padding" /> オブジェクトでベクター減算を実行して、新しい <see cref="T:System.Windows.Forms.Padding" /> を算出します。</summary>
      <param name="p1">減算される <see cref="T:System.Windows.Forms.Padding" /> (被減数)。</param>
      <param name="p2">減算する <see cref="T:System.Windows.Forms.Padding" /> (減数)。</param>
      <returns>
        <paramref name="p2" /> から <paramref name="p1" /> を減算した結果の <see cref="T:System.Windows.Forms.Padding" />。</returns>
    </member>
    <member name="M:System.Windows.Forms.Padding.Subtract(System.Windows.Forms.Padding,System.Windows.Forms.Padding)">
      <summary>指定した <see cref="T:System.Windows.Forms.Padding" /> 値から、指定したもう 1 つの値を減算します。</summary>
      <param name="p1">
        <see cref="T:System.Windows.Forms.Padding" />。</param>
      <param name="p2">
        <see cref="T:System.Windows.Forms.Padding" />。</param>
      <returns>指定した <see cref="T:System.Windows.Forms.Padding" /> 値を、指定したもう 1 つの値から減算した結果を格納している <see cref="T:System.Windows.Forms.Padding" />。</returns>
    </member>
    <member name="M:System.Windows.Forms.Padding.ToString">
      <summary>現在の <see cref="T:System.Windows.Forms.Padding" /> を表す文字列を返します。</summary>
      <returns>現在の <see cref="T:System.Windows.Forms.Padding" /> を表す <see cref="T:System.String" />。</returns>
    </member>
    <member name="P:System.Windows.Forms.Padding.All">
      <summary>すべての端の埋め込み値を取得または設定します。</summary>
      <returns>すべての端の埋め込みが同じ場合は、ピクセル単位の埋め込み。それ以外の場合は -1。</returns>
    </member>
    <member name="P:System.Windows.Forms.Padding.Bottom">
      <summary>下端の埋め込み値を取得または設定します。</summary>
      <returns>下端の埋め込み (ピクセル単位)。</returns>
    </member>
    <member name="P:System.Windows.Forms.Padding.Horizontal">
      <summary>右端と左端の埋め込みの合計を取得します。</summary>
      <returns>
        <see cref="P:System.Windows.Forms.Padding.Left" /> と <see cref="P:System.Windows.Forms.Padding.Right" /> の各埋め込み値の合計をピクセル単位で取得します。</returns>
    </member>
    <member name="P:System.Windows.Forms.Padding.Left">
      <summary>左端の埋め込み値を取得または設定します。</summary>
      <returns>左端の埋め込み (ピクセル単位)。</returns>
    </member>
    <member name="P:System.Windows.Forms.Padding.Right">
      <summary>右端の埋め込み値を取得または設定します。</summary>
      <returns>右端の埋め込み (ピクセル単位)。</returns>
    </member>
    <member name="P:System.Windows.Forms.Padding.Size">
      <summary>埋め込み情報を <see cref="T:System.Drawing.Size" /> の形式で取得します。</summary>
      <returns>埋め込み情報を格納している <see cref="T:System.Drawing.Size" />。</returns>
    </member>
    <member name="P:System.Windows.Forms.Padding.Top">
      <summary>上端の埋め込み値を取得または設定します。</summary>
      <returns>上端の埋め込み (ピクセル単位)。</returns>
    </member>
    <member name="P:System.Windows.Forms.Padding.Vertical">
      <summary>上端と下端の埋め込みの合計を取得します。</summary>
      <returns>
        <see cref="P:System.Windows.Forms.Padding.Top" /> と <see cref="P:System.Windows.Forms.Padding.Bottom" /> の各埋め込み値の合計をピクセル単位で取得します。</returns>
    </member>
    <member name="T:System.Windows.Forms.PaddingConverter">
      <summary>
        <see cref="T:System.Windows.Forms.Padding" /> 値のさまざまな表現への変換や、その逆の変換を行う型コンバーターを提供します。</summary>
    </member>
    <member name="M:System.Windows.Forms.PaddingConverter.#ctor">
      <summary>
        <see cref="T:System.Windows.Forms.PaddingConverter" /> クラスの新しいインスタンスを初期化します。</summary>
    </member>
    <member name="M:System.Windows.Forms.PaddingConverter.CanConvertFrom(System.ComponentModel.ITypeDescriptorContext,System.Type)">
      <summary>コンバーターが特定の型のオブジェクトをコンバーターの型に変換できるかどうかを示す値を返します。</summary>
      <param name="context">書式指定コンテキストを提供する <see cref="T:System.ComponentModel.ITypeDescriptorContext" />。</param>
      <param name="sourceType">変換前の型を表す <see cref="T:System.Type" />。</param>
      <returns>このオブジェクトが変換を実行できる場合は <see langword="true" />、それ以外の場合は <see langword="false" /> です。</returns>
    </member>
    <member name="M:System.Windows.Forms.PaddingConverter.CanConvertTo(System.ComponentModel.ITypeDescriptorContext,System.Type)">
      <summary>このコンバーターが指定のコンテキストを使用して、オブジェクトを指定の型に変換できるかどうかを返します。</summary>
      <param name="context">形式コンテキスト。</param>
      <param name="destinationType">変換後の型。</param>
      <returns>コンバーターが変換を実行できる場合は <see langword="true" />。それ以外の場合は <see langword="false" />。</returns>
    </member>
    <member name="M:System.Windows.Forms.PaddingConverter.ConvertFrom(System.ComponentModel.ITypeDescriptorContext,System.Globalization.CultureInfo,System.Object)">
      <summary>指定したコンテキストとカルチャ情報を使用して、指定したオブジェクトをこのコンバーターの型に変換します。</summary>
      <param name="context">書式指定コンテキストを提供する <see cref="T:System.ComponentModel.ITypeDescriptorContext" />。</param>
      <param name="culture">現在のカルチャとして使用する <see cref="T:System.Globalization.CultureInfo" />。</param>
      <param name="value">変換対象の <see cref="T:System.Object" />。</param>
      <returns>変換後の値を表す <see cref="T:System.Object" />。</returns>
    </member>
    <member name="M:System.Windows.Forms.PaddingConverter.ConvertTo(System.ComponentModel.ITypeDescriptorContext,System.Globalization.CultureInfo,System.Object,System.Type)">
      <summary>指定したコンテキストとカルチャ情報を使用して、指定した値オブジェクトを指定した型に変換します。</summary>
      <param name="context">書式指定コンテキストを提供する <see cref="T:System.ComponentModel.ITypeDescriptorContext" />。</param>
      <param name="culture">
        <see cref="T:System.Globalization.CultureInfo" />。 null 値を渡すと、現在のカルチャが使用されます。</param>
      <param name="value">変換対象の <see cref="T:System.Object" />。</param>
      <param name="destinationType">値パラメーターを変換する <see cref="T:System.Type" />。</param>
      <returns>変換後の値を表す <see cref="T:System.Object" />。</returns>
    </member>
    <member name="M:System.Windows.Forms.PaddingConverter.CreateInstance(System.ComponentModel.ITypeDescriptorContext,System.Collections.IDictionary)">
      <summary>この <see cref="T:System.ComponentModel.TypeConverter" /> を関連付ける型のインスタンスを作成します。指定されたコンテキストと、与えられているオブジェクトのプロパティ値のセットを使用します。</summary>
      <param name="context">書式指定コンテキストを提供する <see cref="T:System.ComponentModel.ITypeDescriptorContext" />。</param>
      <param name="propertyValues">新しいプロパティ値の <see cref="T:System.Collections.IDictionary" />。</param>
      <returns>特定の <see cref="T:System.Collections.IDictionary" /> を表す <see cref="T:System.Object" />、またはオブジェクトを作成できない場合は <see langword="null" />。 このメソッドは常に <see langword="null" /> を返します。</returns>
    </member>
    <member name="M:System.Windows.Forms.PaddingConverter.GetCreateInstanceSupported(System.ComponentModel.ITypeDescriptorContext)">
      <summary>このオブジェクトの値を変更するときに、指定したコンテキストを使用して <see cref="M:System.ComponentModel.TypeConverter.CreateInstance(System.Collections.IDictionary)" /> を呼び出して、新しい値を作成する必要があるかどうかを返します。</summary>
      <param name="context">書式指定コンテキストを提供する <see cref="T:System.ComponentModel.ITypeDescriptorContext" />。</param>
      <returns>このオブジェクトのプロパティを変更するときに <see cref="M:System.ComponentModel.TypeConverter.CreateInstance(System.Collections.IDictionary)" /> を呼び出して新しい値を作成する必要がある場合は <see langword="true" />、必要がない場合は <see langword="false" />。</returns>
    </member>
    <member name="M:System.Windows.Forms.PaddingConverter.GetProperties(System.ComponentModel.ITypeDescriptorContext,System.Object,System.Attribute[])">
      <summary>指定されたコンテキストと属性を使用して、値パラメーターで指定された配列型のプロパティのコレクションを返します。</summary>
      <param name="context">書式指定コンテキストを提供する <see cref="T:System.ComponentModel.ITypeDescriptorContext" />。</param>
      <param name="value">プロパティを取得する対象となる配列の型を指定する <see cref="T:System.Object" />。</param>
      <param name="attributes">フィルターとして使用される <see cref="T:System.Attribute" /> 型の配列。</param>
      <returns>このデータ型について公開されているプロパティを持つ <see cref="T:System.ComponentModel.PropertyDescriptorCollection" />。または、プロパティがない場合は null。</returns>
    </member>
    <member name="M:System.Windows.Forms.PaddingConverter.GetPropertiesSupported(System.ComponentModel.ITypeDescriptorContext)">
      <summary>指定したコンテキストを使用して、このオブジェクトがプロパティをサポートするかどうかを返します。</summary>
      <param name="context">書式指定コンテキストを提供する <see cref="T:System.ComponentModel.ITypeDescriptorContext" />。</param>
      <returns>このオブジェクトのプロパティを見つけるために <see langword="true" /> を呼び出す必要がある場合は <see cref="Overload:System.ComponentModel.TypeConverter.GetProperties" />。それ以外の場合は <see langword="false" />。</returns>
    </member>
    <member name="T:System.Windows.Forms.ScreenOrientation">
      <summary>画面の角度を指定します。</summary>
    </member>
    <member name="F:System.Windows.Forms.ScreenOrientation.Angle0">
      <summary>画面の向きが 0 度です。</summary>
    </member>
    <member name="F:System.Windows.Forms.ScreenOrientation.Angle180">
      <summary>画面の向きが 180 度です。</summary>
    </member>
    <member name="F:System.Windows.Forms.ScreenOrientation.Angle270">
      <summary>画面の向きが 270 度です。</summary>
    </member>
    <member name="F:System.Windows.Forms.ScreenOrientation.Angle90">
      <summary>画面の向きが 90 度です。</summary>
    </member>
    <member name="T:System.Windows.Forms.VisualStyles.TextMetrics">
      <summary>visual スタイルで特定の要素に対して指定するフォントに関する基本的な情報を提供します。</summary>
    </member>
    <member name="P:System.Windows.Forms.VisualStyles.TextMetrics.Ascent">
      <summary>フォント文字のアセントを取得または設定します。</summary>
      <returns>フォント文字のアセント。</returns>
    </member>
    <member name="P:System.Windows.Forms.VisualStyles.TextMetrics.AverageCharWidth">
      <summary>フォントの平均文字幅を取得または設定します。</summary>
      <returns>フォントの平均文字幅。</returns>
    </member>
    <member name="P:System.Windows.Forms.VisualStyles.TextMetrics.BreakChar">
      <summary>テキストを両端揃えする場合に単語の分割の定義に使用する文字を取得または設定します。</summary>
      <returns>テキストを両端揃えする場合に単語の分割の定義に使用する文字。</returns>
    </member>
    <member name="P:System.Windows.Forms.VisualStyles.TextMetrics.CharSet">
      <summary>フォントの文字セットを取得または設定します。</summary>
      <returns>フォントの文字セットを指定する <see cref="T:System.Windows.Forms.VisualStyles.TextMetricsCharacterSet" /> 値の 1 つ。</returns>
    </member>
    <member name="P:System.Windows.Forms.VisualStyles.TextMetrics.DefaultChar">
      <summary>文字がフォントにない場合に代用する文字を取得または設定します。</summary>
      <returns>文字がフォントにない場合に代用する文字。</returns>
    </member>
    <member name="P:System.Windows.Forms.VisualStyles.TextMetrics.Descent">
      <summary>フォント文字のディセントを取得または設定します。</summary>
      <returns>フォント文字のディセント。</returns>
    </member>
    <member name="P:System.Windows.Forms.VisualStyles.TextMetrics.DigitizedAspectX">
      <summary>そのフォントのデザイン対象となったデバイスにおける水平アスペクトを取得または設定します。</summary>
      <returns>そのフォントのデザイン対象となったデバイスにおける水平アスペクト。</returns>
    </member>
    <member name="P:System.Windows.Forms.VisualStyles.TextMetrics.DigitizedAspectY">
      <summary>そのフォントのデザイン対象となったデバイスにおける垂直アスペクトを取得または設定します。</summary>
      <returns>そのフォントのデザイン対象となったデバイスにおける垂直アスペクト。</returns>
    </member>
    <member name="P:System.Windows.Forms.VisualStyles.TextMetrics.ExternalLeading">
      <summary>アプリケーションで行間に追加されるレディングの量を取得または設定します。</summary>
      <returns>行間に必要な追加のレディング (空白) の量。</returns>
    </member>
    <member name="P:System.Windows.Forms.VisualStyles.TextMetrics.FirstChar">
      <summary>フォントに定義されている最初の文字を取得または設定します。</summary>
      <returns>フォントに定義されている最初の文字。</returns>
    </member>
    <member name="P:System.Windows.Forms.VisualStyles.TextMetrics.Height">
      <summary>フォントの文字の高さを取得または設定します。</summary>
      <returns>フォントの文字の高さ。</returns>
    </member>
    <member name="P:System.Windows.Forms.VisualStyles.TextMetrics.InternalLeading">
      <summary>
        <see cref="P:System.Windows.Forms.VisualStyles.TextMetrics.Height" /> プロパティで設定された、境界線内部のレディングの量を取得または設定します。</summary>
      <returns>
        <see cref="P:System.Windows.Forms.VisualStyles.TextMetrics.Height" /> プロパティで設定された、境界線内部のレディングの量。</returns>
    </member>
    <member name="P:System.Windows.Forms.VisualStyles.TextMetrics.Italic">
      <summary>フォントが斜体かどうかを示す値を取得または設定します。</summary>
      <returns>フォントが斜体の場合は <see langword="true" />。それ以外の場合は <see langword="false" />。</returns>
    </member>
    <member name="P:System.Windows.Forms.VisualStyles.TextMetrics.LastChar">
      <summary>フォントに定義されている最後の文字を取得または設定します。</summary>
      <returns>フォントに定義されている最後の文字。</returns>
    </member>
    <member name="P:System.Windows.Forms.VisualStyles.TextMetrics.MaxCharWidth">
      <summary>フォントで幅が最も広い文字の幅を取得または設定します。</summary>
      <returns>フォントで幅が最も広い文字の幅。</returns>
    </member>
    <member name="P:System.Windows.Forms.VisualStyles.TextMetrics.Overhang">
      <summary>一部の合成フォントに追加される割り増しの幅を、文字列あたりで取得または設定します。</summary>
      <returns>一部の合成フォントに追加される、文字列あたりの割り増しの幅。</returns>
    </member>
    <member name="P:System.Windows.Forms.VisualStyles.TextMetrics.PitchAndFamily">
      <summary>物理フォントのピッチ、技術、およびファミリに関する情報を取得または設定します。</summary>
      <returns>物理フォントのピッチ、技術、およびファミリを指定する <see cref="T:System.Windows.Forms.VisualStyles.TextMetricsPitchAndFamilyValues" /> 値のビットごとの組み合わせ。</returns>
    </member>
    <member name="P:System.Windows.Forms.VisualStyles.TextMetrics.StruckOut">
      <summary>フォントで、文字上に水平線を引くように指定しているかどうかを示す値を取得または設定します。</summary>
      <returns>フォントで、文字上に水平線を引いている場合は <see langword="true" />。それ以外の場合は <see langword="false" />。</returns>
    </member>
    <member name="P:System.Windows.Forms.VisualStyles.TextMetrics.Underlined">
      <summary>フォントが下線付きかどうかを示す値を設定または取得します。</summary>
      <returns>フォントが下付きの場合は <see langword="true" />。それ以外の場合は <see langword="false" />。</returns>
    </member>
    <member name="P:System.Windows.Forms.VisualStyles.TextMetrics.Weight">
      <summary>フォントの太さを取得または設定します。</summary>
      <returns>フォントの太さ。</returns>
    </member>
    <member name="T:System.Windows.Forms.VisualStyles.TextMetricsCharacterSet">
      <summary>特定の要素に対して visual スタイルで指定された、フォントの文字セットを指定します。</summary>
    </member>
    <member name="F:System.Windows.Forms.VisualStyles.TextMetricsCharacterSet.Ansi">
      <summary>ANSI 文字セット。</summary>
    </member>
    <member name="F:System.Windows.Forms.VisualStyles.TextMetricsCharacterSet.Arabic">
      <summary>アラビア語文字セット。</summary>
    </member>
    <member name="F:System.Windows.Forms.VisualStyles.TextMetricsCharacterSet.Baltic">
      <summary>バルト諸語文字セット。</summary>
    </member>
    <member name="F:System.Windows.Forms.VisualStyles.TextMetricsCharacterSet.ChineseBig5">
      <summary>繁体字中国語文字セット。</summary>
    </member>
    <member name="F:System.Windows.Forms.VisualStyles.TextMetricsCharacterSet.Default">
      <summary>既定の文字セット。</summary>
    </member>
    <member name="F:System.Windows.Forms.VisualStyles.TextMetricsCharacterSet.EastEurope">
      <summary>東ヨーロッパ諸語文字セット。</summary>
    </member>
    <member name="F:System.Windows.Forms.VisualStyles.TextMetricsCharacterSet.Gb2312">
      <summary>Gb2312 簡体中国語文字セット。</summary>
    </member>
    <member name="F:System.Windows.Forms.VisualStyles.TextMetricsCharacterSet.Greek">
      <summary>ギリシャ語文字セット。</summary>
    </member>
    <member name="F:System.Windows.Forms.VisualStyles.TextMetricsCharacterSet.Hangul">
      <summary>ハングル (韓国語) 文字セット。</summary>
    </member>
    <member name="F:System.Windows.Forms.VisualStyles.TextMetricsCharacterSet.Hebrew">
      <summary>ヘブライ語文字セット。</summary>
    </member>
    <member name="F:System.Windows.Forms.VisualStyles.TextMetricsCharacterSet.Johab">
      <summary>Johab (韓国語) 文字セット。</summary>
    </member>
    <member name="F:System.Windows.Forms.VisualStyles.TextMetricsCharacterSet.Mac">
      <summary>Macintosh 文字セット。</summary>
    </member>
    <member name="F:System.Windows.Forms.VisualStyles.TextMetricsCharacterSet.Oem">
      <summary>OEM 文字セット。</summary>
    </member>
    <member name="F:System.Windows.Forms.VisualStyles.TextMetricsCharacterSet.Russian">
      <summary>ロシア語文字セット。</summary>
    </member>
    <member name="F:System.Windows.Forms.VisualStyles.TextMetricsCharacterSet.ShiftJis">
      <summary>シフト JIS (日本語) 文字セット。</summary>
    </member>
    <member name="F:System.Windows.Forms.VisualStyles.TextMetricsCharacterSet.Symbol">
      <summary>Symbol 文字セット。</summary>
    </member>
    <member name="F:System.Windows.Forms.VisualStyles.TextMetricsCharacterSet.Thai">
      <summary>タイ語文字セット。</summary>
    </member>
    <member name="F:System.Windows.Forms.VisualStyles.TextMetricsCharacterSet.Turkish">
      <summary>トルコ語文字セット。</summary>
    </member>
    <member name="F:System.Windows.Forms.VisualStyles.TextMetricsCharacterSet.Vietnamese">
      <summary>ベトナム語文字セット。</summary>
    </member>
    <member name="T:System.Windows.Forms.VisualStyles.TextMetricsPitchAndFamilyValues">
      <summary>特定の要素について visual スタイルにより指定されたフォントのピッチ、技術、およびファミリに関する情報を指定します。</summary>
    </member>
    <member name="F:System.Windows.Forms.VisualStyles.TextMetricsPitchAndFamilyValues.Device">
      <summary>フォントがデバイス フォントです。</summary>
    </member>
    <member name="F:System.Windows.Forms.VisualStyles.TextMetricsPitchAndFamilyValues.FixedPitch">
      <summary>この値を設定すると、フォントが可変ピッチ フォントになります。 値を設定しないと、フォントが固定ピッチ フォントになります。</summary>
    </member>
    <member name="F:System.Windows.Forms.VisualStyles.TextMetricsPitchAndFamilyValues.TrueType">
      <summary>フォントが TrueType フォントです。</summary>
    </member>
    <member name="F:System.Windows.Forms.VisualStyles.TextMetricsPitchAndFamilyValues.Vector">
      <summary>フォントがベクター フォントです。</summary>
    </member>
    <member name="T:System.Windows.Forms.VisualStyles.ThemeSizeType">
      <summary>取得する visual スタイル部品のサイズを指定します。</summary>
    </member>
    <member name="F:System.Windows.Forms.VisualStyles.ThemeSizeType.Draw">
      <summary>現在の visual スタイルが部品の描画に使用するサイズ。</summary>
    </member>
    <member name="F:System.Windows.Forms.VisualStyles.ThemeSizeType.Minimum">
      <summary>visual スタイル部品の最小サイズ。</summary>
    </member>
    <member name="F:System.Windows.Forms.VisualStyles.ThemeSizeType.True">
      <summary>利用可能な領域に最も適合する visual スタイル部品のサイズ。</summary>
    </member>
  </members>
</doc>