<doc>
  <assembly>
    <name>UIAutomationClientSideProviders</name>
  </assembly>
  <members>
    <member name="T:UIAutomationClientsideProviders.UIAutomationClientSideProviders">
      <summary>アプリケーションでクライアント側 UI Automation プロバイダーを検出できるようにします。</summary>
    </member>
    <member name="F:UIAutomationClientsideProviders.UIAutomationClientSideProviders.ClientSideProviderDescriptionTable">
      <summary>クライアント側 UI オートメーション プロバイダーに関する情報を提供します。</summary>
    </member>
  </members>
</doc>